date,pm2_5,pm10,carbon_monoxide,dust,temperature_2m,relative_humidity_2m,wind_speed_10m,wind_direction_10m,precipitation,surface_pressure,location,pm25_today,pm25_lag1,pm25_lag7,pm25_7d_mean,pm25_tomorrow,tomorrow_exceeds_37_5,day_of_week,month
2023-01-01,28.041666666666668,40.375,1588.5833333333333,0.0,21.095833333333335,72.20833333333333,4.2250000000000005,190.5,0.0,981.3791666666666,chiang_mai,28.041666666666668,,,,28.200000000000003,0,6,1
2023-01-02,28.200000000000003,40.56666666666667,1792.6666666666667,0.0,20.641666666666666,66.95833333333333,4.529166666666667,261.0,0.0,981.9166666666666,chiang_mai,28.200000000000003,28.041666666666668,,,21.95,0,0,1
2023-01-03,21.95,31.558333333333334,1381.875,0.0,20.2375,68.375,4.645833333333333,249.08333333333334,0.0,981.9250000000001,chiang_mai,21.95,28.200000000000003,,,26.1875,0,1,1
2023-01-04,26.1875,37.62916666666667,1475.75,0.0,21.504166666666666,72.625,4.379166666666666,259.75,0.0,981.25,chiang_mai,26.1875,21.95,,,24.454166666666666,0,2,1
2023-01-05,24.454166666666666,35.0625,1562.8333333333333,0.0,22.583333333333332,70.29166666666667,3.9875000000000003,252.375,0.0,980.8625000000001,chiang_mai,24.454166666666666,26.1875,,,16.158333333333335,0,3,1
2023-01-06,16.158333333333335,23.166666666666668,1001.2083333333334,0.0,22.212500000000002,62.041666666666664,6.354166666666667,230.25,0.0,981.7666666666668,chiang_mai,16.158333333333335,24.454166666666666,,,16.104166666666668,0,4,1
2023-01-07,16.104166666666668,23.016666666666666,856.6666666666666,0.0,20.820833333333333,52.666666666666664,8.7875,237.08333333333334,0.0,980.6083333333332,chiang_mai,16.104166666666668,16.158333333333335,,,24.1375,0,5,1
2023-01-08,24.1375,34.520833333333336,1491.4166666666667,0.0,19.441666666666666,64.0,4.683333333333334,237.16666666666666,0.0,979.5500000000001,chiang_mai,24.1375,16.104166666666668,28.041666666666668,23.013690476190476,28.145833333333332,0,6,1
2023-01-09,28.145833333333332,40.266666666666666,1714.5833333333333,0.0,20.8625,65.08333333333333,4.220833333333333,219.83333333333334,0.0,979.775,chiang_mai,28.145833333333332,24.1375,28.200000000000003,22.455952380952386,28.929166666666664,0,0,1
2023-01-10,28.929166666666664,41.420833333333334,1678.125,0.0,22.508333333333336,65.95833333333333,3.9125,219.95833333333334,0.0,978.0500000000001,chiang_mai,28.929166666666664,28.145833333333332,21.95,22.448214285714283,32.25416666666667,0,1,1
2023-01-11,32.25416666666667,46.17083333333333,1631.2083333333333,0.0,23.108333333333334,68.83333333333333,4.5249999999999995,189.70833333333334,0.8,976.1875,chiang_mai,32.25416666666667,28.929166666666664,26.1875,23.445238095238096,23.4875,0,2,1
2023-01-12,23.4875,33.67916666666667,1088.0416666666667,0.0,22.558333333333334,70.70833333333333,5.154166666666667,231.95833333333334,0.0,975.225,chiang_mai,23.4875,32.25416666666667,24.454166666666666,24.311904761904763,25.816666666666666,0,3,1
2023-01-13,25.816666666666666,36.96666666666667,1632.9166666666667,0.0,21.412499999999998,64.375,4.425,230.04166666666666,0.0,976.0124999999999,chiang_mai,25.816666666666666,23.4875,16.158333333333335,24.173809523809524,27.004166666666666,0,4,1
2023-01-14,27.004166666666666,38.63333333333333,1686.9166666666667,0.0,20.829166666666666,62.708333333333336,3.8958333333333335,249.375,0.0,974.7041666666668,chiang_mai,27.004166666666666,25.816666666666666,16.104166666666668,25.553571428571427,30.75,0,5,1
2023-01-15,30.75,44.04583333333333,1910.375,0.25,21.47083333333333,55.833333333333336,3.4499999999999997,223.54166666666666,0.0,974.8458333333333,chiang_mai,30.75,27.004166666666666,24.1375,27.110714285714288,28.650000000000002,0,6,1
2023-01-16,28.650000000000002,41.025,1595.5833333333333,0.0,20.875,56.166666666666664,4.0,251.04166666666666,0.0,976.2791666666667,chiang_mai,28.650000000000002,30.75,28.145833333333332,28.05535714285714,26.441666666666666,0,0,1
2023-01-17,26.441666666666666,37.887499999999996,1188.0416666666667,0.0,21.545833333333334,64.95833333333333,4.8999999999999995,236.125,0.0,977.7416666666667,chiang_mai,26.441666666666666,28.650000000000002,28.929166666666664,28.127380952380953,30.383333333333336,0,1,1
2023-01-18,30.383333333333336,43.550000000000004,1210.5416666666667,0.0,22.537499999999998,69.83333333333333,5.345833333333334,227.83333333333334,0.0,979.4041666666667,chiang_mai,30.383333333333336,26.441666666666666,32.25416666666667,27.77202380952381,29.349999999999998,0,2,1
2023-01-19,29.349999999999998,42.104166666666664,1422.0416666666667,0.0,22.27916666666667,68.79166666666667,5.4375,241.54166666666666,0.0,979.0916666666667,chiang_mai,29.349999999999998,30.383333333333336,23.4875,27.504761904761903,30.083333333333332,0,3,1
2023-01-20,30.083333333333332,43.12916666666666,1325.0416666666667,0.125,22.304166666666664,64.70833333333333,4.9624999999999995,222.91666666666666,0.0,978.9583333333334,chiang_mai,30.083333333333332,29.349999999999998,25.816666666666666,28.3422619047619,28.72083333333333,0,4,1
2023-01-21,28.72083333333333,41.17916666666667,1291.6666666666667,0.0,22.21666666666667,59.5,3.7083333333333335,242.125,0.0,978.0,chiang_mai,28.72083333333333,30.083333333333332,27.004166666666666,28.951785714285712,30.420833333333334,0,5,1
2023-01-22,30.420833333333334,43.574999999999996,1338.5833333333333,0.0,22.71666666666667,56.791666666666664,3.625,227.375,0.0,976.7458333333334,chiang_mai,30.420833333333334,28.72083333333333,30.75,29.19702380952381,29.816666666666666,0,6,1
2023-01-23,29.816666666666666,42.72083333333333,698.0416666666666,0.0,22.3625,58.666666666666664,3.1666666666666665,239.375,0.0,975.8291666666668,chiang_mai,29.816666666666666,30.420833333333334,28.650000000000002,29.150000000000002,34.42916666666667,0,0,1
2023-01-24,34.42916666666667,49.333333333333336,750.2083333333334,0.0,22.1375,59.041666666666664,5.7375,209.25,0.0,977.8583333333332,chiang_mai,34.42916666666667,29.816666666666666,26.441666666666666,29.316666666666666,33.391666666666666,0,1,1
2023-01-25,33.391666666666666,47.84166666666667,904.0416666666666,0.0,22.162499999999998,55.875,4.920833333333333,222.375,0.0,977.8874999999999,chiang_mai,33.391666666666666,34.42916666666667,30.383333333333336,30.457738095238092,30.383333333333336,0,2,1
2023-01-26,30.383333333333336,43.487500000000004,1156.625,0.0,22.25,58.541666666666664,4.791666666666667,219.83333333333334,0.0,976.8333333333334,chiang_mai,30.383333333333336,33.391666666666666,29.349999999999998,30.8875,37.24583333333333,0,3,1
2023-01-27,37.24583333333333,53.44166666666666,1512.125,0.0,22.712500000000002,62.5,4.0249999999999995,244.04166666666666,0.0,977.1708333333332,chiang_mai,37.24583333333333,30.383333333333336,30.083333333333332,31.035119047619048,30.3,0,4,1
2023-01-28,30.3,43.5625,1437.1666666666667,0.0,22.579166666666666,60.666666666666664,4.841666666666667,236.41666666666666,0.0,977.9833333333332,chiang_mai,30.3,37.24583333333333,28.72083333333333,32.05833333333333,35.62916666666667,0,5,1
2023-01-29,35.62916666666667,51.06666666666666,1934.625,0.0,21.53333333333333,63.708333333333336,3.9875000000000003,228.45833333333334,0.0,979.5749999999999,chiang_mai,35.62916666666667,30.3,30.420833333333334,32.283928571428575,44.4375,1,6,1
2023-01-30,44.4375,63.57916666666667,2430.0416666666665,0.0,20.266666666666666,61.708333333333336,5.0125,236.625,0.0,980.1875,chiang_mai,44.4375,35.62916666666667,29.816666666666666,33.02797619047619,44.62916666666666,1,0,1
2023-01-31,44.62916666666666,63.85833333333333,2413.3333333333335,0.0,21.2375,61.666666666666664,4.379166666666666,242.83333333333334,0.0,976.6791666666667,chiang_mai,44.62916666666666,44.4375,34.42916666666667,35.11666666666667,39.57083333333333,1,1,1
2023-02-01,39.57083333333333,56.645833333333336,1466.9166666666667,0.0,23.212500000000002,61.083333333333336,3.8249999999999997,230.20833333333334,0.0,975.0458333333332,chiang_mai,39.57083333333333,44.62916666666666,33.391666666666666,36.57380952380952,42.90833333333333,1,2,2
2023-02-02,42.90833333333333,61.5,1617.6666666666667,0.0,24.72083333333333,59.833333333333336,4.183333333333334,219.375,0.0,975.6625,chiang_mai,42.90833333333333,39.57083333333333,30.383333333333336,37.45654761904762,35.24583333333333,0,3,2
2023-02-03,35.24583333333333,50.77916666666667,1417.9583333333333,0.0,24.9875,59.208333333333336,5.654166666666666,221.75,0.0,975.5541666666667,chiang_mai,35.24583333333333,42.90833333333333,37.24583333333333,39.24583333333334,30.141666666666666,0,4,2
2023-02-04,30.141666666666666,43.604166666666664,943.2916666666666,0.0,26.0125,60.916666666666664,5.254166666666666,207.45833333333334,0.0,974.5416666666666,chiang_mai,30.141666666666666,35.24583333333333,30.3,38.960119047619045,25.945833333333336,0,5,2
2023-02-05,25.945833333333336,37.5375,935.75,0.0,25.945833333333336,67.45833333333333,5.354166666666667,193.58333333333334,0.0,973.9416666666666,chiang_mai,25.945833333333336,30.141666666666666,35.62916666666667,38.9375,19.845833333333335,0,6,2
2023-02-06,19.845833333333335,28.804166666666664,858.7083333333334,0.0,25.233333333333334,62.416666666666664,6.0125,195.5,0.0,973.9208333333332,chiang_mai,19.845833333333335,25.945833333333336,44.4375,37.55416666666667,17.766666666666666,0,0,2
2023-02-07,17.766666666666666,25.620833333333334,1271.0,0.0,24.40833333333333,50.541666666666664,6.679166666666667,214.04166666666666,0.0,974.0375,chiang_mai,17.766666666666666,19.845833333333335,44.62916666666666,34.04107142857143,23.28333333333333,0,1,2
2023-02-08,23.28333333333333,33.40416666666667,1362.375,0.0,22.59583333333333,52.375,5.345833333333334,244.5,0.0,974.5625,chiang_mai,23.28333333333333,17.766666666666666,39.57083333333333,30.20357142857143,26.741666666666664,0,2,2
2023-02-09,26.741666666666664,38.30416666666667,1690.2916666666667,0.0,22.891666666666666,53.25,4.166666666666667,224.75,0.0,974.8708333333334,chiang_mai,26.741666666666664,23.28333333333333,42.90833333333333,27.876785714285713,24.974999999999998,0,3,2
2023-02-10,24.974999999999998,35.78333333333333,1718.0416666666667,0.0,23.433333333333334,50.875,4.295833333333333,233.75,0.0,975.1,chiang_mai,24.974999999999998,26.741666666666664,35.24583333333333,25.567261904761903,24.175,0,4,2
2023-02-11,24.175,34.733333333333334,1580.875,0.0,22.683333333333334,52.541666666666664,5.3500000000000005,200.125,0.0,974.775,chiang_mai,24.175,24.974999999999998,30.141666666666666,24.099999999999998,26.90833333333333,0,5,2
2023-02-12,26.90833333333333,38.62083333333333,1465.9166666666667,0.0,23.504166666666666,52.541666666666664,4.483333333333333,247.16666666666666,0.0,975.0916666666667,chiang_mai,26.90833333333333,24.175,25.945833333333336,23.24761904761905,31.120833333333334,0,6,2
2023-02-13,31.120833333333334,44.64166666666667,617.875,0.0,24.125,46.0,4.445833333333334,217.875,0.0,975.1374999999999,chiang_mai,31.120833333333334,26.90833333333333,19.845833333333335,23.385119047619046,36.645833333333336,0,0,2
2023-02-14,36.645833333333336,52.57083333333333,620.4166666666666,0.0,23.995833333333334,46.083333333333336,4.620833333333334,227.41666666666666,0.0,975.3583333333332,chiang_mai,36.645833333333336,31.120833333333334,17.766666666666666,24.995833333333334,37.77916666666666,1,1,2
2023-02-15,37.77916666666666,54.375,597.25,0.0,24.125,55.5,7.0625,231.375,0.0,976.2541666666666,chiang_mai,37.77916666666666,36.645833333333336,23.28333333333333,27.69285714285714,31.245833333333334,0,2,2
2023-02-16,31.245833333333334,44.82916666666667,794.375,0.0,21.820833333333336,87.0,3.795833333333333,216.5,25.5,979.6333333333333,chiang_mai,31.245833333333334,37.77916666666666,26.741666666666664,29.763690476190476,23.170833333333334,0,3,2
2023-02-17,23.170833333333334,33.166666666666664,960.875,0.0,19.804166666666667,86.75,4.529166666666667,200.875,21.1,980.4791666666666,chiang_mai,23.170833333333334,31.245833333333334,24.974999999999998,30.407142857142855,25.920833333333334,0,4,2
2023-02-18,25.920833333333334,37.09583333333333,1552.4583333333333,0.0,21.916666666666668,77.75,4.029166666666667,221.375,0.0,978.6541666666667,chiang_mai,25.920833333333334,23.170833333333334,24.175,30.149404761904766,28.537499999999998,0,5,2
2023-02-19,28.537499999999998,40.887499999999996,2059.2916666666665,0.0,21.912499999999998,78.33333333333333,4.216666666666667,222.75,0.0,977.5791666666668,chiang_mai,28.537499999999998,25.920833333333334,26.90833333333333,30.398809523809522,39.170833333333334,1,6,2
2023-02-20,39.170833333333334,56.291666666666664,1901.125,0.0,23.079166666666666,71.58333333333333,6.204166666666667,254.95833333333334,0.0,977.1999999999999,chiang_mai,39.170833333333334,28.537499999999998,31.120833333333334,30.631547619047616,39.00833333333333,1,0,2
2023-02-21,39.00833333333333,56.28333333333333,1767.875,0.0,23.625,73.58333333333333,5.829166666666667,182.29166666666666,0.2,977.9875000000001,chiang_mai,39.00833333333333,39.170833333333334,36.645833333333336,31.78154761904762,36.079166666666666,0,1,2
2023-02-22,36.079166666666666,52.074999999999996,1735.875,0.375,24.0125,68.95833333333333,5.366666666666667,259.4583333333333,0.0,977.6999999999999,chiang_mai,36.079166666666666,39.00833333333333,37.77916666666666,32.11904761904761,37.30833333333333,0,2,2
2023-02-23,37.30833333333333,53.93333333333334,1589.9166666666667,0.375,24.066666666666666,66.66666666666667,4.379166666666666,229.0,0.0,976.8541666666666,chiang_mai,37.30833333333333,36.079166666666666,31.245833333333334,31.876190476190477,41.6,1,3,2
2023-02-24,41.6,59.92916666666667,1987.875,0.25,24.041666666666668,68.41666666666667,3.783333333333333,214.45833333333334,0.0,977.0041666666666,chiang_mai,41.6,37.30833333333333,23.170833333333334,32.742261904761904,41.56666666666667,1,4,2
2023-02-25,41.56666666666667,60.0,1794.25,0.0,23.625,71.16666666666667,6.108333333333333,204.5,0.6000000000000001,980.2666666666668,chiang_mai,41.56666666666667,41.6,25.920833333333334,35.375,33.225,0,5,2
2023-02-26,33.225,47.65416666666667,1597.9583333333333,0.0,24.008333333333336,57.25,6.425,166.75,0.0,983.4625,chiang_mai,33.225,41.56666666666667,28.537499999999998,37.610119047619044,37.06666666666667,0,6,2
2023-02-27,37.06666666666667,53.47083333333333,2119.375,0.0,21.954166666666666,66.25,4.879166666666666,259.3333333333333,0.0,982.975,chiang_mai,37.06666666666667,33.225,39.170833333333334,38.27976190476191,46.9375,1,0,2
2023-02-28,46.9375,67.70833333333333,2105.4583333333335,0.0,22.458333333333332,61.708333333333336,4.341666666666667,247.75,0.0,981.5583333333334,chiang_mai,46.9375,37.06666666666667,39.00833333333333,37.97916666666667,52.737500000000004,1,1,2
2023-03-01,52.737500000000004,75.82916666666667,1751.4166666666667,0.0,23.629166666666666,63.208333333333336,4.383333333333334,231.79166666666666,0.0,980.4375,chiang_mai,52.737500000000004,46.9375,36.079166666666666,39.11190476190477,52.44166666666666,1,2,3
2023-03-02,52.44166666666666,75.34166666666667,962.5416666666666,0.0,24.554166666666664,58.833333333333336,4.170833333333333,215.75,0.0,979.8708333333334,chiang_mai,52.44166666666666,52.737500000000004,37.30833333333333,41.491666666666674,40.354166666666664,1,3,3
2023-03-03,40.354166666666664,58.03333333333333,720.5,0.0,24.34583333333333,59.333333333333336,5.4875,238.95833333333334,0.0,980.4875000000001,chiang_mai,40.354166666666664,52.44166666666666,41.6,43.65357142857143,40.875,1,4,3
2023-03-04,40.875,58.93333333333334,647.375,0.0,24.275000000000002,64.66666666666667,5.566666666666666,234.41666666666666,0.0,981.3625000000001,chiang_mai,40.875,40.354166666666664,41.56666666666667,43.47559523809524,46.89166666666667,1,5,3
2023-03-05,46.89166666666667,67.925,751.0833333333334,0.0,24.3,61.5,4.433333333333334,241.33333333333334,0.0,980.9291666666667,chiang_mai,46.89166666666667,40.875,33.225,43.37678571428571,45.475,1,6,3
2023-03-06,45.475,65.77499999999999,953.9583333333334,0.0,24.65416666666667,60.166666666666664,4.5,218.45833333333334,0.0,979.2416666666667,chiang_mai,45.475,46.89166666666667,37.06666666666667,45.329166666666666,44.979166666666664,1,0,3
2023-03-07,44.979166666666664,64.89999999999999,1303.8333333333333,0.25,25.229166666666668,58.416666666666664,4.645833333333333,239.875,0.0,978.6041666666666,chiang_mai,44.979166666666664,45.475,46.9375,46.53035714285714,44.69166666666666,1,1,3
2023-03-08,44.69166666666666,64.39583333333333,1432.3333333333333,0.0,25.8625,59.375,4.425,236.58333333333334,0.0,978.1458333333334,chiang_mai,44.69166666666666,44.979166666666664,52.737500000000004,46.25059523809524,50.50833333333333,1,2,3
2023-03-09,50.50833333333333,72.60000000000001,1706.6666666666667,0.0,26.183333333333334,59.333333333333336,5.083333333333333,253.875,0.0,976.9875000000001,chiang_mai,50.50833333333333,44.69166666666666,52.44166666666666,45.101190476190474,46.43333333333334,1,3,3
2023-03-10,46.43333333333334,66.92083333333333,796.875,0.0,27.099999999999998,57.583333333333336,4.345833333333333,217.91666666666666,0.0,976.35,chiang_mai,46.43333333333334,50.50833333333333,40.354166666666664,44.824999999999996,51.82083333333333,1,4,3
2023-03-11,51.82083333333333,74.39166666666667,984.0,0.0,27.425,60.958333333333336,3.0541666666666667,242.0,0.0,976.1750000000001,chiang_mai,51.82083333333333,46.43333333333334,40.875,45.69345238095239,64.52916666666667,1,5,3
2023-03-12,64.52916666666667,92.60000000000001,1213.125,0.0,27.054166666666664,58.458333333333336,3.8833333333333333,254.25,0.0,976.4625,chiang_mai,64.52916666666667,51.82083333333333,46.89166666666667,47.25714285714286,60.15416666666667,1,6,3
2023-03-13,60.15416666666667,86.40416666666665,1395.4166666666667,0.0,22.25,82.54166666666667,4.933333333333334,218.75,12.1,979.3333333333334,chiang_mai,60.15416666666667,64.52916666666667,45.475,49.776785714285715,57.975,1,0,3
2023-03-14,57.975,83.35416666666667,1923.0,0.0,23.145833333333332,77.29166666666667,5.191666666666666,208.20833333333334,0.1,976.75,chiang_mai,57.975,60.15416666666667,44.979166666666664,51.87380952380953,45.35833333333333,1,1,3
2023-03-15,45.35833333333333,65.24583333333334,1742.25,0.0,24.233333333333334,74.08333333333333,4.220833333333333,216.41666666666666,0.0,975.5541666666667,chiang_mai,45.35833333333333,57.975,44.69166666666666,53.730357142857144,33.858333333333334,0,2,3
2023-03-16,33.858333333333334,48.80833333333334,1665.4166666666667,0.125,24.325,75.5,4.2250000000000005,264.4583333333333,0.4,976.9083333333333,chiang_mai,33.858333333333334,45.35833333333333,50.50833333333333,53.82559523809523,44.19583333333333,1,3,3
2023-03-17,44.19583333333333,63.57916666666667,1416.4583333333333,0.125,25.254166666666666,71.41666666666667,4.383333333333334,270.5,0.0,976.5291666666667,chiang_mai,44.19583333333333,33.858333333333334,46.43333333333334,51.447023809523806,38.666666666666664,1,4,3
2023-03-18,38.666666666666664,55.604166666666664,1473.625,0.0,26.358333333333334,64.70833333333333,4.966666666666667,253.91666666666666,0.0,975.0166666666668,chiang_mai,38.666666666666664,44.19583333333333,51.82083333333333,51.12738095238095,39.041666666666664,1,5,3
2023-03-19,39.041666666666664,56.09583333333333,1420.2083333333333,0.0,26.804166666666664,62.666666666666664,5.008333333333334,222.125,0.1,974.0916666666667,chiang_mai,39.041666666666664,38.666666666666664,64.52916666666667,49.24821428571429,29.65833333333333,0,6,3
2023-03-20,29.65833333333333,42.90416666666667,1111.5416666666667,0.0,26.045833333333334,68.58333333333333,4.291666666666667,244.45833333333334,2.9,973.8583333333332,chiang_mai,29.65833333333333,39.041666666666664,60.15416666666667,45.607142857142854,26.724999999999998,0,0,3
2023-03-21,26.724999999999998,38.74166666666667,1422.5,0.0,26.3125,70.375,3.129166666666667,227.625,0.0,973.2125,chiang_mai,26.724999999999998,29.65833333333333,57.975,41.25059523809524,20.966666666666665,0,1,3
2023-03-22,20.966666666666665,30.34583333333333,1443.625,0.125,26.991666666666664,60.375,6.05,226.45833333333334,0.30000000000000004,971.5833333333334,chiang_mai,20.966666666666665,26.724999999999998,45.35833333333333,36.78630952380952,19.204166666666666,0,2,3
2023-03-23,19.204166666666666,27.96666666666667,1154.9583333333333,0.25,27.608333333333334,50.333333333333336,6.745833333333334,199.0,0.1,971.2541666666666,chiang_mai,19.204166666666666,20.966666666666665,33.858333333333334,33.301785714285714,20.208333333333332,0,3,3
2023-03-24,20.208333333333332,29.412499999999998,1258.1666666666667,0.25,28.116666666666664,48.458333333333336,5.175,178.33333333333334,0.0,972.4041666666667,chiang_mai,20.208333333333332,19.204166666666666,44.19583333333333,31.208333333333332,27.84583333333333,0,4,3
2023-03-25,27.84583333333333,40.35,1485.875,0.375,27.666666666666668,51.666666666666664,5.233333333333333,190.75,0.0,972.9166666666666,chiang_mai,27.84583333333333,20.208333333333332,38.666666666666664,27.78154761904762,29.037499999999998,0,5,3
2023-03-26,29.037499999999998,42.041666666666664,1420.625,0.375,27.941666666666666,54.625,4.833333333333333,164.95833333333334,0.0,972.2333333333332,chiang_mai,29.037499999999998,27.84583333333333,39.041666666666664,26.235714285714288,29.71666666666667,0,6,3
2023-03-27,29.71666666666667,42.99583333333333,1303.2083333333333,0.375,27.78333333333333,53.041666666666664,5.2250000000000005,207.125,0.0,972.4291666666667,chiang_mai,29.71666666666667,29.037499999999998,29.65833333333333,24.806547619047617,32.71666666666666,0,0,3
2023-03-28,32.71666666666666,47.208333333333336,1276.7083333333333,0.125,28.041666666666668,45.916666666666664,6.762499999999999,177.04166666666666,0.0,973.35,chiang_mai,32.71666666666666,29.71666666666667,26.724999999999998,24.81488095238095,55.04583333333333,1,1,3
2023-03-29,55.04583333333333,79.19166666666666,702.9166666666666,0.5,27.625,47.791666666666664,7.529166666666666,195.91666666666666,0.0,974.0041666666666,chiang_mai,55.04583333333333,32.71666666666666,20.966666666666665,25.67083333333333,70.32083333333334,1,2,3
2023-03-30,70.32083333333334,101.07916666666667,822.6666666666666,0.7083333333333334,27.645833333333332,50.458333333333336,4.6875,211.16666666666666,0.0,972.4958333333334,chiang_mai,70.32083333333334,55.04583333333333,19.204166666666666,30.53928571428571,48.041666666666664,1,3,3
2023-03-31,48.041666666666664,69.44166666666668,613.5,0.75,28.320833333333336,48.916666666666664,5.425,222.41666666666666,0.0,972.5749999999999,chiang_mai,48.041666666666664,70.32083333333334,20.208333333333332,37.84166666666666,46.99166666666667,1,4,3
2023-04-01,46.99166666666667,67.91666666666667,645.0,0.5,28.179166666666664,51.375,6.320833333333333,227.58333333333334,0.0,971.9041666666667,chiang_mai,46.99166666666667,48.041666666666664,27.84583333333333,41.817857142857136,29.96666666666667,0,5,4
2023-04-02,29.96666666666667,43.475,494.6666666666667,0.5,28.258333333333336,50.125,6.8374999999999995,183.33333333333334,0.0,971.5166666666668,chiang_mai,29.96666666666667,46.99166666666667,29.037499999999998,44.552976190476194,24.383333333333336,0,6,4
2023-04-03,24.383333333333336,35.6,432.4583333333333,0.5416666666666666,28.058333333333334,48.958333333333336,6.295833333333333,176.875,0.0,971.25,chiang_mai,24.383333333333336,29.96666666666667,29.71666666666667,44.68571428571429,26.97083333333333,0,0,4
2023-04-04,26.97083333333333,39.329166666666666,470.25,0.75,28.445833333333336,48.583333333333336,5.745833333333334,178.79166666666666,0.0,971.2791666666667,chiang_mai,26.97083333333333,24.383333333333336,32.71666666666666,43.92380952380953,35.862500000000004,0,1,4
2023-04-05,35.862500000000004,52.0375,533.0416666666666,0.375,28.075,48.291666666666664,4.75,229.58333333333334,0.0,971.6750000000001,chiang_mai,35.862500000000004,26.97083333333333,55.04583333333333,43.102976190476184,45.699999999999996,1,2,4
2023-04-06,45.699999999999996,65.82916666666667,683.7916666666666,0.375,29.229166666666668,41.708333333333336,4.254166666666666,188.66666666666666,0.0,972.7458333333334,chiang_mai,45.699999999999996,35.862500000000004,70.32083333333334,40.362500000000004,52.762499999999996,1,3,4
2023-04-07,52.762499999999996,76.02499999999999,750.0833333333334,0.375,30.420833333333334,42.083333333333336,5.545833333333333,184.125,0.0,973.7666666666668,chiang_mai,52.762499999999996,45.699999999999996,48.041666666666664,36.845238095238095,45.85,1,4,4
2023-04-08,45.85,66.3125,700.0,0.375,30.954166666666666,43.375,5.516666666666667,232.625,0.0,975.4625,chiang_mai,45.85,52.762499999999996,46.99166666666667,37.519642857142856,36.487500000000004,0,5,4
2023-04-09,36.487500000000004,53.020833333333336,649.9583333333334,0.25,31.1375,40.708333333333336,6.466666666666666,175.08333333333334,0.0,975.4375,chiang_mai,36.487500000000004,45.85,29.96666666666667,37.35654761904762,28.879166666666666,0,6,4
2023-04-10,28.879166666666666,41.887499999999996,557.3333333333334,0.375,30.104166666666668,48.041666666666664,6.4375,217.33333333333334,0.0,973.7708333333334,chiang_mai,28.879166666666666,36.487500000000004,24.383333333333336,38.28809523809524,34.9625,0,0,4
2023-04-11,34.9625,50.550000000000004,585.4166666666666,0.375,30.066666666666666,46.791666666666664,5.429166666666667,216.20833333333334,0.0,972.775,chiang_mai,34.9625,28.879166666666666,26.97083333333333,38.93035714285714,46.38333333333333,1,1,4
2023-04-12,46.38333333333333,66.6875,707.4583333333334,0.25,30.558333333333334,45.291666666666664,4.8625,223.625,0.0,972.0083333333333,chiang_mai,46.38333333333333,34.9625,35.862500000000004,40.072023809523806,39.2125,1,2,4
2023-04-13,39.2125,56.604166666666664,627.5833333333334,0.25,30.65416666666667,49.291666666666664,5.7375,211.25,0.0,971.5416666666666,chiang_mai,39.2125,46.38333333333333,45.699999999999996,41.574999999999996,29.395833333333332,0,3,4
2023-04-14,29.395833333333332,42.56666666666667,707.3333333333334,0.25,30.670833333333334,48.166666666666664,5.258333333333334,206.29166666666666,0.0,971.525,chiang_mai,29.395833333333332,39.2125,52.762499999999996,40.64821428571429,39.50416666666667,1,4,4
2023-04-15,39.50416666666667,56.862500000000004,1024.5833333333333,0.25,31.775000000000002,41.375,4.545833333333333,189.5,0.0,971.4625,chiang_mai,39.50416666666667,29.395833333333332,45.85,37.31011904761905,39.96666666666667,1,5,4
2023-04-16,39.96666666666667,57.8125,629.2083333333334,0.375,31.0125,48.041666666666664,5.820833333333333,172.875,0.0,970.7583333333333,chiang_mai,39.96666666666667,39.50416666666667,36.487500000000004,36.40357142857143,33.233333333333334,0,6,4
2023-04-17,33.233333333333334,48.19583333333333,542.8333333333334,0.0,31.125,45.291666666666664,4.708333333333333,190.70833333333334,0.0,971.9333333333334,chiang_mai,33.233333333333334,39.96666666666667,28.879166666666666,36.90059523809524,31.683333333333334,0,0,4
2023-04-18,31.683333333333334,45.86666666666667,607.25,0.125,30.879166666666666,48.375,5.929166666666667,212.5,0.0,972.0583333333334,chiang_mai,31.683333333333334,33.233333333333334,34.9625,37.52261904761905,34.0375,0,1,4
2023-04-19,34.0375,49.19583333333333,528.0416666666666,0.0,31.787499999999998,46.916666666666664,4.333333333333333,218.25,0.1,969.7333333333332,chiang_mai,34.0375,31.683333333333334,46.38333333333333,37.05416666666667,36.204166666666666,0,2,4
2023-04-20,36.204166666666666,52.50833333333333,492.2916666666667,0.25,30.958333333333332,51.875,5.054166666666666,196.58333333333334,0.4,968.3541666666666,chiang_mai,36.204166666666666,34.0375,39.2125,35.29047619047619,34.604166666666664,0,3,4
2023-04-21,34.604166666666664,50.541666666666664,449.9166666666667,0.375,30.4875,51.208333333333336,5.5625,166.16666666666666,0.2,969.2624999999999,chiang_mai,34.604166666666664,36.204166666666666,29.395833333333332,34.86071428571429,40.09166666666667,1,4,4
2023-04-22,40.09166666666667,58.55416666666667,453.9583333333333,0.375,30.1875,50.5,5.108333333333333,203.95833333333334,0.0,970.2916666666666,chiang_mai,40.09166666666667,34.604166666666664,39.50416666666667,35.6047619047619,32.074999999999996,0,5,4
2023-04-23,32.074999999999996,47.17916666666667,427.75,0.5,29.96666666666667,52.5,5.4624999999999995,239.33333333333334,0.0,972.2166666666667,chiang_mai,32.074999999999996,40.09166666666667,39.96666666666667,35.68869047619047,31.425,0,6,4
2023-04-24,31.425,46.38333333333333,658.5,0.125,28.945833333333336,59.375,4.683333333333334,172.95833333333334,2.1,975.1166666666667,chiang_mai,31.425,32.074999999999996,33.233333333333334,34.56130952380953,30.02916666666667,0,0,4
2023-04-25,30.02916666666667,44.27916666666667,1209.5416666666667,0.375,30.75,49.875,5.283333333333333,210.25,0.0,973.025,chiang_mai,30.02916666666667,31.425,31.683333333333334,34.30297619047619,30.145833333333332,0,1,4
2023-04-26,30.145833333333332,44.03333333333333,1146.0416666666667,0.25,29.34166666666667,58.583333333333336,6.695833333333333,208.41666666666666,2.6999999999999997,973.4666666666667,chiang_mai,30.145833333333332,30.02916666666667,34.0375,34.06666666666667,33.141666666666666,0,2,4
2023-04-27,33.141666666666666,47.7875,731.125,0.0,29.120833333333334,62.5,6.1875,208.91666666666666,0.2,974.2458333333334,chiang_mai,33.141666666666666,30.145833333333332,36.204166666666666,33.510714285714286,23.55,0,3,4
2023-04-28,23.55,34.4625,870.75,0.0,30.9875,53.708333333333336,6.304166666666667,194.66666666666666,0.0,973.0124999999999,chiang_mai,23.55,33.141666666666666,34.604166666666664,33.073214285714286,19.495833333333334,0,4,4
2023-04-29,19.495833333333334,28.608333333333334,690.125,0.0,31.795833333333334,43.166666666666664,6.941666666666666,149.70833333333334,0.0,971.7666666666668,chiang_mai,19.495833333333334,23.55,40.09166666666667,31.49404761904762,26.125,0,5,4
2023-04-30,26.125,38.170833333333334,607.25,0.0,29.9875,53.25,8.591666666666667,170.0,1.2,972.7541666666666,chiang_mai,26.125,19.495833333333334,32.074999999999996,28.551785714285717,26.816666666666666,0,6,4
2023-05-01,26.816666666666666,38.67916666666667,531.5,0.0,28.383333333333336,62.791666666666664,4.625,200.83333333333334,0.3,974.1625,chiang_mai,26.816666666666666,26.125,31.425,27.701785714285716,22.5625,0,0,5
2023-05-02,22.5625,32.65416666666667,540.875,0.0,28.97083333333333,65.58333333333333,5.7749999999999995,211.125,2.7,974.3916666666668,chiang_mai,22.5625,26.816666666666666,30.02916666666667,27.04345238095238,25.96666666666667,0,1,5
2023-05-03,25.96666666666667,37.729166666666664,445.2083333333333,0.0,28.245833333333334,71.54166666666667,4.645833333333333,184.29166666666666,0.8,975.2166666666667,chiang_mai,25.96666666666667,22.5625,30.145833333333332,25.976785714285715,26.066666666666666,0,2,5
2023-05-04,26.066666666666666,37.81666666666667,453.0833333333333,0.0,30.058333333333334,63.041666666666664,4.029166666666667,203.91666666666666,0.1,972.625,chiang_mai,26.066666666666666,25.96666666666667,33.141666666666666,25.379761904761903,22.270833333333332,0,3,5
2023-05-05,22.270833333333332,32.52916666666667,438.7916666666667,0.0,31.224999999999998,59.291666666666664,4.9750000000000005,200.33333333333334,0.0,969.4708333333333,chiang_mai,22.270833333333332,26.066666666666666,23.55,24.36904761904762,15.549999999999999,0,4,5
2023-05-06,15.549999999999999,22.78333333333333,396.1666666666667,0.0,32.44583333333333,52.458333333333336,5.179166666666666,174.125,0.0,968.2708333333334,chiang_mai,15.549999999999999,22.270833333333332,19.495833333333334,24.186309523809523,15.3125,0,5,5
2023-05-07,15.3125,22.333333333333332,378.6666666666667,0.0,32.65,54.333333333333336,4.479166666666667,212.04166666666666,0.0,968.1125000000001,chiang_mai,15.3125,15.549999999999999,26.125,23.622619047619047,23.054166666666664,0,6,5
2023-05-08,23.054166666666664,33.425000000000004,423.125,0.0,30.362499999999997,67.5,5.754166666666666,201.79166666666666,22.8,969.9666666666667,chiang_mai,23.054166666666664,15.3125,26.816666666666666,22.07797619047619,21.008333333333333,0,0,5
2023-05-09,21.008333333333333,30.570833333333336,384.25,0.0,29.320833333333336,69.75,4.829166666666667,167.33333333333334,1.6,972.3458333333333,chiang_mai,21.008333333333333,23.054166666666664,22.5625,21.54047619047619,18.829166666666666,0,1,5
2023-05-10,18.829166666666666,27.40416666666667,395.0416666666667,0.0,28.8,68.20833333333333,5.479166666666667,182.91666666666666,14.399999999999999,973.0166666666668,chiang_mai,18.829166666666666,21.008333333333333,25.96666666666667,21.31845238095238,15.6625,0,2,5
2023-05-11,15.6625,22.53333333333333,521.4166666666666,0.0,28.679166666666664,67.95833333333333,4.25,204.375,0.6,974.2333333333332,chiang_mai,15.6625,18.829166666666666,26.066666666666666,20.29880952380952,18.037499999999998,0,3,5
2023-05-12,18.037499999999998,25.820833333333336,922.375,0.0,26.454166666666666,79.875,4.8374999999999995,246.875,1.7000000000000002,974.4833333333332,chiang_mai,18.037499999999998,15.6625,22.270833333333332,18.8125,9.345833333333333,0,4,5
2023-05-13,9.345833333333333,13.424999999999999,449.125,0.0,25.479166666666668,86.79166666666667,4.970833333333333,205.95833333333334,50.5,974.2125,chiang_mai,9.345833333333333,18.037499999999998,15.549999999999999,18.207738095238092,10.458333333333334,0,5,5
2023-05-14,10.458333333333334,15.65,422.0833333333333,0.0,25.358333333333334,85.33333333333333,6.033333333333334,223.58333333333334,12.2,973.0,chiang_mai,10.458333333333334,9.345833333333333,15.3125,17.321428571428573,11.575000000000001,0,6,5
2023-05-15,11.575000000000001,16.8125,546.9166666666666,0.0,25.608333333333334,84.16666666666667,7.075,189.5,12.899999999999999,973.1041666666666,chiang_mai,11.575000000000001,10.458333333333334,23.054166666666664,16.62797619047619,19.029166666666665,0,0,5
2023-05-16,19.029166666666665,28.3,1037.375,0.375,26.520833333333332,80.54166666666667,4.075,183.45833333333334,0.30000000000000004,974.1166666666667,chiang_mai,19.029166666666665,11.575000000000001,21.008333333333333,14.988095238095239,23.09583333333333,0,1,5
2023-05-17,23.09583333333333,34.170833333333334,1291.0833333333333,0.9583333333333334,27.241666666666664,78.04166666666667,4.416666666666667,144.54166666666666,0.2,974.3583333333332,chiang_mai,23.09583333333333,19.029166666666665,18.829166666666666,14.705357142857142,23.099999999999998,0,2,5
2023-05-18,23.099999999999998,34.47083333333333,1240.125,0.5,27.829166666666666,77.20833333333333,3.4291666666666667,196.58333333333334,3.7,973.7583333333333,chiang_mai,23.099999999999998,23.09583333333333,15.6625,15.31488095238095,24.287499999999998,0,3,5
2023-05-19,24.287499999999998,35.99166666666667,1155.0,0.9166666666666666,28.083333333333332,74.16666666666667,3.4416666666666664,173.04166666666666,1.1,971.8333333333334,chiang_mai,24.287499999999998,23.099999999999998,18.037499999999998,16.377380952380953,19.108333333333334,0,4,5
2023-05-20,19.108333333333334,28.787499999999998,1094.2083333333333,2.2916666666666665,28.97083333333333,71.54166666666667,3.6916666666666664,149.04166666666666,0.0,971.3166666666666,chiang_mai,19.108333333333334,24.287499999999998,9.345833333333333,17.270238095238092,20.458333333333332,0,5,5
2023-05-21,20.458333333333332,30.833333333333332,941.2083333333334,2.2083333333333335,29.104166666666668,70.125,4.6625000000000005,138.875,0.4,972.2208333333333,chiang_mai,20.458333333333332,19.108333333333334,10.458333333333334,18.664880952380948,19.966666666666665,0,6,5
2023-05-22,19.966666666666665,29.754166666666666,842.2083333333334,1.9166666666666667,29.179166666666664,72.0,3.8625000000000003,188.54166666666666,3.1,972.9541666666668,chiang_mai,19.966666666666665,20.458333333333332,11.575000000000001,20.09345238095238,18.504166666666666,0,0,5
2023-05-23,18.504166666666666,27.104166666666668,498.375,0.6666666666666666,28.620833333333334,74.91666666666667,4.2625,136.45833333333334,1.4000000000000001,972.7208333333333,chiang_mai,18.504166666666666,19.966666666666665,19.029166666666665,21.292261904761908,19.729166666666668,0,1,5
2023-05-24,19.729166666666668,28.883333333333336,639.5416666666666,0.5,28.620833333333334,74.70833333333333,4.1125,202.45833333333334,2.3,971.9291666666667,chiang_mai,19.729166666666668,18.504166666666666,23.09583333333333,21.217261904761905,20.45,0,2,5
2023-05-25,20.45,30.474999999999998,732.25,1.7916666666666667,29.554166666666664,64.95833333333333,4.291666666666667,134.20833333333334,0.9,971.9791666666666,chiang_mai,20.45,19.729166666666668,23.099999999999998,20.736309523809524,17.625,0,3,5
2023-05-26,17.625,26.241666666666664,690.8333333333334,1.2916666666666667,29.8625,62.0,3.8333333333333335,177.16666666666666,1.3,972.5833333333334,chiang_mai,17.625,20.45,24.287499999999998,20.357738095238094,17.920833333333334,0,4,5
2023-05-27,17.920833333333334,26.608333333333334,624.2083333333334,0.7083333333333334,29.087500000000002,68.83333333333333,4.395833333333333,195.16666666666666,3.5999999999999996,971.3375,chiang_mai,17.920833333333334,17.625,19.108333333333334,19.40595238095238,20.037499999999998,0,5,5
2023-05-28,20.037499999999998,29.474999999999998,718.0833333333334,0.625,28.941666666666666,72.125,3.9250000000000003,180.91666666666666,0.6000000000000001,971.0333333333333,chiang_mai,20.037499999999998,17.920833333333334,20.458333333333332,19.236309523809524,29.708333333333332,0,6,5
2023-05-29,29.708333333333332,43.09583333333333,994.5833333333334,0.375,28.212500000000002,73.29166666666667,4.716666666666667,192.25,7.8,972.2375000000001,chiang_mai,29.708333333333332,20.037499999999998,19.966666666666665,19.176190476190477,26.691666666666666,0,0,5
2023-05-30,26.691666666666666,38.49583333333333,1077.625,0.0,29.641666666666666,67.33333333333333,4.2124999999999995,176.79166666666666,0.2,971.6625,chiang_mai,26.691666666666666,29.708333333333332,18.504166666666666,20.567857142857143,17.354166666666668,0,1,5
2023-05-31,17.354166666666668,25.041666666666668,654.8333333333334,0.0,29.291666666666668,69.5,4.954166666666667,191.33333333333334,2.3000000000000003,970.4458333333333,chiang_mai,17.354166666666668,26.691666666666666,19.729166666666668,21.7375,11.083333333333334,0,2,5
2023-06-01,11.083333333333334,15.887500000000001,577.75,0.0,30.008333333333336,69.125,4.4750000000000005,143.70833333333334,0.30000000000000004,969.5208333333334,chiang_mai,11.083333333333334,17.354166666666668,20.45,21.39821428571429,12.700000000000001,0,3,6
2023-06-02,12.700000000000001,18.25,679.0833333333334,0.0,29.583333333333332,67.75,5.079166666666667,164.20833333333334,8.7,970.1625,chiang_mai,12.700000000000001,11.083333333333334,17.625,20.060119047619047,14.816666666666668,0,4,6
2023-06-03,14.816666666666668,21.474999999999998,882.625,0.375,29.820833333333336,65.58333333333333,4.8125,169.91666666666666,9.4,971.2666666666668,chiang_mai,14.816666666666668,12.700000000000001,17.920833333333334,19.35654761904762,14.4375,0,5,6
2023-06-04,14.4375,20.904166666666665,927.0833333333334,0.25,29.804166666666664,65.70833333333333,5.6625000000000005,173.20833333333334,4.4,971.0625,chiang_mai,14.4375,14.816666666666668,20.037499999999998,18.913095238095234,11.333333333333334,0,6,6
2023-06-05,11.333333333333334,16.3625,471.7916666666667,0.0,28.795833333333334,71.58333333333333,4.891666666666667,163.625,11.5,970.2208333333333,chiang_mai,11.333333333333334,14.4375,29.708333333333332,18.113095238095237,16.175,0,0,6
2023-06-06,16.175,23.34583333333333,715.9166666666666,0.0,27.625,78.54166666666667,4.641666666666667,172.83333333333334,4.7,969.7375000000001,chiang_mai,16.175,11.333333333333334,26.691666666666666,15.488095238095239,13.674999999999999,0,1,6
2023-06-07,13.674999999999999,19.662499999999998,615.2916666666666,0.0,26.40833333333333,84.375,5.270833333333333,220.875,16.2,970.4166666666666,chiang_mai,13.674999999999999,16.175,17.354166666666668,13.985714285714286,14.929166666666667,0,2,6
2023-06-08,14.929166666666667,21.400000000000002,770.5,0.0,25.795833333333334,87.375,4.2375,222.83333333333334,17.3,970.7333333333332,chiang_mai,14.929166666666667,13.674999999999999,11.083333333333334,13.460119047619049,13.137500000000001,0,3,6
2023-06-09,13.137500000000001,18.8625,810.0,0.0,26.59166666666667,84.375,5.320833333333334,178.29166666666666,7.4,969.8291666666668,chiang_mai,13.137500000000001,14.929166666666667,12.700000000000001,14.00952380952381,18.891666666666666,0,4,6
2023-06-10,18.891666666666666,27.145833333333332,1032.5,0.0,27.212500000000002,81.41666666666667,5.033333333333333,165.16666666666666,7.999999999999999,968.8249999999999,chiang_mai,18.891666666666666,13.137500000000001,14.816666666666668,14.072023809523811,17.245833333333334,0,5,6
2023-06-11,17.245833333333334,24.7375,1130.0416666666667,0.0,27.587500000000002,76.83333333333333,4.858333333333333,181.33333333333334,6.4,968.2958333333332,chiang_mai,17.245833333333334,18.891666666666666,14.4375,14.654166666666667,15.9,0,6,6
2023-06-12,15.9,22.879166666666666,924.0,0.0,26.195833333333336,85.41666666666667,5.379166666666666,175.91666666666666,21.0,968.6791666666667,chiang_mai,15.9,17.245833333333334,11.333333333333334,15.055357142857144,11.0625,0,0,6
2023-06-13,11.0625,15.816666666666668,699.875,0.0,25.983333333333334,85.75,5.458333333333333,168.625,14.9,969.225,chiang_mai,11.0625,15.9,16.175,15.707738095238096,7.529166666666666,0,1,6
2023-06-14,7.529166666666666,10.75,477.8333333333333,0.0,25.358333333333334,87.83333333333333,5.470833333333334,195.83333333333334,12.1,970.75,chiang_mai,7.529166666666666,11.0625,13.674999999999999,14.977380952380953,11.333333333333334,0,2,6
2023-06-15,11.333333333333334,16.195833333333333,724.4166666666666,0.0,26.708333333333332,82.75,4.258333333333334,157.70833333333334,10.0,970.8708333333334,chiang_mai,11.333333333333334,7.529166666666666,14.929166666666667,14.099404761904761,15.320833333333333,0,3,6
2023-06-16,15.320833333333333,22.145833333333332,1016.6666666666666,0.4166666666666667,27.416666666666668,79.66666666666667,4.841666666666667,137.875,0.4,970.5166666666668,chiang_mai,15.320833333333333,11.333333333333334,13.137500000000001,13.585714285714285,12.887500000000001,0,4,6
2023-06-17,12.887500000000001,18.666666666666668,899.1666666666666,0.5833333333333334,28.916666666666668,73.08333333333333,4.616666666666666,150.75,0.1,970.8833333333333,chiang_mai,12.887500000000001,15.320833333333333,18.891666666666666,13.897619047619047,11.316666666666668,0,5,6
2023-06-18,11.316666666666668,16.308333333333334,759.9166666666666,0.25,27.775000000000002,78.70833333333333,4.766666666666667,155.79166666666666,8.2,971.0875,chiang_mai,11.316666666666668,12.887500000000001,17.245833333333334,13.039880952380953,11.575000000000001,0,6,6
2023-06-19,11.575000000000001,16.629166666666666,749.125,0.125,27.537499999999998,79.29166666666667,3.9958333333333336,202.45833333333334,3.6999999999999997,970.9791666666666,chiang_mai,11.575000000000001,11.316666666666668,15.9,12.192857142857141,10.604166666666666,0,0,6
2023-06-20,10.604166666666666,15.200000000000001,719.4166666666666,0.0,27.462500000000002,75.625,4.829166666666667,161.20833333333334,3.8,971.4541666666668,chiang_mai,10.604166666666666,11.575000000000001,11.0625,11.575000000000001,10.033333333333333,0,1,6
2023-06-21,10.033333333333333,14.395833333333334,646.5416666666666,0.0,27.083333333333332,78.0,4.625,117.70833333333333,19.2,972.6583333333333,chiang_mai,10.033333333333333,10.604166666666666,7.529166666666666,11.509523809523811,10.6875,0,2,6
2023-06-22,10.6875,15.299999999999999,996.25,0.0,27.900000000000002,71.70833333333333,4.716666666666667,171.58333333333334,0.2,972.7083333333334,chiang_mai,10.6875,10.033333333333333,11.333333333333334,11.867261904761905,10.637500000000001,0,3,6
2023-06-23,10.637500000000001,15.195833333333333,871.0,0.0,28.8625,66.66666666666667,5.0874999999999995,188.83333333333334,0.5,971.7041666666668,chiang_mai,10.637500000000001,10.6875,15.320833333333333,11.775000000000002,11.283333333333333,0,4,6
2023-06-24,11.283333333333333,16.125,875.6666666666666,0.0,27.95,72.58333333333333,4.645833333333333,170.95833333333334,12.600000000000001,970.8166666666666,chiang_mai,11.283333333333333,10.637500000000001,12.887500000000001,11.105952380952383,12.700000000000001,0,5,6
2023-06-25,12.700000000000001,18.129166666666666,964.8333333333334,0.0,26.366666666666664,83.79166666666667,3.3541666666666665,151.5,22.9,971.0333333333333,chiang_mai,12.700000000000001,11.283333333333333,11.316666666666668,10.876785714285715,12.191666666666668,0,6,6
2023-06-26,12.191666666666668,17.375,736.6666666666666,0.0,26.212500000000002,88.0,3.4499999999999997,156.70833333333334,21.5,971.2125,chiang_mai,12.191666666666668,12.700000000000001,11.575000000000001,11.074404761904763,12.320833333333333,0,0,6
2023-06-27,12.320833333333333,17.479166666666668,700.6666666666666,0.08333333333333333,27.004166666666666,82.70833333333333,3.8791666666666664,157.04166666666666,15.799999999999999,971.5541666666667,chiang_mai,12.320833333333333,12.191666666666668,10.604166666666666,11.1625,12.870833333333332,0,1,6
2023-06-28,12.870833333333332,18.079166666666666,403.4166666666667,0.9166666666666666,26.625,86.25,3.466666666666667,228.66666666666666,21.1,972.725,chiang_mai,12.870833333333332,12.320833333333333,10.033333333333333,11.407738095238097,14.2875,0,2,6
2023-06-29,14.2875,20.283333333333335,399.9583333333333,1.4583333333333333,27.53333333333333,82.0,3.2916666666666665,181.375,3.8,971.4791666666666,chiang_mai,14.2875,12.870833333333332,10.6875,11.813095238095238,12.620833333333332,0,3,6
2023-06-30,12.620833333333332,18.383333333333333,421.0833333333333,2.2083333333333335,27.620833333333334,83.91666666666667,3.6750000000000003,186.125,5.8,970.3791666666666,chiang_mai,12.620833333333332,14.2875,10.637500000000001,12.327380952380953,16.166666666666668,0,4,6
2023-07-01,16.166666666666668,23.962500000000002,533.5,5.0,28.375,78.79166666666667,4.145833333333333,214.58333333333334,1.6,970.4250000000001,chiang_mai,16.166666666666668,12.620833333333332,11.283333333333333,12.610714285714284,10.4375,0,5,7
2023-07-02,10.4375,15.083333333333334,272.5416666666667,2.5,27.0,84.58333333333333,4.145833333333333,204.5,28.7,971.275,chiang_mai,10.4375,16.166666666666668,12.700000000000001,13.308333333333334,6.683333333333334,0,6,7
2023-07-03,6.683333333333334,9.445833333333333,304.6666666666667,0.0,26.150000000000002,87.125,5.166666666666667,215.875,19.8,971.8708333333334,chiang_mai,6.683333333333334,10.4375,12.191666666666668,12.985119047619047,5.4875,0,0,7
2023-07-04,5.4875,7.825,290.9583333333333,0.0,25.558333333333334,86.95833333333333,6.166666666666667,173.5,16.400000000000002,971.9708333333333,chiang_mai,5.4875,6.683333333333334,12.320833333333333,12.198214285714286,6.575,0,1,7
2023-07-05,6.575,9.416666666666666,319.0833333333333,0.0,26.15833333333333,85.66666666666667,4.520833333333333,176.04166666666666,11.2,972.3083333333334,chiang_mai,6.575,5.4875,12.870833333333332,11.222023809523808,7.958333333333333,0,2,7
2023-07-06,7.958333333333333,11.325000000000001,392.2083333333333,0.2916666666666667,27.1125,82.41666666666667,3.233333333333334,164.0,1.9000000000000001,973.1833333333334,chiang_mai,7.958333333333333,6.575,14.2875,10.322619047619048,9.708333333333334,0,3,7
2023-07-07,9.708333333333334,13.75,506.25,0.4583333333333333,28.125,81.04166666666667,3.641666666666667,160.08333333333334,3.2,973.0458333333332,chiang_mai,9.708333333333334,7.958333333333333,12.620833333333332,9.418452380952383,13.4,0,4,7
2023-07-08,13.4,18.808333333333334,439.0,0.125,27.629166666666666,82.16666666666667,4.020833333333333,195.79166666666666,4.9,972.9291666666667,chiang_mai,13.4,9.708333333333334,16.166666666666668,9.002380952380951,13.025,0,5,7
2023-07-09,13.025,18.224999999999998,319.625,0.0,26.708333333333332,84.91666666666667,3.6916666666666664,182.0,13.4,972.5041666666666,chiang_mai,13.025,13.4,10.4375,8.607142857142858,10.654166666666667,0,6,7
2023-07-10,10.654166666666667,15.095833333333333,341.0416666666667,0.0,26.099999999999998,85.5,5.570833333333333,228.375,21.2,972.9625,chiang_mai,10.654166666666667,13.025,6.683333333333334,8.976785714285715,9.8125,0,0,7
2023-07-11,9.8125,13.825000000000001,363.1666666666667,0.08333333333333333,26.229166666666668,84.875,3.2291666666666665,213.875,5.0,972.9875000000001,chiang_mai,9.8125,10.654166666666667,5.4875,9.54404761904762,8.8125,0,1,7
2023-07-12,8.8125,12.454166666666666,438.0833333333333,0.0,26.679166666666664,81.95833333333333,4.158333333333333,237.79166666666666,5.5,973.1625,chiang_mai,8.8125,9.8125,6.575,10.161904761904763,8.679166666666667,0,2,7
2023-07-13,8.679166666666667,12.420833333333334,640.125,0.08333333333333333,27.183333333333334,81.91666666666667,2.7708333333333335,214.54166666666666,5.5,972.7666666666668,chiang_mai,8.679166666666667,8.8125,7.958333333333333,10.48154761904762,8.4,0,3,7
2023-07-14,8.4,11.829166666666666,535.0,0.20833333333333334,27.704166666666666,79.16666666666667,3.9625,145.20833333333334,6.800000000000001,971.9666666666667,chiang_mai,8.4,8.679166666666667,9.708333333333334,10.58452380952381,8.645833333333334,0,4,7
2023-07-15,8.645833333333334,12.133333333333333,483.3333333333333,0.3333333333333333,27.495833333333334,80.83333333333333,3.6333333333333333,123.16666666666667,7.6,970.6625,chiang_mai,8.645833333333334,8.4,13.4,10.397619047619047,7.120833333333334,0,5,7
2023-07-16,7.120833333333334,10.0875,405.75,0.5833333333333334,27.308333333333334,84.16666666666667,3.025,168.58333333333334,7.800000000000001,969.1583333333333,chiang_mai,7.120833333333334,8.645833333333334,13.025,9.718452380952382,11.304166666666667,0,6,7
2023-07-17,11.304166666666667,16.379166666666666,382.8333333333333,1.7916666666666667,27.5125,84.04166666666667,3.1625,151.75,20.5,967.6875,chiang_mai,11.304166666666667,7.120833333333334,10.654166666666667,8.875,11.049999999999999,0,0,7
2023-07-18,11.049999999999999,15.991666666666667,363.7083333333333,1.125,28.433333333333334,79.79166666666667,5.020833333333333,159.08333333333334,1.2000000000000002,967.1333333333333,chiang_mai,11.049999999999999,11.304166666666667,9.8125,8.967857142857143,11.220833333333333,0,1,7
2023-07-19,11.220833333333333,16.158333333333335,363.5833333333333,1.1666666666666667,27.40833333333333,82.20833333333333,4.191666666666666,171.83333333333334,19.0,967.5708333333333,chiang_mai,11.220833333333333,11.049999999999999,8.8125,9.144642857142857,12.054166666666667,0,2,7
2023-07-20,12.054166666666667,17.129166666666666,454.2083333333333,0.3333333333333333,27.0,82.25,3.891666666666667,222.83333333333334,8.200000000000001,969.3958333333334,chiang_mai,12.054166666666667,11.220833333333333,8.679166666666667,9.488690476190476,13.979166666666666,0,3,7
2023-07-21,13.979166666666666,20.004166666666666,504.7916666666667,0.375,27.395833333333332,82.91666666666667,3.095833333333333,218.75,3.0,972.0916666666667,chiang_mai,13.979166666666666,12.054166666666667,8.4,9.970833333333333,11.929166666666667,0,4,7
2023-07-22,11.929166666666667,17.008333333333333,371.625,0.0,27.900000000000002,81.91666666666667,3.7875,179.875,26.3,973.4625,chiang_mai,11.929166666666667,13.979166666666666,8.645833333333334,10.767857142857142,15.570833333333333,0,5,7
2023-07-23,15.570833333333333,22.2375,434.5833333333333,0.0,27.691666666666666,78.79166666666667,4.8,151.91666666666666,2.9,973.125,chiang_mai,15.570833333333333,11.929166666666667,7.120833333333334,11.236904761904762,15.304166666666667,0,6,7
2023-07-24,15.304166666666667,21.849999999999998,481.75,0.0,27.354166666666668,79.45833333333333,4.966666666666667,177.04166666666666,0.1,971.5541666666667,chiang_mai,15.304166666666667,15.570833333333333,11.304166666666667,12.44404761904762,15.6,0,0,7
2023-07-25,15.6,22.2375,610.9583333333334,0.0,27.766666666666666,79.33333333333333,4.470833333333333,212.0,2.8000000000000003,971.7416666666667,chiang_mai,15.6,15.304166666666667,11.049999999999999,13.01547619047619,9.762500000000001,0,1,7
2023-07-26,9.762500000000001,13.808333333333332,445.75,0.08333333333333333,28.079166666666666,78.25,4.158333333333333,171.5,0.9,972.0749999999999,chiang_mai,9.762500000000001,15.6,11.220833333333333,13.665476190476193,6.008333333333333,0,2,7
2023-07-27,6.008333333333333,8.458333333333334,323.5,0.3333333333333333,29.116666666666664,72.125,4.7124999999999995,189.45833333333334,1.4,970.4250000000001,chiang_mai,6.008333333333333,9.762500000000001,12.054166666666667,13.457142857142856,4.4624999999999995,0,3,7
2023-07-28,4.4624999999999995,6.3999999999999995,264.9166666666667,0.0,28.941666666666666,72.25,4.266666666666667,193.91666666666666,0.1,967.9041666666667,chiang_mai,4.4624999999999995,6.008333333333333,13.979166666666666,12.593452380952382,6.416666666666667,0,4,7
2023-07-29,6.416666666666667,9.179166666666665,343.4166666666667,0.08333333333333333,27.55,82.91666666666667,3.7458333333333336,110.16666666666667,19.4,967.5458333333332,chiang_mai,6.416666666666667,4.4624999999999995,11.929166666666667,11.233928571428573,6.091666666666666,0,5,7
2023-07-30,6.091666666666666,8.733333333333333,358.125,0.08333333333333333,26.179166666666664,89.08333333333333,4.7749999999999995,166.58333333333334,19.3,967.6750000000001,chiang_mai,6.091666666666666,6.416666666666667,15.570833333333333,10.446428571428571,5.075,0,6,7
2023-07-31,5.075,7.2375,264.625,0.0,24.920833333333334,92.625,5.366666666666667,202.58333333333334,28.6,969.1916666666666,chiang_mai,5.075,6.091666666666666,15.304166666666667,9.092261904761903,4.979166666666667,0,0,7
2023-08-01,4.979166666666667,7.1375,310.7916666666667,0.125,25.53333333333333,91.5,4.1625000000000005,178.58333333333334,22.9,970.0791666666668,chiang_mai,4.979166666666667,5.075,15.6,7.630952380952381,7.704166666666667,0,1,8
2023-08-02,7.704166666666667,11.079166666666666,410.4583333333333,0.3333333333333333,26.15833333333333,88.16666666666667,3.466666666666667,114.75,26.7,970.3625000000001,chiang_mai,7.704166666666667,4.979166666666667,9.762500000000001,6.1136904761904765,7.616666666666667,0,2,8
2023-08-03,7.616666666666667,10.958333333333334,423.8333333333333,0.6666666666666666,26.379166666666666,87.0,3.75,140.29166666666666,8.0,969.9458333333333,chiang_mai,7.616666666666667,7.704166666666667,6.008333333333333,5.819642857142857,7.8625,0,3,8
2023-08-04,7.8625,11.5,501.9166666666667,1.0416666666666667,26.479166666666668,86.5,4.491666666666666,137.70833333333334,23.0,971.9625,chiang_mai,7.8625,7.616666666666667,4.4624999999999995,6.0494047619047615,7.354166666666667,0,4,8
2023-08-05,7.354166666666667,11.025,435.4166666666667,2.0833333333333335,25.8875,89.04166666666667,4.866666666666666,151.29166666666666,4.5,972.8375,chiang_mai,7.354166666666667,7.8625,6.416666666666667,6.535119047619048,7.454166666666667,0,5,8
2023-08-06,7.454166666666667,11.095833333333333,403.4583333333333,1.9166666666666667,25.1875,90.125,4.570833333333334,153.66666666666666,7.7,971.0833333333334,chiang_mai,7.454166666666667,7.354166666666667,6.091666666666666,6.6690476190476184,5.9375,0,6,8
2023-08-07,5.9375,8.5,379.5,0.0,24.733333333333334,92.16666666666667,4.45,138.5,20.6,969.7708333333334,chiang_mai,5.9375,7.454166666666667,5.075,6.8636904761904765,5.883333333333333,0,0,8
2023-08-08,5.883333333333333,8.404166666666667,378.5833333333333,0.0,24.275000000000002,93.16666666666667,3.954166666666667,127.95833333333333,16.7,970.6916666666666,chiang_mai,5.883333333333333,5.9375,4.979166666666667,6.9869047619047615,5.295833333333333,0,1,8
2023-08-09,5.295833333333333,7.6499999999999995,391.375,0.3333333333333333,24.974999999999998,89.375,3.525,120.41666666666667,6.4,972.4666666666667,chiang_mai,5.295833333333333,5.883333333333333,7.704166666666667,7.116071428571429,10.579166666666667,0,2,8
2023-08-10,10.579166666666667,15.441666666666668,583.75,2.0833333333333335,26.741666666666664,82.125,4.6375,143.91666666666666,2.0,972.3916666666668,chiang_mai,10.579166666666667,5.295833333333333,7.616666666666667,6.77202380952381,11.629166666666668,0,3,8
2023-08-11,11.629166666666668,17.3875,678.875,4.291666666666667,27.145833333333332,80.54166666666667,4.970833333333333,152.16666666666666,3.1999999999999997,970.975,chiang_mai,11.629166666666668,10.579166666666667,7.8625,7.195238095238095,14.533333333333333,0,4,8
2023-08-12,14.533333333333333,22.204166666666666,675.0833333333334,6.291666666666667,26.9875,81.5,4.145833333333333,151.375,3.7,969.9583333333334,chiang_mai,14.533333333333333,11.629166666666668,7.354166666666667,7.733333333333333,16.745833333333334,0,5,8
2023-08-13,16.745833333333334,26.108333333333334,655.5833333333334,9.666666666666666,27.3,82.54166666666667,4.016666666666667,140.79166666666666,14.700000000000001,970.0416666666666,chiang_mai,16.745833333333334,14.533333333333333,7.454166666666667,8.758928571428571,14.333333333333334,0,6,8
2023-08-14,14.333333333333334,20.554166666666667,718.7916666666666,3.25,27.441666666666666,84.125,3.295833333333333,160.75,11.1,970.1166666666667,chiang_mai,14.333333333333334,16.745833333333334,5.9375,10.086309523809524,13.375,0,0,8
2023-08-15,13.375,18.995833333333334,724.4583333333334,1.75,26.508333333333336,87.375,3.9166666666666665,174.16666666666666,28.200000000000003,970.4958333333334,chiang_mai,13.375,14.333333333333334,5.883333333333333,11.285714285714286,12.137500000000001,0,1,8
2023-08-16,12.137500000000001,17.229166666666668,514.375,1.1666666666666667,25.775000000000002,87.0,4.145833333333333,256.8333333333333,7.5,971.3249999999999,chiang_mai,12.137500000000001,13.375,5.295833333333333,12.35595238095238,11.054166666666667,0,2,8
2023-08-17,11.054166666666667,15.520833333333334,454.125,0.5833333333333334,26.441666666666666,84.79166666666667,3.6,230.66666666666666,4.8,971.9875000000001,chiang_mai,11.054166666666667,12.137500000000001,10.579166666666667,13.333333333333332,12.841666666666667,0,3,8
2023-08-18,12.841666666666667,18.208333333333332,503.7916666666667,1.25,27.46666666666667,82.5,3.529166666666667,152.375,7.9,971.6291666666666,chiang_mai,12.841666666666667,11.054166666666667,11.629166666666668,13.401190476190477,13.112499999999999,0,4,8
2023-08-19,13.112499999999999,18.4375,480.625,1.7083333333333333,27.72083333333333,82.875,2.966666666666667,187.79166666666666,5.5,971.4458333333333,chiang_mai,13.112499999999999,12.841666666666667,14.533333333333333,13.574404761904763,17.925,0,5,8
2023-08-20,17.925,25.40833333333333,489.3333333333333,2.2916666666666665,27.5,82.79166666666667,3.641666666666667,222.66666666666666,3.6999999999999997,970.5458333333332,chiang_mai,17.925,13.112499999999999,16.745833333333334,13.371428571428572,12.633333333333333,0,6,8
2023-08-21,12.633333333333333,17.566666666666666,408.1666666666667,0.4583333333333333,26.629166666666666,86.875,4.066666666666666,195.66666666666666,11.9,971.2458333333334,chiang_mai,12.633333333333333,17.925,14.333333333333334,13.539880952380953,10.304166666666667,0,0,8
2023-08-22,10.304166666666667,14.558333333333332,490.9583333333333,0.25,26.558333333333334,84.875,4.154166666666667,194.04166666666666,6.7,971.6,chiang_mai,10.304166666666667,12.633333333333333,13.375,13.297023809523811,13.0625,0,1,8
2023-08-23,13.0625,18.754166666666666,655.3333333333334,1.75,26.829166666666666,83.45833333333333,3.8541666666666665,160.79166666666666,16.2,970.9833333333332,chiang_mai,13.0625,10.304166666666667,12.137500000000001,12.858333333333334,10.545833333333333,0,2,8
2023-08-24,10.545833333333333,15.066666666666668,658.3333333333334,1.1666666666666667,27.041666666666668,79.70833333333333,4.6000000000000005,136.5,14.0,970.6208333333334,chiang_mai,10.545833333333333,13.0625,11.054166666666667,12.99047619047619,9.6625,0,3,8
2023-08-25,9.6625,14.054166666666667,518.8333333333334,1.6666666666666667,26.704166666666666,83.625,4.816666666666666,186.20833333333334,11.5,971.125,chiang_mai,9.6625,10.545833333333333,12.841666666666667,12.917857142857143,7.341666666666666,0,4,8
2023-08-26,7.341666666666666,10.679166666666667,484.0,0.5416666666666666,27.133333333333336,81.29166666666667,4.433333333333334,184.75,3.1,971.1416666666668,chiang_mai,7.341666666666666,9.6625,13.112499999999999,12.463690476190475,7.308333333333334,0,5,8
2023-08-27,7.308333333333334,10.708333333333334,449.875,0.875,26.90833333333333,81.25,3.6666666666666665,197.125,12.8,970.2291666666666,chiang_mai,7.308333333333334,7.341666666666666,17.925,11.639285714285714,8.183333333333334,0,6,8
2023-08-28,8.183333333333334,11.729166666666666,524.6666666666666,0.125,27.604166666666668,80.70833333333333,3.8833333333333333,187.70833333333334,8.2,969.1374999999999,chiang_mai,8.183333333333334,7.308333333333334,12.633333333333333,10.122619047619049,11.904166666666667,0,0,8
2023-08-29,11.904166666666667,16.925,459.5833333333333,0.5833333333333334,27.2,82.66666666666667,3.8874999999999997,141.29166666666666,9.0,969.3833333333333,chiang_mai,11.904166666666667,8.183333333333334,10.304166666666667,9.486904761904762,10.704166666666666,0,1,8
2023-08-30,10.704166666666666,15.166666666666666,369.2083333333333,0.4583333333333333,26.229166666666668,86.20833333333333,4.083333333333333,171.41666666666666,13.3,971.2708333333334,chiang_mai,10.704166666666666,11.904166666666667,13.0625,9.71547619047619,10.083333333333334,0,2,8
2023-08-31,10.083333333333334,14.325000000000001,418.875,0.0,26.4375,85.375,4.2375,194.75,5.5,971.9416666666666,chiang_mai,10.083333333333334,10.704166666666666,10.545833333333333,9.378571428571428,16.05,0,3,8
2023-09-01,16.05,22.8125,598.5833333333334,0.4166666666666667,27.4375,84.79166666666667,3.466666666666667,179.08333333333334,8.2,971.0500000000001,chiang_mai,16.05,10.083333333333334,9.6625,9.3125,12.658333333333333,0,4,9
2023-09-02,12.658333333333333,18.099999999999998,602.2083333333334,0.0,26.53333333333333,85.5,3.3666666666666667,191.33333333333334,23.4,970.2375000000001,chiang_mai,12.658333333333333,16.05,7.341666666666666,10.225,21.504166666666666,0,5,9
2023-09-03,21.504166666666666,30.758333333333336,850.5833333333334,0.0,27.508333333333336,81.625,3.329166666666667,212.95833333333334,1.7000000000000002,968.8291666666668,chiang_mai,21.504166666666666,12.658333333333333,7.308333333333334,10.98452380952381,21.945833333333336,0,6,9
2023-09-04,21.945833333333336,31.504166666666666,722.2083333333334,0.0,28.108333333333334,78.83333333333333,3.6333333333333333,169.91666666666666,9.1,968.3083333333334,chiang_mai,21.945833333333336,21.504166666666666,8.183333333333334,13.012500000000001,11.108333333333334,0,0,9
2023-09-05,11.108333333333334,15.866666666666667,439.5833333333333,0.0,25.770833333333332,88.125,3.4250000000000003,203.54166666666666,32.9,970.4458333333333,chiang_mai,11.108333333333334,21.945833333333336,11.904166666666667,14.978571428571428,9.820833333333333,0,1,9
2023-09-06,9.820833333333333,13.987499999999999,434.2083333333333,0.0,25.579166666666666,89.875,3.5583333333333336,183.29166666666666,23.4,972.5375,chiang_mai,9.820833333333333,11.108333333333334,10.704166666666666,14.864880952380954,12.429166666666667,0,2,9
2023-09-07,12.429166666666667,17.683333333333334,465.0,0.0,26.308333333333334,87.79166666666667,3.420833333333333,202.45833333333334,33.3,973.0583333333334,chiang_mai,12.429166666666667,9.820833333333333,10.083333333333334,14.73869047619048,14.379166666666668,0,3,9
2023-09-08,14.379166666666668,20.4875,460.2083333333333,0.0,26.441666666666666,88.16666666666667,3.5,226.29166666666666,10.9,972.4208333333332,chiang_mai,14.379166666666668,12.429166666666667,16.05,15.073809523809524,9.879166666666666,0,4,9
2023-09-09,9.879166666666666,14.058333333333332,393.25,0.0,26.087500000000002,88.625,3.6333333333333333,173.54166666666666,14.3,970.5124999999999,chiang_mai,9.879166666666666,14.379166666666668,12.658333333333333,14.835119047619049,10.420833333333333,0,5,9
2023-09-10,10.420833333333333,14.804166666666667,456.75,0.0,25.650000000000002,90.125,3.1791666666666667,198.58333333333334,19.2,969.9083333333333,chiang_mai,10.420833333333333,9.879166666666666,21.504166666666666,14.43809523809524,8.804166666666667,0,6,9
2023-09-11,8.804166666666667,12.508333333333333,418.7916666666667,0.0,25.683333333333334,88.75,3.595833333333333,205.20833333333334,19.7,970.35,chiang_mai,8.804166666666667,10.420833333333333,21.945833333333336,12.854761904761904,8.291666666666666,0,0,9
2023-09-12,8.291666666666666,11.804166666666667,404.6666666666667,0.0,25.6375,88.66666666666667,3.533333333333333,195.95833333333334,43.8,971.3000000000001,chiang_mai,8.291666666666666,8.804166666666667,11.108333333333334,10.977380952380953,8.8125,0,1,9
2023-09-13,8.8125,12.595833333333333,534.3333333333334,0.08333333333333333,25.65833333333333,87.25,3.4749999999999996,136.20833333333334,31.799999999999997,972.2791666666667,chiang_mai,8.8125,8.291666666666666,9.820833333333333,10.575000000000001,12.745833333333332,0,2,9
2023-09-14,12.745833333333332,18.191666666666666,616.5833333333334,0.0,25.34166666666667,89.83333333333333,3.341666666666667,212.41666666666666,22.400000000000002,972.2541666666666,chiang_mai,12.745833333333332,8.8125,12.429166666666667,10.43095238095238,8.408333333333333,0,3,9
2023-09-15,8.408333333333333,11.983333333333334,430.875,0.0,25.8625,89.25,3.3333333333333335,164.58333333333334,24.5,971.4499999999999,chiang_mai,8.408333333333333,12.745833333333332,14.379166666666668,10.476190476190478,9.645833333333334,0,4,9
2023-09-16,9.645833333333334,13.754166666666668,505.6666666666667,0.0,25.025000000000002,89.5,4.233333333333333,197.29166666666666,52.2,971.7041666666668,chiang_mai,9.645833333333334,8.408333333333333,9.879166666666666,9.623214285714285,10.983333333333334,0,5,9
2023-09-17,10.983333333333334,15.674999999999999,516.0416666666666,0.0,24.733333333333334,89.58333333333333,3.2583333333333333,267.2916666666667,19.0,971.8041666666667,chiang_mai,10.983333333333334,9.645833333333334,10.420833333333333,9.589880952380952,7.379166666666666,0,6,9
2023-09-18,7.379166666666666,10.491666666666667,344.2916666666667,0.0,24.683333333333334,89.58333333333333,5.3,191.79166666666666,28.3,973.525,chiang_mai,7.379166666666666,10.983333333333334,8.804166666666667,9.670238095238094,10.070833333333333,0,0,9
2023-09-19,10.070833333333333,14.35,491.625,0.0,25.787499999999998,85.95833333333333,3.75,256.125,6.3,975.3958333333334,chiang_mai,10.070833333333333,7.379166666666666,8.291666666666666,9.466666666666667,13.033333333333333,0,1,9
2023-09-20,13.033333333333333,18.599999999999998,577.4583333333334,0.0,26.150000000000002,87.29166666666667,3.2583333333333333,186.29166666666666,34.1,975.1083333333332,chiang_mai,13.033333333333333,10.070833333333333,8.8125,9.720833333333333,20.641666666666666,0,2,9
2023-09-21,20.641666666666666,29.770833333333332,728.6666666666666,0.4583333333333333,26.645833333333332,85.16666666666667,3.3541666666666665,211.70833333333334,0.8999999999999999,974.5375,chiang_mai,20.641666666666666,13.033333333333333,12.745833333333332,10.323809523809524,17.2,0,3,9
2023-09-22,17.2,24.579166666666666,630.9166666666666,0.0,27.03333333333333,83.75,3.5833333333333335,218.33333333333334,0.0,973.9791666666666,chiang_mai,17.2,20.641666666666666,8.408333333333333,11.451785714285714,16.941666666666666,0,4,9
2023-09-23,16.941666666666666,24.229166666666668,497.0416666666667,0.0,27.6125,79.66666666666667,3.716666666666667,168.04166666666666,1.0,973.8625000000001,chiang_mai,16.941666666666666,17.2,9.645833333333334,12.707738095238096,18.349999999999998,0,5,9
2023-09-24,18.349999999999998,26.229166666666668,529.2083333333334,0.0,27.47083333333333,79.45833333333333,3.6291666666666664,187.375,0.0,972.6750000000001,chiang_mai,18.349999999999998,16.941666666666666,10.983333333333334,13.75,14.966666666666667,0,6,9
2023-09-25,14.966666666666667,21.40833333333333,523.9583333333334,0.0,27.183333333333334,83.875,3.9916666666666667,171.95833333333334,15.700000000000001,972.0749999999999,chiang_mai,14.966666666666667,18.349999999999998,7.379166666666666,14.802380952380952,17.462500000000002,0,0,9
2023-09-26,17.462500000000002,25.445833333333336,632.0833333333334,0.0,27.09583333333333,81.33333333333333,4.145833333333333,197.75,0.4,971.4166666666666,chiang_mai,17.462500000000002,14.966666666666667,10.070833333333333,15.886309523809524,17.379166666666666,0,1,9
2023-09-27,17.379166666666666,25.120833333333334,689.9166666666666,0.0,26.3625,83.20833333333333,5.208333333333333,239.625,11.7,969.975,chiang_mai,17.379166666666666,17.462500000000002,13.033333333333333,16.942261904761903,10.112499999999999,0,2,9
2023-09-28,10.112499999999999,14.454166666666666,470.3333333333333,0.0,24.816666666666666,90.125,4.720833333333333,251.5,48.0,971.5208333333334,chiang_mai,10.112499999999999,17.379166666666666,20.641666666666666,17.56309523809524,9.304166666666667,0,3,9
2023-09-29,9.304166666666667,13.275,484.375,0.0,24.416666666666668,91.625,4.970833333333333,232.29166666666666,33.7,973.9416666666666,chiang_mai,9.304166666666667,10.112499999999999,17.2,16.058928571428574,7.316666666666666,0,4,9
2023-09-30,7.316666666666666,10.466666666666667,417.5,0.0,24.55,90.83333333333333,5.220833333333333,222.45833333333334,30.900000000000002,975.0666666666666,chiang_mai,7.316666666666666,9.304166666666667,16.941666666666666,14.93095238095238,9.141666666666667,0,5,9
2023-10-01,9.141666666666667,13.045833333333334,489.25,0.0,25.258333333333336,88.75,3.6666666666666665,216.25,18.200000000000003,974.0041666666666,chiang_mai,9.141666666666667,7.316666666666666,18.349999999999998,13.55595238095238,12.645833333333334,0,6,10
2023-10-02,12.645833333333334,18.087500000000002,639.375,0.0,26.15416666666667,86.95833333333333,2.9583333333333335,244.95833333333334,7.300000000000001,974.4125,chiang_mai,12.645833333333334,9.141666666666667,14.966666666666667,12.24047619047619,12.595833333333333,0,0,10
2023-10-03,12.595833333333333,18.025000000000002,535.875,0.0,27.2625,81.79166666666667,3.4,158.625,0.3,974.625,chiang_mai,12.595833333333333,12.645833333333334,17.462500000000002,11.908928571428572,13.854166666666666,0,1,10
2023-10-04,13.854166666666666,19.808333333333334,533.0,0.0,27.474999999999998,82.70833333333333,4.0375000000000005,137.66666666666666,0.2,974.2375000000001,chiang_mai,13.854166666666666,12.595833333333333,17.379166666666666,11.213690476190477,19.508333333333333,0,2,10
2023-10-05,19.508333333333333,27.920833333333334,709.5,0.0,27.179166666666664,84.29166666666667,3.9583333333333335,186.75,1.6,973.2583333333333,chiang_mai,19.508333333333333,13.854166666666666,10.112499999999999,10.710119047619047,14.325000000000001,0,3,10
2023-10-06,14.325000000000001,20.483333333333334,493.4583333333333,0.0,26.7625,83.75,3.6833333333333336,195.79166666666666,12.9,972.8333333333334,chiang_mai,14.325000000000001,19.508333333333333,9.304166666666667,12.052380952380954,12.862499999999999,0,4,10
2023-10-07,12.862499999999999,18.3875,543.375,0.0,24.7625,91.375,2.5833333333333335,182.125,15.6,973.6958333333333,chiang_mai,12.862499999999999,14.325000000000001,7.316666666666666,12.769642857142857,10.608333333333333,0,5,10
2023-10-08,10.608333333333333,15.1875,520.0,0.0,25.045833333333334,89.5,3.4458333333333333,221.16666666666666,15.8,974.9083333333333,chiang_mai,10.608333333333333,12.862499999999999,9.141666666666667,13.561904761904762,10.695833333333333,0,6,10
2023-10-09,10.695833333333333,15.262500000000001,559.2083333333334,0.0,24.491666666666664,90.95833333333333,3.4583333333333335,252.5,20.7,975.8583333333332,chiang_mai,10.695833333333333,10.608333333333333,12.645833333333334,13.77142857142857,14.3375,0,0,10
2023-10-10,14.3375,20.495833333333334,677.375,0.0,24.84583333333333,88.33333333333333,4.104166666666667,229.875,34.300000000000004,976.7333333333332,chiang_mai,14.3375,10.695833333333333,12.595833333333333,13.492857142857144,14.716666666666667,0,1,10
2023-10-11,14.716666666666667,21.070833333333333,704.7916666666666,0.0,24.854166666666668,88.66666666666667,3.795833333333333,258.0833333333333,8.2,977.5833333333334,chiang_mai,14.716666666666667,14.3375,13.854166666666666,13.741666666666665,14.700000000000001,0,2,10
2023-10-12,14.700000000000001,21.033333333333335,603.875,0.0,25.40833333333333,86.66666666666667,3.391666666666667,220.54166666666666,4.2,978.5541666666667,chiang_mai,14.700000000000001,14.716666666666667,19.508333333333333,13.864880952380952,11.375,0,3,10
2023-10-13,11.375,16.366666666666667,551.5,0.0,25.325,89.375,3.5583333333333336,215.33333333333334,12.6,978.0458333333332,chiang_mai,11.375,14.700000000000001,14.325000000000001,13.177976190476189,11.725,0,4,10
2023-10-14,11.725,16.758333333333333,547.5416666666666,0.0,25.325,88.95833333333333,2.8083333333333336,219.875,7.6,976.0375,chiang_mai,11.725,11.375,12.862499999999999,12.75654761904762,13.166666666666666,0,5,10
2023-10-15,13.166666666666666,18.816666666666666,588.3333333333334,0.0,25.120833333333334,88.0,4.283333333333333,213.83333333333334,8.2,974.875,chiang_mai,13.166666666666666,11.725,10.608333333333333,12.59404761904762,13.479166666666666,0,6,10
2023-10-16,13.479166666666666,19.245833333333334,695.0416666666666,0.0,24.587500000000002,90.79166666666667,3.641666666666667,155.33333333333334,4.5,976.4125,chiang_mai,13.479166666666666,13.166666666666666,10.695833333333333,12.95952380952381,19.1375,0,0,10
2023-10-17,19.1375,27.391666666666666,860.125,0.0,25.458333333333332,84.25,3.8708333333333336,246.16666666666666,0.2,976.6916666666666,chiang_mai,19.1375,13.479166666666666,14.3375,13.357142857142858,28.308333333333334,0,1,10
2023-10-18,28.308333333333334,40.5625,1142.5416666666667,0.0,25.816666666666666,82.91666666666667,4.520833333333333,212.20833333333334,0.9,976.8041666666667,chiang_mai,28.308333333333334,19.1375,14.716666666666667,14.042857142857141,19.908333333333335,0,2,10
2023-10-19,19.908333333333335,28.479166666666668,792.0,0.0,25.741666666666664,85.79166666666667,3.154166666666667,228.79166666666666,2.0,976.4625,chiang_mai,19.908333333333335,28.308333333333334,14.700000000000001,15.98452380952381,23.420833333333334,0,3,10
2023-10-20,23.420833333333334,33.454166666666666,705.75,0.0,25.741666666666664,84.58333333333333,3.7916666666666665,214.375,0.5,977.0041666666666,chiang_mai,23.420833333333334,19.908333333333335,11.375,16.728571428571428,14.720833333333333,0,4,10
2023-10-21,14.720833333333333,21.041666666666668,649.9166666666666,0.0,24.787499999999998,86.45833333333333,3.1458333333333335,179.54166666666666,3.9000000000000004,978.9041666666667,chiang_mai,14.720833333333333,23.420833333333334,11.725,18.449404761904763,15.895833333333334,0,5,10
2023-10-22,15.895833333333334,22.741666666666664,721.7083333333334,0.0,24.816666666666666,86.58333333333333,4.7875000000000005,211.16666666666666,8.3,979.2916666666666,chiang_mai,15.895833333333334,14.720833333333333,13.166666666666666,18.87738095238095,19.120833333333334,0,6,10
2023-10-23,19.120833333333334,27.333333333333332,699.5,0.0,24.84166666666667,85.16666666666667,2.6833333333333336,228.08333333333334,0.8,978.5458333333332,chiang_mai,19.120833333333334,15.895833333333334,13.479166666666666,19.267261904761906,27.224999999999998,0,0,10
2023-10-24,27.224999999999998,38.92916666666667,898.125,0.0,25.5625,84.58333333333333,3.533333333333333,245.0,0.0,977.9458333333333,chiang_mai,27.224999999999998,19.120833333333334,19.1375,20.073214285714283,17.104166666666668,0,1,10
2023-10-25,17.104166666666668,24.53333333333333,737.625,0.0,26.150000000000002,84.5,3.5875,208.5,0.3,977.4708333333333,chiang_mai,17.104166666666668,27.224999999999998,28.308333333333334,21.22857142857143,19.5,0,2,10
2023-10-26,19.5,27.96666666666667,769.0,0.0,26.2375,84.0,3.079166666666667,250.33333333333334,0.4,976.8458333333333,chiang_mai,19.5,17.104166666666668,19.908333333333335,19.627976190476193,14.512500000000001,0,3,10
2023-10-27,14.512500000000001,20.8125,597.4583333333334,0.0,25.645833333333332,87.375,2.766666666666667,204.41666666666666,4.7,976.5,chiang_mai,14.512500000000001,19.5,23.420833333333334,19.56964285714286,12.454166666666666,0,4,10
2023-10-28,12.454166666666666,17.833333333333332,503.9166666666667,0.0,25.47083333333333,84.66666666666667,3.654166666666667,191.95833333333334,1.5,976.6,chiang_mai,12.454166666666666,14.512500000000001,14.720833333333333,18.297023809523807,14.6,0,5,10
2023-10-29,14.6,20.879166666666666,536.0,0.0,25.395833333333332,85.75,3.0208333333333335,226.70833333333334,1.8,976.85,chiang_mai,14.6,12.454166666666666,15.895833333333334,17.973214285714285,9.741666666666667,0,6,10
2023-10-30,9.741666666666667,13.916666666666666,476.75,0.0,24.520833333333332,88.95833333333333,4.6125,215.75,12.2,978.0291666666667,chiang_mai,9.741666666666667,14.6,19.120833333333334,17.788095238095238,14.216666666666667,0,0,10
2023-10-31,14.216666666666667,20.329166666666666,641.2083333333334,0.0,24.15833333333333,87.83333333333333,3.5375,227.45833333333334,1.8,979.7041666666668,chiang_mai,14.216666666666667,9.741666666666667,27.224999999999998,16.448214285714283,21.575,0,1,10
2023-11-01,21.575,30.962500000000002,850.7083333333334,0.0,25.0125,82.375,3.0708333333333333,210.75,0.2,979.4791666666666,chiang_mai,21.575,14.216666666666667,17.104166666666668,14.589880952380952,25.724999999999998,0,2,11
2023-11-02,25.724999999999998,36.925000000000004,1026.0,0.0,25.129166666666666,85.75,3.3375,263.7916666666667,0.5,977.6374999999999,chiang_mai,25.724999999999998,21.575,19.5,15.228571428571428,17.425,0,3,11
2023-11-03,17.425,25.05,763.0833333333334,0.0,25.433333333333334,88.20833333333333,3.6333333333333333,213.875,0.6000000000000001,975.4875000000001,chiang_mai,17.425,25.724999999999998,14.512500000000001,16.11785714285714,23.175,0,4,11
2023-11-04,23.175,33.17916666666667,889.0,0.0,24.883333333333336,89.45833333333333,3.375,244.375,7.6,975.7208333333333,chiang_mai,23.175,17.425,12.454166666666666,16.533928571428568,24.15416666666667,0,5,11
2023-11-05,24.15416666666667,34.541666666666664,877.4166666666666,0.0,25.433333333333334,87.08333333333333,2.9000000000000004,259.2083333333333,3.0,976.7708333333334,chiang_mai,24.15416666666667,23.175,14.6,18.06547619047619,23.03333333333333,0,6,11
2023-11-06,23.03333333333333,33.045833333333334,865.5833333333334,0.0,26.25,81.29166666666667,2.75,179.70833333333334,0.1,977.2166666666667,chiang_mai,23.03333333333333,24.15416666666667,9.741666666666667,19.43035714285714,23.445833333333336,0,0,11
2023-11-07,23.445833333333336,33.5875,909.0833333333334,0.0,25.3875,85.66666666666667,4.241666666666666,197.625,1.9,977.4708333333333,chiang_mai,23.445833333333336,23.03333333333333,14.216666666666667,21.329166666666662,23.275000000000002,0,1,11
2023-11-08,23.275000000000002,33.36666666666667,677.5833333333334,0.0,25.066666666666666,87.0,3.404166666666667,269.3333333333333,3.1,976.5500000000001,chiang_mai,23.275000000000002,23.445833333333336,21.575,22.64761904761905,28.2,0,2,11
2023-11-09,28.2,40.354166666666664,902.0833333333334,0.0,25.55,85.16666666666667,3.358333333333333,207.41666666666666,0.9,976.7875,chiang_mai,28.2,23.275000000000002,25.724999999999998,22.890476190476193,32.083333333333336,0,3,11
2023-11-10,32.083333333333336,45.99166666666667,1083.6666666666667,0.0,26.583333333333332,77.79166666666667,2.7624999999999997,248.95833333333334,1.1,977.8916666666668,chiang_mai,32.083333333333336,28.2,17.425,23.24404761904762,31.683333333333334,0,4,11
2023-11-11,31.683333333333334,45.46666666666667,1073.5833333333333,0.0,26.662499999999998,77.125,3.475,224.75,0.0,978.3375,chiang_mai,31.683333333333334,32.083333333333336,23.175,25.33809523809524,30.55,0,5,11
2023-11-12,30.55,43.80416666666667,1058.9583333333333,0.0,26.241666666666664,79.625,3.9000000000000004,225.45833333333334,0.0,978.8333333333334,chiang_mai,30.55,31.683333333333334,24.15416666666667,26.553571428571434,15.445833333333333,0,6,11
2023-11-13,15.445833333333333,22.287499999999998,630.9583333333334,0.0,25.441666666666666,83.875,3.4125,231.375,2.9,979.2666666666668,chiang_mai,15.445833333333333,30.55,23.03333333333333,27.467261904761905,12.7875,0,0,11
2023-11-14,12.7875,18.529166666666665,647.0,0.0,25.066666666666666,85.45833333333333,3.6666666666666665,227.25,12.5,980.3916666666668,chiang_mai,12.7875,15.445833333333333,23.445833333333336,26.383333333333333,20.645833333333332,0,1,11
2023-11-15,20.645833333333332,29.741666666666664,922.2916666666666,0.0,25.6125,80.08333333333333,4.329166666666667,228.04166666666666,0.0,980.3166666666666,chiang_mai,20.645833333333332,12.7875,23.275000000000002,24.860714285714288,20.920833333333334,0,2,11
2023-11-16,20.920833333333334,30.079166666666666,952.2916666666666,0.0,24.933333333333334,82.54166666666667,4.933333333333334,263.1666666666667,3.9000000000000004,981.2916666666666,chiang_mai,20.920833333333334,20.645833333333332,28.2,24.485119047619044,11.383333333333333,0,3,11
2023-11-17,11.383333333333333,16.366666666666667,642.0833333333334,0.0,23.104166666666668,72.75,11.591666666666667,330.5416666666667,1.5,982.9333333333334,chiang_mai,11.383333333333333,20.920833333333334,32.083333333333336,23.445238095238096,19.087500000000002,0,4,11
2023-11-18,19.087500000000002,27.416666666666668,928.875,0.0,21.879166666666666,73.04166666666667,4.591666666666667,236.25,0.0,981.9666666666667,chiang_mai,19.087500000000002,11.383333333333333,31.683333333333334,20.488095238095237,15.862499999999999,0,5,11
2023-11-19,15.862499999999999,22.71666666666667,920.2083333333334,0.0,22.175,70.16666666666667,5.754166666666666,247.5,0.0,980.9083333333333,chiang_mai,15.862499999999999,19.087500000000002,30.55,18.688690476190477,18.325,0,6,11
2023-11-20,18.325,26.63333333333333,893.8333333333334,0.0,22.120833333333334,74.58333333333333,3.891666666666667,212.70833333333334,0.0,980.0791666666668,chiang_mai,18.325,15.862499999999999,15.445833333333333,16.59047619047619,25.491666666666664,0,0,11
2023-11-21,25.491666666666664,36.7625,1072.2916666666667,0.0,22.275000000000002,82.54166666666667,3.9166666666666665,254.16666666666666,0.0,977.9875000000001,chiang_mai,25.491666666666664,18.325,12.7875,17.001785714285713,31.6875,0,1,11
2023-11-22,31.6875,45.541666666666664,1143.4583333333333,0.0,23.204166666666666,78.5,3.6333333333333333,238.0,0.0,976.5916666666667,chiang_mai,31.6875,25.491666666666664,20.645833333333332,18.816666666666666,30.662499999999998,0,2,11
2023-11-23,30.662499999999998,44.324999999999996,1048.7083333333333,0.0,23.59583333333333,76.41666666666667,4.491666666666666,231.83333333333334,0.0,976.9,chiang_mai,30.662499999999998,31.6875,20.920833333333334,20.39404761904762,23.816666666666666,0,3,11
2023-11-24,23.816666666666666,34.9,926.0833333333334,0.0,23.254166666666666,79.04166666666667,4.8999999999999995,295.125,0.0,978.5208333333334,chiang_mai,23.816666666666666,30.662499999999998,11.383333333333333,21.785714285714285,19.587500000000002,0,4,11
2023-11-25,19.587500000000002,28.78333333333333,866.5,0.0,23.820833333333336,77.29166666666667,4.375,275.125,0.0,979.1291666666666,chiang_mai,19.587500000000002,23.816666666666666,19.087500000000002,23.561904761904763,17.162499999999998,0,5,11
2023-11-26,17.162499999999998,24.929166666666664,691.0416666666666,0.25,23.416666666666668,76.33333333333333,5.216666666666667,273.9583333333333,0.0,979.85,chiang_mai,17.162499999999998,19.587500000000002,15.862499999999999,23.633333333333333,16.662499999999998,0,6,11
2023-11-27,16.662499999999998,24.462500000000002,672.125,0.0,23.245833333333334,72.29166666666667,4.979166666666667,262.7083333333333,0.0,979.5541666666667,chiang_mai,16.662499999999998,17.162499999999998,18.325,23.819047619047616,17.875,0,0,11
2023-11-28,17.875,26.075,773.9583333333334,0.0,22.287499999999998,72.0,5.529166666666666,254.70833333333334,0.0,978.3625000000001,chiang_mai,17.875,16.662499999999998,25.491666666666664,23.58154761904762,23.620833333333334,0,1,11
2023-11-29,23.620833333333334,34.275,886.625,0.0,22.712500000000002,71.45833333333333,4.354166666666667,231.95833333333334,0.0,978.6416666666668,chiang_mai,23.620833333333334,17.875,31.6875,22.49345238095238,30.079166666666666,0,2,11
2023-11-30,30.079166666666666,43.512499999999996,1057.7916666666667,0.0,23.566666666666666,74.125,4.620833333333334,220.875,0.0,979.3375,chiang_mai,30.079166666666666,23.620833333333334,30.662499999999998,21.34107142857143,23.058333333333334,0,3,11
2023-12-01,23.058333333333334,33.425000000000004,813.1666666666666,0.0,24.016666666666666,77.5,4.066666666666666,232.29166666666666,0.0,979.0083333333333,chiang_mai,23.058333333333334,30.079166666666666,23.816666666666666,21.257738095238096,15.65,0,4,12
2023-12-02,15.65,22.5625,777.7083333333334,0.0,24.879166666666666,78.95833333333333,3.8000000000000003,282.75,0.1,978.875,chiang_mai,15.65,23.058333333333334,19.587500000000002,21.149404761904766,13.120833333333332,0,5,12
2023-12-03,13.120833333333332,18.908333333333335,695.125,0.0,24.787499999999998,80.58333333333333,4.941666666666666,215.54166666666666,0.4,979.0791666666668,chiang_mai,13.120833333333332,15.65,17.162499999999998,20.58690476190476,18.641666666666666,0,6,12
2023-12-04,18.641666666666666,26.883333333333336,940.3333333333334,0.0,25.02916666666667,79.45833333333333,3.6750000000000003,206.625,0.0,977.9041666666667,chiang_mai,18.641666666666666,13.120833333333332,16.662499999999998,20.00952380952381,20.208333333333332,0,0,12
2023-12-05,20.208333333333332,29.25,911.5833333333334,0.0,25.204166666666666,80.33333333333333,4.125,212.08333333333334,0.0,976.9291666666667,chiang_mai,20.208333333333332,18.641666666666666,17.875,20.292261904761908,14.641666666666666,0,1,12
2023-12-06,14.641666666666666,21.099999999999998,622.125,0.0,25.425,79.91666666666667,3.220833333333333,217.08333333333334,0.1,977.9083333333333,chiang_mai,14.641666666666666,20.208333333333332,23.620833333333334,20.625595238095237,14.566666666666668,0,2,12
2023-12-07,14.566666666666668,20.870833333333334,677.7083333333334,0.0,24.8625,82.08333333333333,4.658333333333333,220.08333333333334,39.5,978.2416666666667,chiang_mai,14.566666666666668,14.641666666666666,30.079166666666666,19.342857142857145,12.450000000000001,0,3,12
2023-12-08,12.450000000000001,17.841666666666665,721.4166666666666,0.0,24.3,87.04166666666667,4.154166666666667,192.83333333333334,3.6,977.4375,chiang_mai,12.450000000000001,14.566666666666668,23.058333333333334,17.126785714285713,19.833333333333332,0,4,12
2023-12-09,19.833333333333332,28.4875,1027.125,0.0,25.016666666666666,83.83333333333333,2.8083333333333336,211.45833333333334,0.8,976.2291666666666,chiang_mai,19.833333333333332,12.450000000000001,15.65,15.611309523809524,17.708333333333332,0,5,12
2023-12-10,17.708333333333332,25.40416666666667,870.7083333333334,0.0,25.245833333333334,83.33333333333333,3.4166666666666665,207.33333333333334,0.1,974.7833333333333,chiang_mai,17.708333333333332,19.833333333333332,13.120833333333332,16.20892857142857,20.108333333333334,0,6,12
2023-12-11,20.108333333333334,28.795833333333334,967.9583333333334,0.0,25.366666666666664,81.54166666666667,3.4875000000000003,237.95833333333334,0.0,975.9625,chiang_mai,20.108333333333334,17.708333333333332,18.641666666666666,16.864285714285714,23.8125,0,0,12
2023-12-12,23.8125,34.074999999999996,880.6666666666666,0.0,25.358333333333334,82.20833333333333,4.045833333333333,249.08333333333334,0.2,976.1625,chiang_mai,23.8125,20.108333333333334,20.208333333333332,17.073809523809523,27.599999999999998,0,1,12
2023-12-13,27.599999999999998,38.27916666666667,935.125,0.0,24.833333333333332,82.04166666666667,4.741666666666666,251.58333333333334,0.3,977.5791666666668,chiang_mai,27.599999999999998,23.8125,14.641666666666666,17.588690476190475,25.383333333333336,0,2,12
2023-12-14,25.383333333333336,33.637499999999996,865.8333333333334,0.0,24.766666666666666,77.91666666666667,3.4375,238.04166666666666,0.0,978.6458333333334,chiang_mai,25.383333333333336,27.599999999999998,14.566666666666668,19.43988095238095,22.6125,0,3,12
2023-12-15,22.6125,36.541666666666664,878.3333333333334,0.0,24.40416666666667,77.29166666666667,3.4250000000000003,232.29166666666666,0.0,978.0833333333334,chiang_mai,22.6125,25.383333333333336,12.450000000000001,20.985119047619047,21.875,0,4,12
2023-12-16,21.875,31.604166666666668,866.0833333333334,0.0,23.520833333333332,77.45833333333333,3.9625,252.33333333333334,0.0,977.8833333333333,chiang_mai,21.875,22.6125,19.833333333333332,22.436904761904763,23.545833333333334,0,5,12
2023-12-17,23.545833333333334,34.175000000000004,772.25,0.0,23.150000000000002,76.375,4.104166666666667,253.125,0.0,978.9375,chiang_mai,23.545833333333334,21.875,17.708333333333332,22.728571428571428,26.991666666666664,0,6,12
2023-12-18,26.991666666666664,39.12083333333333,917.25,0.0,23.541666666666668,78.25,4.245833333333334,259.3333333333333,0.2,979.5833333333334,chiang_mai,26.991666666666664,23.545833333333334,20.108333333333334,23.5625,27.02916666666667,0,0,12
2023-12-19,27.02916666666667,38.88333333333333,1031.375,0.0,23.5,76.33333333333333,3.8666666666666667,245.54166666666666,0.0,979.4458333333333,chiang_mai,27.02916666666667,26.991666666666664,23.8125,24.54583333333333,26.525000000000002,0,1,12
2023-12-20,26.525000000000002,38.4125,1035.9583333333333,0.25,22.875,72.58333333333333,4.554166666666666,252.45833333333334,0.0,978.9708333333333,chiang_mai,26.525000000000002,27.02916666666667,27.599999999999998,25.005357142857143,22.054166666666664,0,2,12
2023-12-21,22.054166666666664,31.808333333333334,949.5,0.0,22.662499999999998,76.20833333333333,5.016666666666667,238.375,0.0,979.6125000000001,chiang_mai,22.054166666666664,26.525000000000002,25.383333333333336,24.851785714285715,18.224999999999998,0,3,12
2023-12-22,18.224999999999998,26.258333333333336,811.875,0.0,22.275000000000002,68.375,6.7749999999999995,179.83333333333334,0.0,982.2624999999999,chiang_mai,18.224999999999998,22.054166666666664,22.6125,24.376190476190477,17.508333333333333,0,4,12
2023-12-23,17.508333333333333,25.525000000000002,668.4166666666666,0.0,19.691666666666666,70.33333333333333,5.920833333333333,308.875,0.0,984.4041666666667,chiang_mai,17.508333333333333,18.224999999999998,21.875,23.749404761904763,16.033333333333335,0,5,12
2023-12-24,16.033333333333335,23.583333333333332,670.625,0.0,19.104166666666668,66.41666666666667,4.941666666666666,220.625,0.0,984.8458333333333,chiang_mai,16.033333333333335,17.508333333333333,23.545833333333334,23.125595238095237,18.270833333333332,0,6,12
2023-12-25,18.270833333333332,26.629166666666666,771.0,0.0,19.5375,67.33333333333333,4.7875,239.70833333333334,0.0,983.3708333333334,chiang_mai,18.270833333333332,16.033333333333335,26.991666666666664,22.05238095238095,27.241666666666664,0,0,12
2023-12-26,27.241666666666664,39.458333333333336,1081.0833333333333,0.0,20.254166666666666,71.41666666666667,4.529166666666667,222.45833333333334,0.0,982.6583333333333,chiang_mai,27.241666666666664,18.270833333333332,27.02916666666667,20.806547619047617,24.40416666666667,0,1,12
2023-12-27,24.40416666666667,35.170833333333334,1028.9166666666667,0.0,21.204166666666666,72.91666666666667,4.3500000000000005,258.4583333333333,0.0,982.6208333333334,chiang_mai,24.40416666666667,27.241666666666664,26.525000000000002,20.83690476190476,23.425,0,2,12
2023-12-28,23.425,33.7125,964.375,0.0,21.72083333333333,73.0,4.8,249.33333333333334,0.0,981.0875,chiang_mai,23.425,24.40416666666667,22.054166666666664,20.533928571428568,23.462500000000002,0,3,12
2023-12-29,23.462500000000002,33.762499999999996,923.5833333333334,0.125,22.166666666666668,69.5,4.2250000000000005,245.08333333333334,0.0,979.8874999999999,chiang_mai,23.462500000000002,23.425,18.224999999999998,20.729761904761904,22.808333333333334,0,4,12
2023-12-30,22.808333333333334,32.80416666666667,848.2083333333334,0.375,21.97083333333333,69.41666666666667,3.9416666666666664,245.66666666666666,0.0,978.7291666666666,chiang_mai,22.808333333333334,23.462500000000002,17.508333333333333,21.47797619047619,21.158333333333335,0,5,12
2023-12-31,21.158333333333335,30.383333333333336,845.625,0.125,21.808333333333334,69.75,4.075,264.0833333333333,0.0,978.4625,chiang_mai,21.158333333333335,22.808333333333334,16.033333333333335,22.235119047619047,21.245833333333334,0,6,12
2024-01-01,21.245833333333334,30.520833333333332,843.5416666666666,0.125,21.787499999999998,71.25,4.408333333333333,244.5,0.0,978.0083333333333,chiang_mai,21.245833333333334,21.158333333333335,18.270833333333332,22.967261904761905,16.820833333333333,0,0,1
2024-01-02,16.820833333333333,24.083333333333332,904.625,0.0,22.212500000000002,68.54166666666667,3.6958333333333333,233.45833333333334,0.0,977.7416666666667,chiang_mai,16.820833333333333,21.245833333333334,27.241666666666664,23.392261904761906,20.375,0,1,1
2024-01-03,20.375,29.133333333333336,881.0416666666666,0.0,22.241666666666664,69.16666666666667,4.391666666666667,242.0,0.0,977.9916666666667,chiang_mai,20.375,16.820833333333333,24.40416666666667,21.90357142857143,21.025000000000002,0,2,1
2024-01-04,21.025000000000002,30.287499999999998,850.875,0.0,22.445833333333336,70.5,4.629166666666666,243.66666666666666,0.0,978.1291666666666,chiang_mai,21.025000000000002,20.375,23.425,21.32797619047619,16.658333333333335,0,3,1
2024-01-05,16.658333333333335,24.170833333333334,790.75,0.0,22.995833333333334,67.625,3.5416666666666665,242.58333333333334,0.0,978.3541666666666,chiang_mai,16.658333333333335,21.025000000000002,23.462500000000002,20.985119047619047,18.645833333333332,0,4,1
2024-01-06,18.645833333333332,27.108333333333334,879.375,0.0,22.90416666666667,70.58333333333333,3.7874999999999996,239.41666666666666,0.0,978.5833333333334,chiang_mai,18.645833333333332,16.658333333333335,22.808333333333334,20.01309523809524,18.620833333333334,0,5,1
2024-01-07,18.620833333333334,26.97083333333333,875.125,0.0,23.616666666666664,74.0,4.241666666666666,265.125,0.1,978.4416666666666,chiang_mai,18.620833333333334,18.645833333333332,21.158333333333335,19.41845238095238,18.570833333333333,0,6,1
2024-01-08,18.570833333333333,26.900000000000002,770.4583333333334,0.0,23.833333333333332,72.20833333333333,3.5041666666666664,227.29166666666666,0.0,977.9208333333332,chiang_mai,18.570833333333333,18.620833333333334,21.245833333333334,19.055952380952384,15.258333333333333,0,0,1
2024-01-09,15.258333333333333,22.1125,807.5,0.0,24.054166666666664,69.04166666666667,3.404166666666667,237.33333333333334,0.0,976.5416666666666,chiang_mai,15.258333333333333,18.570833333333333,16.820833333333333,18.673809523809524,15.133333333333333,0,1,1
2024-01-10,15.133333333333333,21.891666666666666,781.4583333333334,0.0,23.445833333333336,64.75,3.4458333333333333,254.66666666666666,0.0,975.7083333333334,chiang_mai,15.133333333333333,15.258333333333333,20.375,18.45059523809524,17.170833333333334,0,2,1
2024-01-11,17.170833333333334,24.925,792.5833333333334,0.0,23.441666666666666,64.70833333333333,3.8708333333333336,245.70833333333334,0.0,976.1750000000001,chiang_mai,17.170833333333334,15.133333333333333,21.025000000000002,17.701785714285716,15.666666666666666,0,3,1
2024-01-12,15.666666666666666,22.620833333333334,826.0,0.0,23.3875,66.375,3.1,232.66666666666666,0.0,975.6875,chiang_mai,15.666666666666666,17.170833333333334,16.658333333333335,17.151190476190475,16.570833333333333,0,4,1
2024-01-13,16.570833333333333,23.754166666666666,740.0416666666666,0.0,23.90833333333333,62.333333333333336,3.058333333333333,242.45833333333334,0.0,976.3625000000001,chiang_mai,16.570833333333333,15.666666666666666,18.645833333333332,17.00952380952381,22.820833333333336,0,5,1
2024-01-14,22.820833333333336,32.87916666666667,652.6666666666666,0.0,22.84166666666667,80.54166666666667,4.458333333333333,243.83333333333334,4.1,978.5666666666666,chiang_mai,22.820833333333336,16.570833333333333,18.620833333333334,16.71309523809524,16.304166666666667,0,6,1
2024-01-15,16.304166666666667,23.604166666666668,643.2916666666666,0.0,22.34583333333333,83.375,5.795833333333333,261.2916666666667,7.4,978.8583333333332,chiang_mai,16.304166666666667,22.820833333333336,18.570833333333333,17.31309523809524,19.150000000000002,0,0,1
2024-01-16,19.150000000000002,27.704166666666666,728.375,0.0,21.866666666666664,84.5,4.020833333333333,242.79166666666666,3.1,978.2583333333333,chiang_mai,19.150000000000002,16.304166666666667,15.258333333333333,16.989285714285714,16.941666666666666,0,1,1
2024-01-17,16.941666666666666,24.429166666666664,805.5833333333334,0.0,21.895833333333332,81.95833333333333,4.595833333333333,246.375,2.0,977.6791666666667,chiang_mai,16.941666666666666,19.150000000000002,15.133333333333333,17.545238095238094,20.099999999999998,0,2,1
2024-01-18,20.099999999999998,29.070833333333336,976.0,0.0,22.066666666666666,78.54166666666667,4.1875,237.04166666666666,0.0,977.1625,chiang_mai,20.099999999999998,16.941666666666666,17.170833333333334,17.803571428571427,13.504166666666668,0,3,1
2024-01-19,13.504166666666668,19.491666666666667,891.375,0.0,22.483333333333334,68.08333333333333,3.6291666666666664,238.04166666666666,0.0,976.5958333333333,chiang_mai,13.504166666666668,20.099999999999998,15.666666666666666,18.22202380952381,14.966666666666667,0,4,1
2024-01-20,14.966666666666667,21.675,785.2916666666666,0.0,20.962500000000002,64.375,3.391666666666666,260.75,0.0,976.75,chiang_mai,14.966666666666667,13.504166666666668,16.570833333333333,17.913095238095238,14.583333333333334,0,5,1
2024-01-21,14.583333333333334,21.154166666666665,805.0833333333334,0.0,20.8125,61.541666666666664,3.9958333333333336,240.58333333333334,0.0,977.3291666666668,chiang_mai,14.583333333333334,14.966666666666667,22.820833333333336,17.683928571428574,19.216666666666665,0,6,1
2024-01-22,19.216666666666665,27.979166666666668,810.125,0.625,21.054166666666667,59.708333333333336,2.7125,254.70833333333334,0.0,978.3708333333334,chiang_mai,19.216666666666665,14.583333333333334,16.304166666666667,16.507142857142856,19.2,0,0,1
2024-01-23,19.2,28.020833333333332,727.3333333333334,0.25,21.5625,63.166666666666664,4.366666666666666,245.45833333333334,0.0,978.6999999999999,chiang_mai,19.2,19.216666666666665,19.150000000000002,16.923214285714288,17.595833333333335,0,1,1
2024-01-24,17.595833333333335,25.433333333333334,590.75,0.0,22.129166666666666,72.375,6.108333333333333,209.04166666666666,0.30000000000000004,980.1999999999999,chiang_mai,17.595833333333335,19.2,16.941666666666666,16.930357142857144,26.05,0,2,1
2024-01-25,26.05,37.74583333333333,677.0833333333334,0.0,22.066666666666666,74.66666666666667,7.008333333333333,202.70833333333334,0.1,982.1750000000001,chiang_mai,26.05,17.595833333333335,20.099999999999998,17.023809523809526,16.520833333333332,0,3,1
2024-01-26,16.520833333333332,23.775000000000002,645.9583333333334,0.0,20.75,78.95833333333333,5.908333333333334,216.83333333333334,0.0,982.9625,chiang_mai,16.520833333333332,26.05,13.504166666666668,17.873809523809523,17.412499999999998,0,4,1
2024-01-27,17.412499999999998,25.120833333333334,628.75,0.0,20.775000000000002,81.625,5.025,240.375,0.0,981.775,chiang_mai,17.412499999999998,16.520833333333332,14.966666666666667,18.304761904761904,15.345833333333333,0,5,1
2024-01-28,15.345833333333333,22.179166666666664,680.2083333333334,0.0,21.229166666666668,84.58333333333333,5.125,246.875,1.5,980.9333333333334,chiang_mai,15.345833333333333,17.412499999999998,14.583333333333334,18.654166666666665,15.916666666666666,0,6,1
2024-01-29,15.916666666666666,23.058333333333334,607.2916666666666,0.125,22.791666666666668,81.5,6.329166666666667,154.875,1.5,980.2916666666666,chiang_mai,15.916666666666666,15.345833333333333,19.216666666666665,18.76309523809524,15.191666666666668,0,0,1
2024-01-30,15.191666666666668,21.958333333333332,455.0,0.0,22.433333333333334,83.58333333333333,5.045833333333333,215.20833333333334,1.4,979.7291666666666,chiang_mai,15.191666666666668,15.916666666666666,19.2,18.291666666666664,12.708333333333334,0,1,1
2024-01-31,12.708333333333334,18.2625,530.8333333333334,0.0,22.175,79.16666666666667,3.0041666666666664,205.625,0.0,979.4125,chiang_mai,12.708333333333334,15.191666666666668,17.595833333333335,17.71904761904762,13.395833333333334,0,2,1
2024-02-01,13.395833333333334,19.287499999999998,761.375,0.0,22.854166666666668,63.458333333333336,3.1958333333333333,234.91666666666666,0.0,979.2624999999999,chiang_mai,13.395833333333334,12.708333333333334,26.05,17.020833333333332,12.237499999999999,0,3,2
2024-02-02,12.237499999999999,17.587500000000002,764.8333333333334,0.0,22.554166666666664,60.958333333333336,3.845833333333333,231.58333333333334,0.0,978.1333333333333,chiang_mai,12.237499999999999,13.395833333333334,16.520833333333332,15.213095238095239,14.833333333333334,0,4,2
2024-02-03,14.833333333333334,21.641666666666666,772.375,0.25,22.6375,56.916666666666664,4.3625,245.16666666666666,0.0,977.9041666666667,chiang_mai,14.833333333333334,12.237499999999999,17.412499999999998,14.601190476190476,23.5125,0,5,2
2024-02-04,23.5125,36.041666666666664,709.0833333333334,1.125,21.7625,56.583333333333336,3.0541666666666667,234.91666666666666,0.0,978.4833333333332,chiang_mai,23.5125,14.833333333333334,15.345833333333333,14.232738095238094,18.758333333333333,0,6,2
2024-02-05,18.758333333333333,28.099999999999998,827.375,1.4583333333333333,23.129166666666666,54.666666666666664,3.7416666666666667,233.25,0.0,978.4,chiang_mai,18.758333333333333,23.5125,15.916666666666666,15.399404761904762,18.695833333333333,0,0,2
2024-02-06,18.695833333333333,28.28333333333333,874.3333333333334,4.125,23.333333333333332,56.333333333333336,2.8791666666666664,256.7083333333333,0.0,978.5541666666667,chiang_mai,18.695833333333333,18.758333333333333,15.191666666666668,15.805357142857142,20.920833333333334,0,1,2
2024-02-07,20.920833333333334,32.4,850.375,7.333333333333333,23.15416666666667,60.125,3.1,247.41666666666666,0.0,977.3958333333334,chiang_mai,20.920833333333334,18.695833333333333,12.708333333333334,16.30595238095238,24.537499999999998,0,2,2
2024-02-08,24.537499999999998,38.8125,819.125,7.458333333333333,24.233333333333334,54.75,3.15,239.5,0.0,975.75,chiang_mai,24.537499999999998,20.920833333333334,13.395833333333334,17.479166666666668,24.275000000000002,0,3,2
2024-02-09,24.275000000000002,36.737500000000004,803.0833333333334,4.75,25.27916666666667,56.541666666666664,3.795833333333333,218.79166666666666,0.0,976.8458333333333,chiang_mai,24.275000000000002,24.537499999999998,12.237499999999999,19.070833333333333,24.666666666666668,0,4,2
2024-02-10,24.666666666666668,36.333333333333336,576.7083333333334,2.5,25.241666666666664,70.25,7.758333333333333,211.75,2.4,980.1083333333332,chiang_mai,24.666666666666668,24.275000000000002,14.833333333333334,20.79047619047619,37.15,0,5,2
2024-02-11,37.15,53.824999999999996,765.625,0.75,23.65416666666667,75.54166666666667,6.108333333333333,205.375,1.4000000000000001,983.5500000000001,chiang_mai,37.15,24.666666666666668,23.5125,22.195238095238093,37.09166666666667,0,6,2
2024-02-12,37.09166666666667,54.30416666666667,1115.4166666666667,1.2916666666666667,23.245833333333334,69.08333333333333,5.2250000000000005,259.9166666666667,0.0,982.3666666666667,chiang_mai,37.09166666666667,37.15,18.758333333333333,24.14345238095238,22.337500000000002,0,0,2
2024-02-13,22.337500000000002,32.65833333333333,912.25,0.625,24.566666666666666,60.541666666666664,3.733333333333333,243.04166666666666,0.0,980.3708333333334,chiang_mai,22.337500000000002,37.09166666666667,18.695833333333333,26.7625,19.974999999999998,0,1,2
2024-02-14,19.974999999999998,29.425,822.6666666666666,0.625,24.495833333333334,59.041666666666664,4.029166666666667,244.08333333333334,0.0,978.6750000000001,chiang_mai,19.974999999999998,22.337500000000002,20.920833333333334,27.282738095238095,24.120833333333334,0,2,2
2024-02-15,24.120833333333334,35.166666666666664,966.5,0.25,24.354166666666668,57.833333333333336,4.379166666666666,280.75,0.0,978.6416666666668,chiang_mai,24.120833333333334,19.974999999999998,24.537499999999998,27.14761904761905,22.641666666666666,0,3,2
2024-02-16,22.641666666666666,32.7875,815.625,0.125,25.045833333333334,56.75,4.466666666666667,245.58333333333334,0.0,978.1,chiang_mai,22.641666666666666,24.120833333333334,24.275000000000002,27.08809523809524,19.358333333333334,0,4,2
2024-02-17,19.358333333333334,28.479166666666668,688.9166666666666,0.375,24.90416666666667,61.041666666666664,4.341666666666667,205.70833333333334,0.0,975.5958333333333,chiang_mai,19.358333333333334,22.641666666666666,24.666666666666668,26.854761904761904,15.708333333333334,0,5,2
2024-02-18,15.708333333333334,23.308333333333334,793.75,0.625,23.27916666666667,58.708333333333336,5.0125,242.54166666666666,0.0,975.525,chiang_mai,15.708333333333334,19.358333333333334,37.15,26.09642857142857,15.933333333333332,0,6,2
2024-02-19,15.933333333333332,23.3875,770.2083333333334,0.375,22.916666666666668,57.5,4.845833333333333,248.125,0.0,975.7583333333333,chiang_mai,15.933333333333332,15.708333333333334,37.09166666666667,23.033333333333335,14.808333333333332,0,0,2
2024-02-20,14.808333333333332,21.7,716.4583333333334,0.125,23.858333333333334,55.791666666666664,6.654166666666666,230.75,0.0,974.75,chiang_mai,14.808333333333332,15.933333333333332,22.337500000000002,20.010714285714283,17.620833333333334,0,1,2
2024-02-21,17.620833333333334,26.175,757.9583333333334,1.1666666666666667,22.599999999999998,53.25,4.3374999999999995,238.375,0.0,975.1208333333334,chiang_mai,17.620833333333334,14.808333333333332,19.974999999999998,18.935119047619047,20.625,0,2,2
2024-02-22,20.625,30.695833333333336,837.875,1.125,23.875,49.833333333333336,4.204166666666667,250.0,0.0,976.2458333333334,chiang_mai,20.625,17.620833333333334,24.120833333333334,18.598809523809525,16.920833333333334,0,3,2
2024-02-23,16.920833333333334,24.866666666666664,869.5,0.375,25.441666666666666,46.208333333333336,4.6000000000000005,226.20833333333334,0.0,976.9125,chiang_mai,16.920833333333334,20.625,22.641666666666666,18.09940476190476,19.6375,0,4,2
2024-02-24,19.6375,28.741666666666664,799.6666666666666,0.25,23.983333333333334,48.125,3.995833333333333,243.16666666666666,0.0,976.9708333333333,chiang_mai,19.6375,16.920833333333334,19.358333333333334,17.282142857142855,23.116666666666664,0,5,2
2024-02-25,23.116666666666664,33.94166666666667,802.2916666666666,0.0,26.287499999999998,48.125,2.529166666666667,246.0,0.0,976.8291666666668,chiang_mai,23.116666666666664,19.6375,15.708333333333334,17.32202380952381,30.224999999999998,0,6,2
2024-02-26,30.224999999999998,44.15,667.6666666666666,0.0,26.604166666666668,50.25,4.579166666666667,251.625,0.0,977.1125000000001,chiang_mai,30.224999999999998,23.116666666666664,15.933333333333332,18.380357142857143,29.129166666666666,0,0,2
2024-02-27,29.129166666666666,42.512499999999996,622.5833333333334,0.0,27.333333333333332,62.25,6.629166666666666,229.83333333333334,0.0,976.2833333333333,chiang_mai,29.129166666666666,30.224999999999998,14.808333333333332,20.422023809523807,20.808333333333334,0,1,2
2024-02-28,20.808333333333334,30.3,542.25,0.0,27.891666666666666,57.416666666666664,6.429166666666667,204.54166666666666,0.0,974.6875,chiang_mai,20.808333333333334,29.129166666666666,17.620833333333334,22.467857142857138,15.270833333333334,0,2,2
2024-02-29,15.270833333333334,22.258333333333336,603.375,0.5,26.400000000000002,52.291666666666664,5.2749999999999995,229.83333333333334,0.0,974.5291666666667,chiang_mai,15.270833333333334,20.808333333333334,20.625,22.923214285714284,19.016666666666666,0,3,2
2024-03-01,19.016666666666666,27.933333333333334,664.0416666666666,0.5833333333333334,26.84583333333333,47.708333333333336,4.004166666666667,239.375,0.0,975.1625,chiang_mai,19.016666666666666,15.270833333333334,16.920833333333334,22.15833333333333,21.84583333333333,0,4,3
2024-03-02,21.84583333333333,32.11666666666667,506.0,0.75,28.245833333333334,46.458333333333336,5.3125,225.29166666666666,0.0,975.4583333333334,chiang_mai,21.84583333333333,19.016666666666666,19.6375,22.457738095238092,18.191666666666666,0,5,3
2024-03-03,18.191666666666666,27.008333333333336,476.1666666666667,0.6666666666666666,27.8875,54.25,5.983333333333333,212.29166666666666,0.1,974.9875000000001,chiang_mai,18.191666666666666,21.84583333333333,23.116666666666664,22.773214285714285,15.420833333333334,0,6,3
2024-03-04,15.420833333333334,22.849999999999998,626.875,0.625,26.891666666666666,49.666666666666664,5.1875,211.79166666666666,0.0,973.9041666666667,chiang_mai,15.420833333333334,18.191666666666666,30.224999999999998,22.069642857142856,22.958333333333332,0,0,3
2024-03-05,22.958333333333332,34.012499999999996,725.4583333333334,1.2083333333333333,26.95,47.916666666666664,4.220833333333333,218.91666666666666,0.0,973.2041666666668,chiang_mai,22.958333333333332,15.420833333333334,29.129166666666666,19.954761904761906,30.97083333333333,0,1,3
2024-03-06,30.97083333333333,45.4375,880.875,1.5,27.170833333333334,43.666666666666664,3.9,227.875,0.0,972.475,chiang_mai,30.97083333333333,22.958333333333332,20.808333333333334,19.073214285714283,40.475,1,2,3
2024-03-07,40.475,59.6,953.2083333333334,1.25,28.083333333333332,44.416666666666664,4.383333333333334,247.29166666666666,0.0,972.6083333333332,chiang_mai,40.475,30.97083333333333,15.270833333333334,20.525000000000002,34.3125,0,3,3
2024-03-08,34.3125,50.875,712.2916666666666,0.7083333333333334,28.820833333333336,47.666666666666664,5.841666666666666,219.125,0.0,972.9791666666666,chiang_mai,34.3125,40.475,19.016666666666666,24.125595238095237,18.679166666666667,0,4,3
2024-03-09,18.679166666666667,27.6375,512.9166666666666,0.5,28.7,42.125,6.533333333333334,224.75,0.0,973.5541666666667,chiang_mai,18.679166666666667,34.3125,21.84583333333333,26.310714285714287,20.254166666666666,0,5,3
2024-03-10,20.254166666666666,30.358333333333334,624.25,1.4583333333333333,28.633333333333336,39.833333333333336,5.683333333333334,216.5,0.0,975.7041666666668,chiang_mai,20.254166666666666,18.679166666666667,18.191666666666666,25.85833333333333,19.391666666666666,0,6,3
2024-03-11,19.391666666666666,29.316666666666666,640.8333333333334,1.625,28.5,40.416666666666664,5.125,220.375,0.0,977.0583333333333,chiang_mai,19.391666666666666,20.254166666666666,15.420833333333334,26.152976190476192,20.108333333333334,0,0,3
2024-03-12,20.108333333333334,30.104166666666668,396.9166666666667,0.6666666666666666,28.958333333333332,39.708333333333336,6.979166666666667,235.45833333333334,0.0,975.7875,chiang_mai,20.108333333333334,19.391666666666666,22.958333333333332,26.720238095238095,14.4125,0,1,3
2024-03-13,14.4125,21.2625,528.875,0.5,27.104166666666668,46.541666666666664,6.55,214.83333333333334,0.0,975.1458333333334,chiang_mai,14.4125,20.108333333333334,30.97083333333333,26.313095238095237,30.52916666666667,0,2,3
2024-03-14,30.52916666666667,45.36666666666667,795.7916666666666,2.75,26.458333333333332,41.708333333333336,3.8833333333333333,230.58333333333334,0.0,975.0166666666668,chiang_mai,30.52916666666667,14.4125,40.475,23.94761904761905,47.520833333333336,1,3,3
2024-03-15,47.520833333333336,70.39583333333333,1108.2083333333333,2.125,28.275000000000002,38.541666666666664,3.0124999999999997,232.625,0.0,975.1666666666666,chiang_mai,47.520833333333336,30.52916666666667,34.3125,22.526785714285715,44.96666666666667,1,4,3
2024-03-16,44.96666666666667,68.08333333333333,895.4583333333334,1.9166666666666667,29.133333333333336,40.0,5.420833333333333,204.66666666666666,0.0,975.85,chiang_mai,44.96666666666667,47.520833333333336,18.679166666666667,24.413690476190474,40.1,1,5,3
2024-03-17,40.1,62.48333333333333,591.125,2.0416666666666665,29.545833333333334,43.333333333333336,4.979166666666667,187.20833333333334,0.4,975.6750000000001,chiang_mai,40.1,44.96666666666667,20.254166666666666,28.16904761904762,33.954166666666666,0,6,3
2024-03-18,33.954166666666666,52.225,684.8333333333334,1.4166666666666667,29.97083333333333,43.958333333333336,4.991666666666666,201.91666666666666,0.0,974.6875,chiang_mai,33.954166666666666,40.1,19.391666666666666,31.004166666666666,44.47083333333333,1,0,3
2024-03-19,44.47083333333333,67.01666666666667,783.7083333333334,1.7916666666666667,29.3875,48.458333333333336,5.875,189.95833333333334,0.8999999999999999,975.375,chiang_mai,44.47083333333333,33.954166666666666,20.108333333333334,33.08452380952381,26.933333333333334,0,1,3
2024-03-20,26.933333333333334,38.80833333333333,605.2916666666666,0.0,26.129166666666666,72.29166666666667,6.691666666666666,192.83333333333334,7.0,979.6125000000001,chiang_mai,26.933333333333334,44.47083333333333,14.4125,36.56488095238095,25.645833333333332,0,2,3
2024-03-21,25.645833333333332,36.90416666666667,712.5416666666666,0.0,26.066666666666666,73.58333333333333,4.783333333333333,214.625,0.1,977.15,chiang_mai,25.645833333333332,26.933333333333334,30.52916666666667,38.353571428571435,22.1125,0,3,3
2024-03-22,22.1125,32.229166666666664,674.0416666666666,0.25,26.770833333333332,65.45833333333333,4.195833333333334,262.4583333333333,0.1,973.3416666666667,chiang_mai,22.1125,25.645833333333332,47.520833333333336,37.65595238095238,15.525,0,4,3
2024-03-23,15.525,23.041666666666668,628.7916666666666,0.75,27.3125,48.583333333333336,7.0625,237.04166666666666,0.0,972.3666666666667,chiang_mai,15.525,22.1125,44.96666666666667,34.02619047619048,15.8125,0,5,3
2024-03-24,15.8125,23.78333333333333,524.875,1.9166666666666667,26.458333333333332,43.541666666666664,5.158333333333333,234.75,0.0,974.525,chiang_mai,15.8125,15.525,40.1,29.820238095238093,19.974999999999998,0,6,3
2024-03-25,19.974999999999998,29.933333333333334,604.0833333333334,2.7083333333333335,27.641666666666666,40.458333333333336,4.541666666666667,284.1666666666667,0.0,975.2208333333333,chiang_mai,19.974999999999998,15.8125,33.954166666666666,26.350595238095234,26.4875,0,0,3
2024-03-26,26.4875,39.50416666666667,637.875,2.5833333333333335,28.433333333333334,39.375,5.745833333333334,222.625,0.0,976.025,chiang_mai,26.4875,19.974999999999998,44.47083333333333,24.353571428571428,24.287499999999998,0,1,3
2024-03-27,24.287499999999998,36.69583333333333,457.5416666666667,2.125,30.479166666666668,43.708333333333336,7.491666666666667,178.20833333333334,0.0,977.3791666666666,chiang_mai,24.287499999999998,26.4875,26.933333333333334,21.78452380952381,21.041666666666668,0,2,3
2024-03-28,21.041666666666668,32.4,542.9583333333334,2.375,28.9875,44.666666666666664,5.470833333333334,220.33333333333334,0.0,974.7375000000001,chiang_mai,21.041666666666668,24.287499999999998,25.645833333333332,21.40654761904762,23.420833333333334,0,3,3
2024-03-29,23.420833333333334,36.354166666666664,625.9583333333334,2.125,29.891666666666666,35.625,6.266666666666667,238.33333333333334,0.0,974.2375000000001,chiang_mai,23.420833333333334,21.041666666666668,22.1125,20.74880952380952,25.433333333333334,0,4,3
2024-03-30,25.433333333333334,40.21666666666666,655.8333333333334,4.958333333333333,29.104166666666668,42.416666666666664,6.491666666666667,233.79166666666666,0.0,975.0375,chiang_mai,25.433333333333334,23.420833333333334,15.525,20.935714285714283,32.791666666666664,0,5,3
2024-03-31,32.791666666666664,52.90833333333333,718.7916666666666,5.791666666666667,29.925,42.75,5.845833333333334,243.08333333333334,0.0,974.3416666666667,chiang_mai,32.791666666666664,25.433333333333334,15.8125,22.351190476190474,29.229166666666668,0,6,3
2024-04-01,29.229166666666668,46.90833333333333,631.9583333333334,3.8333333333333335,30.575,40.416666666666664,4.05,216.16666666666666,0.0,972.1583333333333,chiang_mai,29.229166666666668,32.791666666666664,19.974999999999998,24.776785714285715,28.6375,0,0,4
2024-04-02,28.6375,45.10833333333333,691.8333333333334,2.4583333333333335,30.508333333333336,39.458333333333336,4.791666666666667,242.41666666666666,0.0,970.7916666666666,chiang_mai,28.6375,29.229166666666668,26.4875,26.098809523809525,36.90416666666667,0,1,4
2024-04-03,36.90416666666667,57.95416666666667,669.125,3.875,30.604166666666668,38.0,5.154166666666667,218.58333333333334,0.0,971.5666666666666,chiang_mai,36.90416666666667,28.6375,24.287499999999998,26.40595238095238,30.254166666666666,0,2,4
2024-04-04,30.254166666666666,47.6625,691.5416666666666,2.7083333333333335,31.233333333333334,42.583333333333336,4.0249999999999995,210.70833333333334,0.0,971.5666666666666,chiang_mai,30.254166666666666,36.90416666666667,21.041666666666668,28.208333333333336,33.65833333333333,0,3,4
2024-04-05,33.65833333333333,52.50416666666666,712.8333333333334,3.9583333333333335,31.954166666666666,42.083333333333336,5.5,195.58333333333334,0.0,970.8375,chiang_mai,33.65833333333333,30.254166666666666,23.420833333333334,29.52440476190476,36.74583333333333,0,4,4
2024-04-06,36.74583333333333,57.84166666666667,597.0416666666666,4.125,33.1875,43.458333333333336,6.075,176.45833333333334,0.0,971.3041666666667,chiang_mai,36.74583333333333,33.65833333333333,25.433333333333334,30.986904761904764,35.858333333333334,0,5,4
2024-04-07,35.858333333333334,55.395833333333336,627.3333333333334,1.7916666666666667,33.6875,42.416666666666664,5.895833333333333,174.33333333333334,0.0,971.1833333333334,chiang_mai,35.858333333333334,36.74583333333333,32.791666666666664,32.60297619047619,34.15416666666667,0,6,4
2024-04-08,34.15416666666667,52.050000000000004,601.9166666666666,1.125,33.02916666666666,42.458333333333336,4.7375,175.29166666666666,0.0,972.6166666666667,chiang_mai,34.15416666666667,35.858333333333334,29.229166666666668,33.041071428571435,37.65,1,0,4
2024-04-09,37.65,56.40833333333333,765.625,0.5416666666666666,33.016666666666666,41.25,5.245833333333334,192.0,0.30000000000000004,973.5958333333333,chiang_mai,37.65,34.15416666666667,28.6375,33.74464285714286,42.74166666666667,1,1,4
2024-04-10,42.74166666666667,62.99583333333334,678.375,0.375,30.620833333333334,52.041666666666664,6.120833333333334,175.95833333333334,0.0,976.2083333333334,chiang_mai,42.74166666666667,37.65,36.90416666666667,35.03214285714286,41.329166666666666,1,2,4
2024-04-11,41.329166666666666,60.112500000000004,684.75,0.375,29.90416666666667,58.166666666666664,5.1875,212.33333333333334,0.0,976.1,chiang_mai,41.329166666666666,42.74166666666667,30.254166666666666,35.86607142857143,30.170833333333334,0,3,4
2024-04-12,30.170833333333334,44.0875,731.2083333333334,0.125,30.59583333333333,53.5,4.720833333333333,208.70833333333334,0.0,975.0833333333334,chiang_mai,30.170833333333334,41.329166666666666,33.65833333333333,37.448214285714286,33.86666666666667,0,4,4
2024-04-13,33.86666666666667,49.8375,576.4583333333334,0.2916666666666667,30.491666666666664,55.333333333333336,4.570833333333334,220.375,0.1,974.1625,chiang_mai,33.86666666666667,30.170833333333334,36.74583333333333,36.949999999999996,25.9375,0,5,4
2024-04-14,25.9375,37.975,710.7916666666666,0.25,30.795833333333334,51.458333333333336,5.508333333333333,243.45833333333334,1.4,974.2083333333334,chiang_mai,25.9375,33.86666666666667,35.858333333333334,36.538690476190474,26.483333333333334,0,6,4
2024-04-15,26.483333333333334,39.11666666666667,683.625,0.875,28.691666666666666,67.29166666666667,5.866666666666667,244.95833333333334,7.2,974.9291666666667,chiang_mai,26.483333333333334,25.9375,34.15416666666667,35.121428571428574,26.3625,0,0,4
2024-04-16,26.3625,39.25833333333333,705.9583333333334,0.9166666666666666,30.670833333333334,58.208333333333336,4.625,204.375,0.0,973.2041666666668,chiang_mai,26.3625,26.483333333333334,37.65,34.02559523809524,20.7375,0,1,4
2024-04-17,20.7375,31.40416666666667,569.25,1.2083333333333333,31.8875,45.333333333333336,5.279166666666667,208.16666666666666,0.0,971.7958333333332,chiang_mai,20.7375,26.3625,42.74166666666667,32.41309523809524,27.383333333333336,0,2,4
2024-04-18,27.383333333333336,42.79583333333333,576.2916666666666,2.5833333333333335,31.233333333333334,43.916666666666664,4.495833333333334,260.125,0.39999999999999997,971.0041666666666,chiang_mai,27.383333333333336,20.7375,41.329166666666666,29.26964285714286,30.675,0,3,4
2024-04-19,30.675,49.333333333333336,604.25,4.625,30.875,53.25,5.233333333333333,240.91666666666666,0.1,969.5958333333333,chiang_mai,30.675,27.383333333333336,30.170833333333334,27.277380952380952,25.650000000000002,0,4,4
2024-04-20,25.650000000000002,41.53333333333333,559.5416666666666,6.958333333333333,31.433333333333334,48.583333333333336,5.8125,193.29166666666666,0.0,969.2083333333334,chiang_mai,25.650000000000002,30.675,33.86666666666667,27.349404761904765,23.2375,0,5,4
2024-04-21,23.2375,37.229166666666664,569.875,7.25,32.65833333333333,41.458333333333336,5.520833333333333,213.75,0.0,970.0291666666667,chiang_mai,23.2375,25.650000000000002,25.9375,26.17559523809524,25.120833333333334,0,6,4
2024-04-22,25.120833333333334,41.5875,464.6666666666667,9.0,32.7875,41.916666666666664,6.920833333333333,201.20833333333334,0.0,969.9375,chiang_mai,25.120833333333334,23.2375,26.483333333333334,25.78988095238095,27.266666666666666,0,0,4
2024-04-23,27.266666666666666,43.1625,501.9166666666667,2.875,32.75416666666667,44.375,5.666666666666667,228.625,0.0,969.5583333333334,chiang_mai,27.266666666666666,25.120833333333334,26.3625,25.5952380952381,24.695833333333336,0,1,4
2024-04-24,24.695833333333336,38.4125,517.5416666666666,1.8333333333333333,33.53333333333333,42.458333333333336,5.916666666666667,206.95833333333334,0.3,969.9250000000001,chiang_mai,24.695833333333336,27.266666666666666,20.7375,25.724404761904765,26.816666666666666,0,2,4
2024-04-25,26.816666666666666,41.949999999999996,505.5416666666667,2.3333333333333335,31.954166666666666,49.25,4.495833333333334,205.79166666666666,0.39999999999999997,970.6416666666668,chiang_mai,26.816666666666666,24.695833333333336,27.383333333333336,26.28988095238095,22.291666666666668,0,3,4
2024-04-26,22.291666666666668,34.88333333333333,520.0833333333334,1.625,31.983333333333334,47.375,4.6125,235.79166666666666,0.1,969.8791666666666,chiang_mai,22.291666666666668,26.816666666666666,30.675,26.208928571428572,30.195833333333336,0,4,4
2024-04-27,30.195833333333336,47.1,549.7916666666666,2.4166666666666665,32.75,42.291666666666664,4.029166666666667,203.91666666666666,0.0,969.6458333333334,chiang_mai,30.195833333333336,22.291666666666668,25.650000000000002,25.011309523809523,30.566666666666666,0,5,4
2024-04-28,30.566666666666666,48.24166666666667,452.875,3.125,32.854166666666664,43.25,4.75,205.83333333333334,0.0,970.2458333333334,chiang_mai,30.566666666666666,30.195833333333336,23.2375,25.660714285714285,26.683333333333334,0,6,4
2024-04-29,26.683333333333334,42.36666666666667,471.1666666666667,2.6666666666666665,33.65416666666667,44.333333333333336,5.441666666666666,234.41666666666666,0.0,970.7583333333333,chiang_mai,26.683333333333334,30.566666666666666,25.120833333333334,26.707738095238096,24.650000000000002,0,0,4
2024-04-30,24.650000000000002,38.333333333333336,454.7083333333333,1.7083333333333333,33.99166666666667,38.958333333333336,5.4750000000000005,231.66666666666666,0.0,968.3833333333333,chiang_mai,24.650000000000002,26.683333333333334,27.266666666666666,26.930952380952384,26.870833333333334,0,1,4
2024-05-01,26.870833333333334,40.775,501.7083333333333,1.875,33.75416666666667,39.625,5.016666666666667,210.625,0.30000000000000004,967.9166666666666,chiang_mai,26.870833333333334,24.650000000000002,24.695833333333336,26.557142857142857,35.09166666666667,0,2,5
2024-05-02,35.09166666666667,53.95416666666666,446.5,2.625,33.641666666666666,41.458333333333336,5.8500000000000005,215.70833333333334,0.0,968.9291666666667,chiang_mai,35.09166666666667,26.870833333333334,26.816666666666666,26.867857142857144,29.070833333333336,0,3,5
2024-05-03,29.070833333333336,43.770833333333336,477.9583333333333,0.7083333333333334,31.229166666666668,55.458333333333336,2.845833333333333,198.66666666666666,2.9,971.4541666666668,chiang_mai,29.070833333333336,35.09166666666667,22.291666666666668,28.050000000000004,26.375,0,4,5
2024-05-04,26.375,40.12916666666667,553.2083333333334,2.0,30.27916666666667,58.583333333333336,3.720833333333333,215.625,0.0,970.8583333333332,chiang_mai,26.375,29.070833333333336,30.195833333333336,29.01845238095238,21.691666666666666,0,5,5
2024-05-05,21.691666666666666,33.262499999999996,474.0,1.4166666666666667,31.45,54.666666666666664,4.595833333333333,249.33333333333334,0.0,969.7958333333332,chiang_mai,21.691666666666666,26.375,30.566666666666666,28.472619047619048,26.704166666666666,0,6,5
2024-05-06,26.704166666666666,42.65,580.1666666666666,4.333333333333333,32.145833333333336,45.5,4.3,165.33333333333334,0.0,972.0166666666668,chiang_mai,26.704166666666666,21.691666666666666,26.683333333333334,27.204761904761906,35.34583333333334,0,0,5
2024-05-07,35.34583333333334,54.5875,550.0833333333334,3.5416666666666665,30.754166666666666,53.583333333333336,7.195833333333333,189.95833333333334,0.30000000000000004,974.8458333333333,chiang_mai,35.34583333333334,26.704166666666666,24.650000000000002,27.207738095238092,33.791666666666664,0,1,5
2024-05-08,33.791666666666664,50.71666666666667,453.0833333333333,2.8333333333333335,28.9875,65.45833333333333,5.0625,214.375,17.0,975.0333333333333,chiang_mai,33.791666666666664,35.34583333333334,26.870833333333334,28.735714285714288,29.325,0,2,5
2024-05-09,29.325,44.09166666666667,472.5,2.25,28.575,71.70833333333333,5.6000000000000005,216.04166666666666,2.0,973.75,chiang_mai,29.325,33.791666666666664,35.09166666666667,29.72440476190476,21.97083333333333,0,3,5
2024-05-10,21.97083333333333,32.333333333333336,393.3333333333333,0.625,27.4375,76.75,5.416666666666667,204.95833333333334,16.6,974.8458333333333,chiang_mai,21.97083333333333,29.325,29.070833333333336,28.90059523809524,22.612499999999997,0,4,5
2024-05-11,22.612499999999997,33.045833333333334,470.1666666666667,0.4583333333333333,27.454166666666666,76.08333333333333,5.145833333333333,206.625,24.9,975.6833333333334,chiang_mai,22.612499999999997,21.97083333333333,26.375,27.886309523809523,18.458333333333332,0,5,5
2024-05-12,18.458333333333332,26.679166666666664,576.1666666666666,0.0,28.558333333333334,73.125,3.6958333333333333,231.08333333333334,1.3,974.8916666666668,chiang_mai,18.458333333333332,22.612499999999997,21.691666666666666,27.348809523809525,23.400000000000002,0,6,5
2024-05-13,23.400000000000002,34.275,536.7083333333334,1.0,29.400000000000002,72.25,4.2625,245.41666666666666,1.0999999999999999,973.6583333333333,chiang_mai,23.400000000000002,18.458333333333332,26.704166666666666,26.88690476190476,19.6125,0,0,5
2024-05-14,19.6125,28.6875,503.4583333333333,0.9166666666666666,29.974999999999998,68.29166666666667,3.6625,205.70833333333334,4.9,973.9291666666667,chiang_mai,19.6125,23.400000000000002,35.34583333333334,26.41488095238095,19.204166666666666,0,1,5
2024-05-15,19.204166666666666,27.758333333333336,638.2916666666666,0.4166666666666667,29.3875,73.29166666666667,3.529166666666667,198.33333333333334,13.799999999999999,974.625,chiang_mai,19.204166666666666,19.6125,33.791666666666664,24.167261904761904,27.15833333333333,0,2,5
2024-05-16,27.15833333333333,39.074999999999996,783.0833333333334,0.375,31.383333333333336,62.791666666666664,5.666666666666667,188.66666666666666,3.9000000000000004,974.1041666666666,chiang_mai,27.15833333333333,19.204166666666666,29.325,22.083333333333332,22.21666666666667,0,3,5
2024-05-17,22.21666666666667,31.895833333333332,535.7916666666666,0.0,28.2,79.625,6.004166666666666,212.66666666666666,24.3,973.4041666666667,chiang_mai,22.21666666666667,27.15833333333333,21.97083333333333,21.773809523809522,17.441666666666666,0,4,5
2024-05-18,17.441666666666666,25.083333333333332,554.4166666666666,0.0,29.1375,77.5,3.404166666666667,235.45833333333334,7.1,971.0916666666667,chiang_mai,17.441666666666666,22.21666666666667,22.612499999999997,21.80892857142857,18.670833333333334,0,5,5
2024-05-19,18.670833333333334,26.95,705.5833333333334,0.125,30.52916666666667,70.16666666666667,3.85,139.79166666666666,3.3,969.2791666666667,chiang_mai,18.670833333333334,17.441666666666666,18.458333333333332,21.070238095238096,15.35,0,6,5
2024-05-20,15.35,22.34166666666667,460.8333333333333,0.5,29.433333333333334,72.04166666666667,3.7375000000000003,130.125,39.2,969.5749999999999,chiang_mai,15.35,18.670833333333334,23.400000000000002,21.10059523809524,13.783333333333333,0,0,5
2024-05-21,13.783333333333333,19.708333333333332,490.0833333333333,0.0,26.662499999999998,83.29166666666667,3.6333333333333333,181.41666666666666,30.3,972.1083333333332,chiang_mai,13.783333333333333,15.35,19.6125,19.95059523809524,11.4125,0,1,5
2024-05-22,11.4125,16.304166666666667,509.6666666666667,0.0,26.979166666666668,81.04166666666667,4.458333333333333,209.66666666666666,22.8,972.3208333333333,chiang_mai,11.4125,13.783333333333333,19.204166666666666,19.11785714285714,15.85,0,2,5
2024-05-23,15.85,22.65416666666667,621.625,0.0,26.008333333333336,86.29166666666667,4.916666666666667,222.16666666666666,36.800000000000004,971.7708333333334,chiang_mai,15.85,11.4125,27.15833333333333,18.004761904761903,7.841666666666666,0,3,5
2024-05-24,7.841666666666666,11.2125,392.4166666666667,0.0,25.083333333333332,90.20833333333333,4.345833333333333,228.79166666666666,49.1,971.4458333333333,chiang_mai,7.841666666666666,15.85,22.21666666666667,16.389285714285712,6.091666666666666,0,4,5
2024-05-25,6.091666666666666,8.729166666666666,352.0833333333333,0.0,24.9875,90.54166666666667,4.8500000000000005,215.16666666666666,37.1,971.9958333333334,chiang_mai,6.091666666666666,7.841666666666666,17.441666666666666,14.335714285714285,5.595833333333334,0,5,5
2024-05-26,5.595833333333334,8.008333333333333,333.5416666666667,0.0,25.833333333333332,89.875,5.041666666666667,201.29166666666666,21.1,972.3541666666666,chiang_mai,5.595833333333334,6.091666666666666,18.670833333333334,12.714285714285714,6.929166666666667,0,6,5
2024-05-27,6.929166666666667,9.945833333333333,382.5416666666667,0.0,26.77916666666667,86.41666666666667,4.491666666666666,201.0,19.0,971.125,chiang_mai,6.929166666666667,5.595833333333334,15.35,10.846428571428572,8.958333333333334,0,0,5
2024-05-28,8.958333333333334,12.845833333333333,420.9583333333333,0.2916666666666667,27.941666666666666,82.41666666666667,5.1125,183.70833333333334,5.3,970.4875000000001,chiang_mai,8.958333333333334,6.929166666666667,13.783333333333333,9.64345238095238,12.354166666666666,0,1,5
2024-05-29,12.354166666666666,17.766666666666666,490.625,0.375,27.90833333333333,82.0,4.7749999999999995,175.75,5.0,969.9541666666668,chiang_mai,12.354166666666666,8.958333333333334,11.4125,8.954166666666667,16.474999999999998,0,2,5
2024-05-30,16.474999999999998,24.825,576.7083333333334,2.3333333333333335,28.833333333333332,80.41666666666667,4.420833333333333,137.16666666666666,0.8,969.4916666666667,chiang_mai,16.474999999999998,12.354166666666666,15.85,9.088690476190477,20.8625,0,3,5
2024-05-31,20.8625,33.391666666666666,573.2083333333334,8.083333333333334,29.054166666666664,82.29166666666667,4.558333333333334,171.41666666666666,5.3,969.6583333333333,chiang_mai,20.8625,16.474999999999998,7.841666666666666,9.17797619047619,14.245833333333332,0,4,5
2024-06-01,14.245833333333332,21.383333333333336,516.0,2.5833333333333335,26.983333333333334,86.33333333333333,4.570833333333334,220.54166666666666,11.1,972.4291666666667,chiang_mai,14.245833333333332,20.8625,6.091666666666666,11.038095238095238,7.6499999999999995,0,5,6
2024-06-02,7.6499999999999995,10.958333333333334,344.3333333333333,0.0,26.8875,85.79166666666667,3.358333333333333,192.54166666666666,12.9,973.8541666666666,chiang_mai,7.6499999999999995,14.245833333333332,5.595833333333334,12.202976190476189,9.737499999999999,0,6,6
2024-06-03,9.737499999999999,13.829166666666666,492.0833333333333,0.0,26.787499999999998,86.54166666666667,4.395833333333333,171.04166666666666,4.9,972.3666666666667,chiang_mai,9.737499999999999,7.6499999999999995,6.929166666666667,12.49642857142857,13.25,0,0,6
2024-06-04,13.25,19.2375,665.875,1.2916666666666667,27.775000000000002,80.83333333333333,4.1125,168.75,3.9000000000000004,971.5833333333334,chiang_mai,13.25,9.737499999999999,8.958333333333334,12.897619047619047,15.579166666666666,0,1,6
2024-06-05,15.579166666666666,23.179166666666664,595.4583333333334,3.75,27.308333333333334,82.16666666666667,4.320833333333334,141.91666666666666,5.2,971.5375,chiang_mai,15.579166666666666,13.25,12.354166666666666,13.510714285714284,10.758333333333333,0,2,6
2024-06-06,10.758333333333333,15.387500000000001,459.4583333333333,0.5833333333333334,27.358333333333334,81.75,4.766666666666667,230.54166666666666,5.3,972.1374999999999,chiang_mai,10.758333333333333,15.579166666666666,16.474999999999998,13.971428571428572,10.0,0,3,6
2024-06-07,10.0,14.174999999999999,467.3333333333333,0.08333333333333333,27.391666666666666,82.91666666666667,4.983333333333333,232.45833333333334,6.1,970.5124999999999,chiang_mai,10.0,10.758333333333333,20.8625,13.154761904761902,13.283333333333333,0,4,6
2024-06-08,13.283333333333333,19.25,587.5416666666666,1.5,27.133333333333336,84.375,3.7416666666666667,144.0,12.7,969.0916666666667,chiang_mai,13.283333333333333,10.0,14.245833333333332,11.60297619047619,15.883333333333333,0,5,6
2024-06-09,15.883333333333333,24.412499999999998,638.7083333333334,6.583333333333333,27.1375,85.20833333333333,3.7458333333333336,162.95833333333334,3.4,968.7208333333333,chiang_mai,15.883333333333333,13.283333333333333,7.6499999999999995,11.465476190476192,12.058333333333332,0,6,6
2024-06-10,12.058333333333332,17.470833333333335,396.2916666666667,1.6666666666666667,26.416666666666668,87.16666666666667,4.329166666666667,205.58333333333334,20.1,969.9625,chiang_mai,12.058333333333332,15.883333333333333,9.737499999999999,12.641666666666666,8.1,0,0,6
2024-06-11,8.1,11.512500000000001,355.625,0.125,25.754166666666666,89.5,5.25,214.5,37.0,971.2791666666667,chiang_mai,8.1,12.058333333333332,13.25,12.973214285714286,6.695833333333333,0,1,6
2024-06-12,6.695833333333333,9.487499999999999,320.5416666666667,0.0,26.97083333333333,82.45833333333333,5.670833333333333,178.20833333333334,3.1,972.7041666666668,chiang_mai,6.695833333333333,8.1,15.579166666666666,12.237499999999999,7.25,0,2,6
2024-06-13,7.25,10.379166666666666,384.25,0.0,26.425,84.95833333333333,3.7875,140.875,9.4,972.1750000000001,chiang_mai,7.25,6.695833333333333,10.758333333333333,10.968452380952382,6.083333333333333,0,3,6
2024-06-14,6.083333333333333,8.716666666666667,346.7916666666667,0.0,27.287499999999998,80.91666666666667,5.179166666666667,169.79166666666666,2.5,970.0916666666667,chiang_mai,6.083333333333333,7.25,10.0,10.467261904761907,11.4125,0,4,6
2024-06-15,11.4125,16.55,563.9583333333334,0.7916666666666666,27.90833333333333,81.29166666666667,3.404166666666667,149.625,4.9,969.7083333333334,chiang_mai,11.4125,6.083333333333333,13.283333333333333,9.907738095238093,15.0,0,5,6
2024-06-16,15.0,21.45,877.9166666666666,0.125,27.483333333333334,83.54166666666667,4.0125,168.20833333333334,12.9,970.6666666666666,chiang_mai,15.0,11.4125,15.883333333333333,9.64047619047619,12.470833333333333,0,6,6
2024-06-17,12.470833333333333,17.820833333333333,727.9583333333334,0.2916666666666667,27.004166666666666,84.66666666666667,4.166666666666667,135.29166666666666,15.3,970.875,chiang_mai,12.470833333333333,15.0,12.058333333333332,9.514285714285714,10.15,0,0,6
2024-06-18,10.15,14.9125,526.0833333333334,1.6666666666666667,27.03333333333333,84.25,4.783333333333333,157.66666666666666,12.8,970.1083333333332,chiang_mai,10.15,12.470833333333333,8.1,9.573214285714284,8.941666666666666,0,1,6
2024-06-19,8.941666666666666,12.754166666666668,467.625,0.875,27.425,79.08333333333333,4.241666666666666,143.04166666666666,2.9,969.625,chiang_mai,8.941666666666666,10.15,6.695833333333333,9.866071428571429,8.3375,0,2,6
2024-06-20,8.3375,11.841666666666667,463.0416666666667,0.125,28.066666666666666,77.83333333333333,3.7083333333333335,144.45833333333334,1.2,969.2041666666668,chiang_mai,8.3375,8.941666666666666,7.25,10.186904761904762,10.6,0,3,6
2024-06-21,10.6,15.166666666666666,505.375,0.08333333333333333,28.104166666666668,80.0,4.0,164.875,1.8000000000000003,968.5708333333333,chiang_mai,10.6,8.3375,6.083333333333333,10.342261904761903,14.054166666666667,0,4,6
2024-06-22,14.054166666666667,20.224999999999998,494.5416666666667,0.375,28.708333333333332,79.33333333333333,4.229166666666667,154.875,2.1,967.9416666666666,chiang_mai,14.054166666666667,10.6,11.4125,10.9875,14.391666666666666,0,5,6
2024-06-23,14.391666666666666,20.5625,539.2083333333334,0.0,27.745833333333334,81.375,4.495833333333334,164.25,2.6,968.7666666666668,chiang_mai,14.391666666666666,14.054166666666667,15.0,11.364880952380952,13.700000000000001,0,6,6
2024-06-24,13.700000000000001,19.4375,431.9583333333333,0.0,26.650000000000002,86.79166666666667,5.341666666666666,161.58333333333334,2.7,968.7083333333334,chiang_mai,13.700000000000001,14.391666666666666,12.470833333333333,11.27797619047619,14.191666666666668,0,0,6
2024-06-25,14.191666666666668,20.191666666666666,446.5416666666667,0.0,26.3875,86.45833333333333,3.875,173.70833333333334,7.0,968.5416666666666,chiang_mai,14.191666666666668,13.700000000000001,10.15,11.453571428571427,8.708333333333334,0,1,6
2024-06-26,8.708333333333334,12.4,376.125,0.0,25.558333333333334,89.70833333333333,4.5,222.875,25.9,970.5208333333334,chiang_mai,8.708333333333334,14.191666666666668,8.941666666666666,12.030952380952382,6.9875,0,2,6
2024-06-27,6.9875,9.991666666666667,336.0,0.0,26.104166666666668,87.0,5.483333333333333,244.58333333333334,19.5,972.8416666666667,chiang_mai,6.9875,8.708333333333334,8.3375,11.997619047619049,11.104166666666666,0,3,6
2024-06-28,11.104166666666666,15.845833333333333,499.0833333333333,0.08333333333333333,27.28333333333333,84.16666666666667,3.9458333333333333,188.41666666666666,2.2,971.9250000000001,chiang_mai,11.104166666666666,6.9875,10.6,11.804761904761905,10.6875,0,4,6
2024-06-29,10.6875,15.116666666666667,421.3333333333333,0.08333333333333333,27.462500000000002,83.0,4.329166666666667,155.0,24.5,971.9,chiang_mai,10.6875,11.104166666666666,14.054166666666667,11.876785714285715,8.970833333333333,0,5,6
2024-06-30,8.970833333333333,12.883333333333333,398.2083333333333,0.8333333333333334,26.733333333333334,88.16666666666667,4.066666666666666,141.375,26.3,972.7541666666666,chiang_mai,8.970833333333333,10.6875,14.391666666666666,11.395833333333334,8.391666666666667,0,6,6
2024-07-01,8.391666666666667,12.1875,409.6666666666667,0.5,26.541666666666668,83.0,5.0125,160.875,1.1,971.6833333333334,chiang_mai,8.391666666666667,8.970833333333333,13.700000000000001,10.621428571428572,10.470833333333333,0,0,7
2024-07-02,10.470833333333333,15.549999999999999,549.5416666666666,2.1666666666666665,27.0625,80.29166666666667,4.154166666666667,160.16666666666666,16.6,970.5666666666666,chiang_mai,10.470833333333333,8.391666666666667,14.191666666666668,9.863095238095239,10.404166666666667,0,1,7
2024-07-03,10.404166666666667,15.2875,518.9583333333334,1.875,26.945833333333336,82.83333333333333,4.220833333333333,164.79166666666666,11.5,971.5708333333333,chiang_mai,10.404166666666667,10.470833333333333,8.708333333333334,9.33154761904762,10.095833333333333,0,2,7
2024-07-04,10.095833333333333,14.420833333333334,366.6666666666667,0.6666666666666666,26.445833333333336,86.875,3.4375,202.04166666666666,11.3,973.3708333333334,chiang_mai,10.095833333333333,10.404166666666667,6.9875,9.573809523809524,11.845833333333333,0,3,7
2024-07-05,11.845833333333333,17.054166666666667,413.3333333333333,1.5416666666666667,26.070833333333336,88.08333333333333,3.454166666666667,223.33333333333334,19.099999999999998,971.5291666666667,chiang_mai,11.845833333333333,10.095833333333333,11.104166666666666,10.017857142857142,12.033333333333333,0,4,7
2024-07-06,12.033333333333333,17.150000000000002,400.5833333333333,1.5833333333333333,26.391666666666666,85.70833333333333,3.9458333333333333,210.83333333333334,16.7,970.5875,chiang_mai,12.033333333333333,11.845833333333333,10.6875,10.123809523809523,8.341666666666667,0,5,7
2024-07-07,8.341666666666667,11.879166666666668,335.5833333333333,0.5,26.804166666666664,83.83333333333333,5.045833333333333,190.0,3.7,971.0291666666667,chiang_mai,8.341666666666667,12.033333333333333,8.970833333333333,10.316071428571428,7.6875,0,6,7
2024-07-08,7.6875,10.908333333333333,342.7916666666667,0.0,26.541666666666668,85.75,4.495833333333334,230.70833333333334,25.3,971.4375,chiang_mai,7.6875,8.341666666666667,8.391666666666667,10.226190476190476,12.820833333333333,0,0,7
2024-07-09,12.820833333333333,18.220833333333335,420.375,0.9166666666666666,26.900000000000002,85.70833333333333,3.9,176.75,6.6,972.0375,chiang_mai,12.820833333333333,7.6875,10.470833333333333,10.125595238095238,16.2625,0,1,7
2024-07-10,16.2625,22.954166666666666,585.0,0.9166666666666666,27.25,82.33333333333333,3.5583333333333336,171.79166666666666,28.3,972.3375,chiang_mai,16.2625,12.820833333333333,10.404166666666667,10.461309523809524,10.954166666666666,0,2,7
2024-07-11,10.954166666666666,15.629166666666668,486.9166666666667,0.625,26.545833333333334,88.16666666666667,3.4291666666666667,148.41666666666666,13.600000000000001,970.9583333333334,chiang_mai,10.954166666666666,16.2625,10.095833333333333,11.298214285714286,11.554166666666667,0,3,7
2024-07-12,11.554166666666667,16.395833333333332,640.625,0.08333333333333333,26.958333333333332,83.70833333333333,4.6499999999999995,137.58333333333334,12.0,969.2708333333334,chiang_mai,11.554166666666667,10.954166666666666,11.845833333333333,11.420833333333333,10.933333333333332,0,4,7
2024-07-13,10.933333333333332,15.508333333333333,614.2916666666666,0.16666666666666666,27.170833333333334,82.5,4.8125,150.04166666666666,4.9,967.475,chiang_mai,10.933333333333332,11.554166666666667,12.033333333333333,11.379166666666666,9.987499999999999,0,5,7
2024-07-14,9.987499999999999,14.158333333333333,452.75,0.0,27.150000000000002,83.29166666666667,4.804166666666666,175.54166666666666,7.1,968.4583333333334,chiang_mai,9.987499999999999,10.933333333333332,8.341666666666667,11.22202380952381,13.733333333333334,0,6,7
2024-07-15,13.733333333333334,19.5,660.7916666666666,0.20833333333333334,27.008333333333336,86.375,3.7291666666666665,224.0,5.8,970.4208333333332,chiang_mai,13.733333333333334,9.987499999999999,7.6875,11.457142857142857,11.625,0,0,7
2024-07-16,11.625,16.525000000000002,521.2083333333334,0.0,26.96666666666667,87.08333333333333,2.954166666666667,134.875,26.8,969.5749999999999,chiang_mai,11.625,13.733333333333334,12.820833333333333,12.320833333333335,12.395833333333334,0,1,7
2024-07-17,12.395833333333334,17.708333333333332,467.625,0.0,26.95,85.41666666666667,4.175,197.95833333333334,7.800000000000001,969.1541666666667,chiang_mai,12.395833333333334,11.625,16.2625,12.15,14.483333333333334,0,2,7
2024-07-18,14.483333333333334,20.662499999999998,639.2083333333334,0.0,26.308333333333334,88.79166666666667,4.133333333333334,167.20833333333334,11.700000000000001,969.1875,chiang_mai,14.483333333333334,12.395833333333334,10.954166666666666,11.597619047619046,10.195833333333333,0,3,7
2024-07-19,10.195833333333333,14.545833333333334,477.3333333333333,0.0,26.170833333333334,89.95833333333333,4.1000000000000005,138.0,38.2,968.8708333333334,chiang_mai,10.195833333333333,14.483333333333334,11.554166666666667,12.101785714285713,10.154166666666667,0,4,7
2024-07-20,10.154166666666667,14.479166666666666,504.375,0.0,26.504166666666666,87.75,3.608333333333333,149.875,16.9,970.4791666666666,chiang_mai,10.154166666666667,10.195833333333333,10.933333333333332,11.907738095238097,8.1625,0,5,7
2024-07-21,8.1625,11.637500000000001,448.9166666666667,0.0,26.504166666666666,86.33333333333333,3.0416666666666665,173.125,18.7,971.3249999999999,chiang_mai,8.1625,10.154166666666667,9.987499999999999,11.796428571428569,10.016666666666667,0,6,7
2024-07-22,10.016666666666667,14.308333333333332,554.9583333333334,0.0,25.675,89.625,3.6833333333333336,142.45833333333334,10.2,971.75,chiang_mai,10.016666666666667,8.1625,13.733333333333334,11.535714285714286,9.908333333333333,0,0,7
2024-07-23,9.908333333333333,14.174999999999999,504.0833333333333,0.16666666666666666,26.662499999999998,86.04166666666667,4.258333333333334,146.75,9.5,969.4875000000001,chiang_mai,9.908333333333333,10.016666666666667,11.625,11.004761904761905,8.595833333333333,0,1,7
2024-07-24,8.595833333333333,12.341666666666667,541.9583333333334,0.20833333333333334,26.09583333333333,87.79166666666667,4.6499999999999995,145.45833333333334,19.9,966.5083333333333,chiang_mai,8.595833333333333,9.908333333333333,12.395833333333334,10.75952380952381,6.070833333333333,0,2,7
2024-07-25,6.070833333333333,8.679166666666667,394.0833333333333,0.0,26.608333333333334,85.33333333333333,5.491666666666666,159.66666666666666,2.8000000000000003,965.4916666666667,chiang_mai,6.070833333333333,8.595833333333333,14.483333333333334,10.216666666666667,5.841666666666666,0,3,7
2024-07-26,5.841666666666666,8.341666666666667,315.0833333333333,0.08333333333333333,25.333333333333332,91.25,5.083333333333333,152.04166666666666,34.6,967.2791666666667,chiang_mai,5.841666666666666,6.070833333333333,10.195833333333333,9.014880952380953,6.270833333333333,0,4,7
2024-07-27,6.270833333333333,8.945833333333333,339.375,0.0,26.370833333333334,86.66666666666667,4.608333333333333,147.20833333333334,16.799999999999997,969.5875,chiang_mai,6.270833333333333,5.841666666666666,10.154166666666667,8.392857142857142,7.0375000000000005,0,5,7
2024-07-28,7.0375000000000005,10.033333333333333,340.2916666666667,0.0,25.704166666666666,89.75,4.858333333333333,187.29166666666666,27.9,969.4833333333332,chiang_mai,7.0375000000000005,6.270833333333333,8.1625,7.838095238095238,7.6875,0,6,7
2024-07-29,7.6875,10.950000000000001,370.375,0.0,26.34166666666667,86.58333333333333,3.6875,111.29166666666667,22.5,969.1083333333332,chiang_mai,7.6875,7.0375000000000005,10.016666666666667,7.677380952380952,7.9125000000000005,0,0,7
2024-07-30,7.9125000000000005,11.5,404.0416666666667,1.0416666666666667,25.333333333333332,91.5,3.5625,137.16666666666666,19.5,970.4666666666667,chiang_mai,7.9125000000000005,7.6875,9.908333333333333,7.3446428571428575,6.5125,0,1,7
2024-07-31,6.5125,9.275,344.4583333333333,0.375,24.879166666666666,93.75,3.6208333333333336,148.91666666666666,36.3,971.6333333333333,chiang_mai,6.5125,7.9125000000000005,8.595833333333333,7.05952380952381,5.770833333333333,0,2,7
2024-08-01,5.770833333333333,8.208333333333334,359.0,0.08333333333333333,24.541666666666668,92.5,3.470833333333333,205.875,37.8,972.8083333333334,chiang_mai,5.770833333333333,6.5125,6.070833333333333,6.761904761904762,6.925,0,3,8
2024-08-02,6.925,9.904166666666667,461.4166666666667,0.125,24.6875,92.33333333333333,3.704166666666667,171.08333333333334,10.1,972.725,chiang_mai,6.925,5.770833333333333,5.841666666666666,6.71904761904762,9.475,0,4,8
2024-08-03,9.475,13.529166666666667,489.5416666666667,0.4583333333333333,25.5625,89.04166666666667,4.408333333333333,144.41666666666666,18.3,973.0,chiang_mai,9.475,6.925,6.270833333333333,6.873809523809524,11.495833333333332,0,5,8
2024-08-04,11.495833333333332,16.375,485.375,0.5833333333333334,25.84166666666667,87.95833333333333,3.9125,160.91666666666666,11.6,972.8083333333334,chiang_mai,11.495833333333332,9.475,7.0375000000000005,7.331547619047619,11.112499999999999,0,6,8
2024-08-05,11.112499999999999,15.766666666666666,439.0,0.625,25.858333333333334,87.54166666666667,3.625,157.875,25.7,972.2916666666666,chiang_mai,11.112499999999999,11.495833333333332,7.6875,7.96845238095238,11.929166666666667,0,0,8
2024-08-06,11.929166666666667,16.7375,463.9166666666667,0.5833333333333334,25.96666666666667,86.54166666666667,3.966666666666667,179.66666666666666,17.1,971.7541666666666,chiang_mai,11.929166666666667,11.112499999999999,7.9125000000000005,8.457738095238096,12.5,0,1,8
2024-08-07,12.5,17.270833333333332,447.7916666666667,0.20833333333333334,26.420833333333334,85.25,3.8375,193.75,17.1,972.3958333333334,chiang_mai,12.5,11.929166666666667,6.5125,9.031547619047618,15.033333333333333,0,2,8
2024-08-08,15.033333333333333,20.904166666666665,599.7083333333334,0.4583333333333333,26.579166666666666,87.16666666666667,4.075,196.58333333333334,14.4,973.275,chiang_mai,15.033333333333333,12.5,5.770833333333333,9.886904761904761,17.416666666666668,0,3,8
2024-08-09,17.416666666666668,24.620833333333334,816.2916666666666,1.375,27.545833333333334,81.875,3.8874999999999997,163.33333333333334,1.1,972.4416666666666,chiang_mai,17.416666666666668,15.033333333333333,6.925,11.210119047619047,12.191666666666668,0,4,8
2024-08-10,12.191666666666668,17.433333333333334,627.3333333333334,0.7083333333333334,28.083333333333332,82.25,3.1291666666666664,178.08333333333334,8.4,970.9416666666666,chiang_mai,12.191666666666668,17.416666666666668,9.475,12.708928571428572,12.870833333333332,0,5,8
2024-08-11,12.870833333333332,18.683333333333334,657.0833333333334,1.25,27.8125,83.04166666666667,3.654166666666667,175.25,6.6,969.4291666666667,chiang_mai,12.870833333333332,12.191666666666668,11.495833333333332,13.09702380952381,17.1125,0,6,8
2024-08-12,17.1125,24.241666666666664,772.5,0.8333333333333334,26.15833333333333,90.83333333333333,3.795833333333333,148.58333333333334,5.2,969.1208333333334,chiang_mai,17.1125,12.870833333333332,11.112499999999999,13.293452380952383,11.854166666666666,0,0,8
2024-08-13,11.854166666666666,16.783333333333335,519.8333333333334,0.08333333333333333,25.891666666666666,91.83333333333333,3.9416666666666664,177.75,21.2,970.1999999999999,chiang_mai,11.854166666666666,17.1125,11.929166666666667,14.150595238095239,12.975,0,1,8
2024-08-14,12.975,18.504166666666666,565.4583333333334,0.8333333333333334,26.166666666666668,88.54166666666667,4.545833333333333,205.29166666666666,30.799999999999997,971.3041666666667,chiang_mai,12.975,11.854166666666666,12.5,14.13988095238095,11.429166666666667,0,2,8
2024-08-15,11.429166666666667,16.083333333333332,555.1666666666666,0.4583333333333333,26.541666666666668,87.79166666666667,3.670833333333333,204.08333333333334,23.5,970.8958333333334,chiang_mai,11.429166666666667,12.975,15.033333333333333,14.207738095238096,14.183333333333332,0,3,8
2024-08-16,14.183333333333332,20.054166666666667,596.875,0.0,26.462500000000002,89.0,3.5833333333333335,154.16666666666666,20.700000000000003,970.6208333333334,chiang_mai,14.183333333333332,11.429166666666667,17.416666666666668,13.692857142857141,11.254166666666668,0,4,8
2024-08-17,11.254166666666668,15.987499999999999,491.2916666666667,0.0,26.474999999999998,88.08333333333333,4.404166666666667,196.58333333333334,4.8,971.9666666666667,chiang_mai,11.254166666666668,14.183333333333332,12.191666666666668,13.230952380952383,9.883333333333333,0,5,8
2024-08-18,9.883333333333333,14.095833333333333,469.1666666666667,0.0,26.7,87.875,3.7083333333333335,173.70833333333334,18.0,972.7458333333334,chiang_mai,9.883333333333333,11.254166666666668,12.870833333333332,13.097023809523808,13.591666666666667,0,6,8
2024-08-19,13.591666666666667,19.370833333333334,573.125,0.0,26.795833333333334,86.375,3.579166666666667,210.58333333333334,16.6,972.2208333333333,chiang_mai,13.591666666666667,9.883333333333333,17.1125,12.670238095238096,16.495833333333334,0,0,8
2024-08-20,16.495833333333334,23.504166666666666,710.5416666666666,0.0,25.712500000000002,89.58333333333333,3.829166666666667,161.08333333333334,4.7,973.0458333333332,chiang_mai,16.495833333333334,13.591666666666667,11.854166666666666,12.167261904761904,13.020833333333334,0,1,8
2024-08-21,13.020833333333334,18.5625,752.25,0.0,25.46666666666667,92.5,3.2541666666666664,117.0,10.4,973.3083333333334,chiang_mai,13.020833333333334,16.495833333333334,12.975,12.830357142857142,9.783333333333333,0,2,8
2024-08-22,9.783333333333333,13.941666666666668,544.5833333333334,0.0,25.8875,88.70833333333333,4.116666666666666,176.5,9.3,973.4291666666667,chiang_mai,9.783333333333333,13.020833333333334,11.429166666666667,12.836904761904762,8.416666666666666,0,3,8
2024-08-23,8.416666666666666,11.983333333333334,424.875,0.0,25.412499999999998,88.41666666666667,4.3374999999999995,192.79166666666666,33.7,974.5625,chiang_mai,8.416666666666666,9.783333333333333,14.183333333333332,12.601785714285715,10.75,0,4,8
2024-08-24,10.75,15.325000000000001,542.2083333333334,0.0,25.583333333333332,88.25,4.841666666666667,227.91666666666666,12.1,974.4625,chiang_mai,10.75,8.416666666666666,11.254166666666668,11.777976190476192,13.025,0,5,8
2024-08-25,13.025,18.575,580.875,0.0,26.3,85.20833333333333,3.358333333333333,176.54166666666666,14.7,973.0625,chiang_mai,13.025,10.75,9.883333333333333,11.705952380952382,13.995833333333332,0,6,8
2024-08-26,13.995833333333332,19.8875,794.9166666666666,0.0,26.587500000000002,84.79166666666667,4.458333333333333,152.70833333333334,5.1,972.0916666666667,chiang_mai,13.995833333333332,13.025,13.591666666666667,12.154761904761903,16.833333333333332,0,0,8
2024-08-27,16.833333333333332,23.8625,666.6666666666666,0.0,25.420833333333334,90.875,3.3541666666666665,187.08333333333334,20.2,972.5124999999999,chiang_mai,16.833333333333332,13.995833333333332,16.495833333333334,12.2125,13.058333333333332,0,1,8
2024-08-28,13.058333333333332,18.533333333333335,504.1666666666667,0.0,25.191666666666666,90.875,3.0541666666666667,180.375,10.3,971.6416666666668,chiang_mai,13.058333333333332,16.833333333333332,13.020833333333334,12.260714285714286,9.591666666666667,0,2,8
2024-08-29,9.591666666666667,13.616666666666667,434.4583333333333,0.0,25.416666666666668,88.70833333333333,4.2749999999999995,192.45833333333334,13.2,971.5458333333332,chiang_mai,9.591666666666667,13.058333333333332,9.783333333333333,12.266071428571427,11.966666666666667,0,3,8
2024-08-30,11.966666666666667,17.1125,464.1666666666667,0.0,26.304166666666664,85.625,4.616666666666666,179.95833333333334,2.5,972.0041666666666,chiang_mai,11.966666666666667,9.591666666666667,8.416666666666666,12.238690476190474,13.7875,0,4,8
2024-08-31,13.7875,19.758333333333333,616.125,0.0,26.208333333333332,86.16666666666667,4.408333333333333,161.41666666666666,10.200000000000001,972.3125,chiang_mai,13.7875,11.966666666666667,10.75,12.745833333333332,14.950000000000001,0,5,8
2024-09-01,14.950000000000001,21.349999999999998,583.8333333333334,0.0,26.55,84.625,3.1875,202.54166666666666,1.2,971.8791666666666,chiang_mai,14.950000000000001,13.7875,13.025,13.179761904761904,16.441666666666666,0,6,9
2024-09-02,16.441666666666666,23.474999999999998,676.4166666666666,0.0,26.695833333333336,85.75,2.845833333333333,210.70833333333334,2.3,971.9541666666668,chiang_mai,16.441666666666666,14.950000000000001,13.995833333333332,13.454761904761906,21.479166666666668,0,0,9
2024-09-03,21.479166666666668,30.741666666666664,755.5833333333334,0.0,26.954166666666666,83.125,4.1000000000000005,208.20833333333334,1.6,972.6458333333334,chiang_mai,21.479166666666668,16.441666666666666,16.833333333333332,13.804166666666665,19.412499999999998,0,1,9
2024-09-04,19.412499999999998,27.8,698.0416666666666,0.0,27.516666666666666,78.0,4.683333333333334,184.70833333333334,0.0,970.5916666666667,chiang_mai,19.412499999999998,21.479166666666668,13.058333333333332,14.467857142857143,13.070833333333333,0,2,9
2024-09-05,13.070833333333333,18.670833333333334,626.6666666666666,0.0,27.34166666666667,82.625,3.795833333333333,179.04166666666666,3.1,969.3375,chiang_mai,13.070833333333333,19.412499999999998,9.591666666666667,15.375595238095238,12.370833333333332,0,3,9
2024-09-06,12.370833333333332,17.629166666666666,562.7916666666666,0.08333333333333333,26.883333333333336,83.95833333333333,4.441666666666666,165.625,2.3,969.5375,chiang_mai,12.370833333333332,13.070833333333333,11.966666666666667,15.872619047619045,9.979166666666666,0,4,9
2024-09-07,9.979166666666666,14.237499999999999,485.4166666666667,0.20833333333333334,27.516666666666666,80.20833333333333,4.795833333333333,142.20833333333334,0.2,969.8166666666666,chiang_mai,9.979166666666666,12.370833333333332,13.7875,15.930357142857144,7.175,0,5,9
2024-09-08,7.175,10.241666666666667,468.8333333333333,0.0,26.854166666666668,81.79166666666667,4.8999999999999995,152.875,3.0,970.1583333333333,chiang_mai,7.175,9.979166666666666,14.950000000000001,15.386309523809524,9.125,0,6,9
2024-09-09,9.125,13.020833333333334,518.1666666666666,0.08333333333333333,26.383333333333336,85.625,4.0249999999999995,154.125,3.1,969.3291666666668,chiang_mai,9.125,7.175,16.441666666666666,14.275595238095237,6.066666666666666,0,0,9
2024-09-10,6.066666666666666,8.658333333333333,412.3333333333333,0.0,24.829166666666666,94.33333333333333,5.295833333333333,148.29166666666666,24.1,968.6291666666666,chiang_mai,6.066666666666666,9.125,21.479166666666668,13.230357142857143,5.875,0,1,9
2024-09-11,5.875,8.370833333333334,372.625,0.0,25.099999999999998,89.83333333333333,4.170833333333333,199.95833333333334,25.5,971.4833333333332,chiang_mai,5.875,6.066666666666666,19.412499999999998,11.028571428571427,9.454166666666667,0,2,9
2024-09-12,9.454166666666667,13.583333333333334,462.9583333333333,0.0,25.3125,88.70833333333333,3.220833333333333,210.25,11.6,972.7541666666666,chiang_mai,9.454166666666667,5.875,13.070833333333333,9.094642857142857,12.079166666666666,0,3,9
2024-09-13,12.079166666666666,17.629166666666666,610.0833333333334,1.1666666666666667,25.945833333333336,88.04166666666667,3.5708333333333333,227.45833333333334,10.9,971.2708333333334,chiang_mai,12.079166666666666,9.454166666666667,12.370833333333332,8.57797619047619,14.679166666666667,0,4,9
2024-09-14,14.679166666666667,21.175,712.125,0.8333333333333334,26.454166666666666,87.41666666666667,3.7458333333333336,191.375,3.8,969.7875,chiang_mai,14.679166666666667,12.079166666666666,9.979166666666666,8.536309523809525,18.6375,0,5,9
2024-09-15,18.6375,26.708333333333332,730.3333333333334,0.75,26.716666666666665,84.25,3.3666666666666667,168.33333333333334,11.5,969.4,chiang_mai,18.6375,14.679166666666667,7.175,9.207738095238096,19.224999999999998,0,6,9
2024-09-16,19.224999999999998,27.92916666666667,796.5,2.1666666666666665,26.7625,84.875,3.6958333333333333,171.25,3.4,969.9041666666667,chiang_mai,19.224999999999998,18.6375,9.125,10.845238095238093,18.470833333333335,0,0,9
2024-09-17,18.470833333333335,26.320833333333336,761.125,0.20833333333333334,26.6875,86.91666666666667,4.441666666666666,188.25,28.5,969.8249999999999,chiang_mai,18.470833333333335,19.224999999999998,6.066666666666666,12.288095238095238,20.179166666666667,0,1,9
2024-09-18,20.179166666666667,28.9375,838.7916666666666,0.0,26.5,87.29166666666667,3.7458333333333336,166.58333333333334,3.4,969.3958333333334,chiang_mai,20.179166666666667,18.470833333333335,5.875,14.060119047619049,22.608333333333334,0,2,9
2024-09-19,22.608333333333334,32.56666666666667,900.4166666666666,0.0,27.420833333333334,83.125,3.7624999999999997,169.16666666666666,4.7,968.6041666666666,chiang_mai,22.608333333333334,20.179166666666667,9.454166666666667,16.103571428571428,24.479166666666668,0,3,9
2024-09-20,24.479166666666668,35.199999999999996,965.875,0.0,26.09583333333333,89.75,3.4875000000000003,192.04166666666666,11.5,968.6833333333334,chiang_mai,24.479166666666668,22.608333333333334,12.079166666666666,17.982738095238094,22.025000000000002,0,4,9
2024-09-21,22.025000000000002,31.670833333333334,723.625,0.0,25.6875,92.16666666666667,3.5625,127.75,18.0,969.0500000000001,chiang_mai,22.025000000000002,24.479166666666668,14.679166666666667,19.754166666666666,15.275,0,5,9
2024-09-22,15.275,21.858333333333334,558.375,0.0,25.8,88.625,4.375,227.83333333333334,20.6,970.0333333333333,chiang_mai,15.275,22.025000000000002,18.6375,20.803571428571427,12.299999999999999,0,6,9
2024-09-23,12.299999999999999,17.5625,629.2916666666666,0.0,24.429166666666664,92.5,2.0541666666666667,200.25,61.6,972.8666666666667,chiang_mai,12.299999999999999,15.275,19.224999999999998,20.32321428571429,13.120833333333332,0,0,9
2024-09-24,13.120833333333332,18.75,539.0,0.0,24.8125,90.33333333333333,3.3625000000000003,148.41666666666666,57.9,974.4916666666667,chiang_mai,13.120833333333332,12.299999999999999,18.470833333333335,19.333928571428572,11.295833333333334,0,1,9
2024-09-25,11.295833333333334,16.1375,515.9166666666666,0.20833333333333334,24.400000000000002,91.45833333333333,3.5208333333333335,173.83333333333334,38.8,975.4833333333332,chiang_mai,11.295833333333334,13.120833333333332,20.179166666666667,18.56964285714286,10.395833333333334,0,2,9
2024-09-26,10.395833333333334,14.825000000000001,397.5,0.4583333333333333,25.145833333333332,88.25,3.4875000000000003,143.20833333333334,15.100000000000001,975.7708333333334,chiang_mai,10.395833333333334,11.295833333333334,22.608333333333334,17.300595238095237,19.150000000000002,0,3,9
2024-09-27,19.150000000000002,27.3875,700.1666666666666,0.4166666666666667,25.775000000000002,88.16666666666667,2.7708333333333335,194.41666666666666,4.2,975.5958333333333,chiang_mai,19.150000000000002,10.395833333333334,24.479166666666668,15.555952380952382,26.770833333333332,0,4,9
2024-09-28,26.770833333333332,38.208333333333336,1060.875,0.0,26.90416666666667,86.04166666666667,3.35,232.66666666666666,0.0,974.1833333333334,chiang_mai,26.770833333333332,19.150000000000002,22.025000000000002,14.794642857142858,24.1875,0,5,9
2024-09-29,24.1875,34.458333333333336,888.875,0.0,27.34583333333333,86.83333333333333,2.5875,202.75,3.2,973.0833333333334,chiang_mai,24.1875,26.770833333333332,15.275,15.472619047619048,18.45416666666667,0,6,9
2024-09-30,18.45416666666667,26.266666666666666,717.6666666666666,0.125,27.28333333333333,87.375,3.65,170.66666666666666,5.2,971.4583333333334,chiang_mai,18.45416666666667,24.1875,12.299999999999999,16.745833333333334,14.012500000000001,0,0,9
2024-10-01,14.012500000000001,19.879166666666666,622.0416666666666,0.0,25.90416666666667,89.625,4.3374999999999995,166.41666666666666,31.9,971.2166666666667,chiang_mai,14.012500000000001,18.45416666666667,13.120833333333332,17.625,11.975,0,1,10
2024-10-02,11.975,17.058333333333334,496.1666666666667,0.0,23.566666666666666,93.45833333333333,5.5375000000000005,245.75,49.9,974.1999999999999,chiang_mai,11.975,14.012500000000001,11.295833333333334,17.752380952380953,9.995833333333334,0,2,10
2024-10-03,9.995833333333334,14.25,489.2916666666667,0.0,23.920833333333334,91.58333333333333,4.879166666666667,224.58333333333334,64.8,975.4499999999999,chiang_mai,9.995833333333334,11.975,10.395833333333334,17.84940476190476,10.504166666666666,0,3,10
2024-10-04,10.504166666666666,15.004166666666668,596.3333333333334,0.0,24.854166666666668,87.125,3.795833333333333,226.75,43.9,976.65,chiang_mai,10.504166666666666,9.995833333333334,19.150000000000002,17.792261904761904,16.329166666666666,0,4,10
2024-10-05,16.329166666666666,23.395833333333332,750.0833333333334,0.0,25.570833333333336,83.66666666666667,3.3249999999999997,209.54166666666666,1.6,976.3874999999999,chiang_mai,16.329166666666666,10.504166666666666,26.770833333333332,16.557142857142857,28.245833333333334,0,5,10
2024-10-06,28.245833333333334,40.525,883.0,0.0,26.27916666666667,80.58333333333333,3.85,244.625,4.1,976.975,chiang_mai,28.245833333333334,16.329166666666666,24.1875,15.06547619047619,29.204166666666666,0,6,10
2024-10-07,29.204166666666666,41.99583333333333,725.875,0.0,26.3125,83.70833333333333,3.5875,235.66666666666666,0.30000000000000004,977.7833333333333,chiang_mai,29.204166666666666,28.245833333333334,18.45416666666667,15.645238095238096,26.337500000000002,0,0,10
2024-10-08,26.337500000000002,37.69583333333333,834.4583333333334,0.0,26.429166666666664,80.45833333333333,2.5416666666666665,230.66666666666666,0.0,977.5291666666667,chiang_mai,26.337500000000002,29.204166666666666,14.012500000000001,17.18095238095238,30.445833333333336,0,1,10
2024-10-09,30.445833333333336,43.6875,1030.1666666666667,0.0,26.15833333333333,82.375,3.641666666666667,248.875,0.7999999999999999,976.0958333333333,chiang_mai,30.445833333333336,26.337500000000002,11.975,18.941666666666666,23.308333333333334,0,2,10
2024-10-10,23.308333333333334,33.449999999999996,721.1666666666666,0.0,25.45,86.0,4.3625,213.75,8.7,975.7833333333333,chiang_mai,23.308333333333334,30.445833333333336,9.995833333333334,21.580357142857142,21.220833333333335,0,3,10
2024-10-11,21.220833333333335,30.545833333333334,700.9583333333334,0.0,25.366666666666664,86.375,3.5041666666666664,220.08333333333334,5.1000000000000005,975.5791666666668,chiang_mai,21.220833333333335,23.308333333333334,10.504166666666666,23.482142857142858,30.2625,0,4,10
2024-10-12,30.2625,43.55416666666667,829.4583333333334,0.0,26.287499999999998,79.45833333333333,3.4250000000000003,228.20833333333334,0.0,976.2666666666668,chiang_mai,30.2625,21.220833333333335,16.329166666666666,25.01309523809524,33.8875,0,5,10
2024-10-13,33.8875,48.92083333333333,1005.7916666666666,0.0,26.45,81.0,3.7624999999999997,236.66666666666666,0.39999999999999997,976.2958333333332,chiang_mai,33.8875,30.2625,28.245833333333334,27.00357142857143,21.087500000000002,0,6,10
2024-10-14,21.087500000000002,30.337500000000002,741.625,0.0,26.258333333333336,84.58333333333333,3.7083333333333335,211.91666666666666,1.2,975.625,chiang_mai,21.087500000000002,33.8875,29.204166666666666,27.809523809523814,23.108333333333334,0,0,10
2024-10-15,23.108333333333334,33.145833333333336,783.7083333333334,0.0,26.070833333333336,86.45833333333333,3.6333333333333333,249.91666666666666,4.2,975.5333333333333,chiang_mai,23.108333333333334,21.087500000000002,26.337500000000002,26.650000000000002,23.708333333333332,0,1,10
2024-10-16,23.708333333333332,34.12083333333333,688.375,0.0,26.45,82.95833333333333,3.75,225.08333333333334,0.2,975.8249999999999,chiang_mai,23.708333333333332,23.108333333333334,30.445833333333336,26.188690476190477,15.808333333333332,0,2,10
2024-10-17,15.808333333333332,22.65416666666667,645.5833333333334,0.0,26.099999999999998,84.70833333333333,2.954166666666667,253.45833333333334,9.8,975.7333333333332,chiang_mai,15.808333333333332,23.708333333333332,23.308333333333334,25.226190476190478,24.129166666666666,0,3,10
2024-10-18,24.129166666666666,34.50416666666667,1088.7916666666667,0.0,26.349999999999998,83.45833333333333,4.233333333333333,225.45833333333334,12.3,975.1875,chiang_mai,24.129166666666666,15.808333333333332,21.220833333333335,24.154761904761905,23.287499999999998,0,4,10
2024-10-19,23.287499999999998,33.375,864.4583333333334,0.0,26.075,85.5,4.383333333333334,183.54166666666666,2.5999999999999996,976.0375,chiang_mai,23.287499999999998,24.129166666666666,30.2625,24.570238095238096,17.162499999999998,0,5,10
2024-10-20,17.162499999999998,24.5625,763.2083333333334,0.0,25.25,88.875,4.204166666666667,220.66666666666666,23.3,977.3541666666666,chiang_mai,17.162499999999998,23.287499999999998,33.8875,23.573809523809523,13.816666666666668,0,6,10
2024-10-21,13.816666666666668,19.966666666666665,594.1666666666666,0.0,25.204166666666666,86.125,3.1,229.75,9.5,977.2375000000001,chiang_mai,13.816666666666668,17.162499999999998,21.087500000000002,21.184523809523807,16.625,0,0,10
2024-10-22,16.625,23.883333333333336,682.0416666666666,0.0,25.395833333333332,86.875,3.220833333333333,214.66666666666666,6.0,976.7833333333333,chiang_mai,16.625,13.816666666666668,23.108333333333334,20.145833333333332,15.441666666666668,0,1,10
2024-10-23,15.441666666666668,22.3625,729.1666666666666,0.0,24.920833333333334,86.125,2.966666666666667,247.54166666666666,2.5,977.3833333333333,chiang_mai,15.441666666666668,16.625,23.708333333333332,19.219642857142855,24.608333333333334,0,2,10
2024-10-24,24.608333333333334,35.5375,995.7083333333334,0.0,25.516666666666666,82.08333333333333,3.3000000000000003,211.75,0.0,976.2333333333332,chiang_mai,24.608333333333334,15.441666666666668,15.808333333333332,18.038690476190474,21.316666666666666,0,3,10
2024-10-25,21.316666666666666,30.599999999999998,1045.5,0.0,26.070833333333336,83.75,2.7624999999999997,211.08333333333334,0.1,974.5375,chiang_mai,21.316666666666666,24.608333333333334,24.129166666666666,19.29583333333333,16.320833333333333,0,4,10
2024-10-26,16.320833333333333,23.7,1673.625,0.0,26.991666666666664,82.375,2.8958333333333335,221.91666666666666,0.0,972.4291666666667,chiang_mai,16.320833333333333,21.316666666666666,23.287499999999998,18.89404761904762,14.137500000000001,0,5,10
2024-10-27,14.137500000000001,20.3,1794.1666666666667,0.0,27.0,83.70833333333333,3.158333333333333,228.45833333333334,0.6,971.0541666666667,chiang_mai,14.137500000000001,16.320833333333333,17.162499999999998,17.898809523809526,14.525,0,6,10
2024-10-28,14.525,20.879166666666666,1155.8333333333333,0.0,26.604166666666668,74.75,5.470833333333334,318.625,0.0,971.6166666666667,chiang_mai,14.525,14.137500000000001,13.816666666666668,17.466666666666665,17.341666666666665,0,0,10
2024-10-29,17.341666666666665,24.945833333333336,1780.6666666666667,0.0,25.929166666666664,73.83333333333333,3.391666666666667,251.75,0.0,973.2583333333333,chiang_mai,17.341666666666665,14.525,16.625,17.567857142857143,24.541666666666668,0,1,10
2024-10-30,24.541666666666668,35.1625,2038.4583333333333,0.0,26.09166666666667,76.125,3.35,236.625,0.0,974.9291666666667,chiang_mai,24.541666666666668,17.341666666666665,15.441666666666668,17.670238095238094,25.141666666666666,0,2,10
2024-10-31,25.141666666666666,36.079166666666666,2393.4583333333335,0.25,26.054166666666664,80.20833333333333,3.1208333333333336,227.25,0.0,974.7833333333333,chiang_mai,25.141666666666666,24.541666666666668,24.608333333333334,18.9702380952381,23.641666666666666,0,3,10
2024-11-01,23.641666666666666,34.045833333333334,2132.0416666666665,0.25,26.47083333333333,80.20833333333333,3.2458333333333336,221.66666666666666,0.30000000000000004,975.3333333333334,chiang_mai,23.641666666666666,25.141666666666666,21.316666666666666,19.04642857142857,19.875,0,4,11
2024-11-02,19.875,28.545833333333334,1662.125,0.0,25.254166666666666,82.16666666666667,4.2749999999999995,270.375,4.3,977.2791666666667,chiang_mai,19.875,23.641666666666666,16.320833333333333,19.37857142857143,23.604166666666668,0,5,11
2024-11-03,23.604166666666668,33.9,1598.25,0.0,24.708333333333332,79.83333333333333,4.141666666666667,186.375,0.7,978.0166666666668,chiang_mai,23.604166666666668,19.875,14.137500000000001,19.886309523809526,18.008333333333333,0,6,11
2024-11-04,18.008333333333333,25.920833333333334,1488.75,0.0,24.166666666666668,70.58333333333333,4.2625,245.375,0.0,977.8208333333333,chiang_mai,18.008333333333333,23.604166666666668,14.525,21.238690476190477,17.841666666666665,0,0,11
2024-11-05,17.841666666666665,25.837500000000002,949.2083333333334,0.0,24.0625,79.29166666666667,5.304166666666666,255.29166666666666,1.3,978.9541666666668,chiang_mai,17.841666666666665,18.008333333333333,17.341666666666665,21.736309523809524,11.450000000000001,0,1,11
2024-11-06,11.450000000000001,16.445833333333333,1038.2916666666667,0.0,23.254166666666666,86.20833333333333,4.333333333333333,245.33333333333334,8.5,979.5875,chiang_mai,11.450000000000001,17.841666666666665,24.541666666666668,21.807738095238097,14.4375,0,2,11
2024-11-07,14.4375,20.995833333333334,973.7083333333334,0.0,22.241666666666664,89.75,3.9416666666666664,274.6666666666667,12.4,979.4416666666666,chiang_mai,14.4375,11.450000000000001,25.141666666666666,19.9375,15.729166666666666,0,3,11
2024-11-08,15.729166666666666,22.691666666666666,879.5416666666666,0.0,22.316666666666666,84.5,6.366666666666667,308.2083333333333,4.6,979.4,chiang_mai,15.729166666666666,14.4375,23.641666666666666,18.408333333333335,22.400000000000002,0,4,11
2024-11-09,22.400000000000002,32.65,1623.5833333333333,0.0,22.6875,82.25,3.7541666666666664,270.6666666666667,0.6000000000000001,978.6625,chiang_mai,22.400000000000002,15.729166666666666,19.875,17.277976190476192,23.6875,0,5,11
2024-11-10,23.6875,34.34583333333333,1846.2083333333333,0.0,23.8125,82.54166666666667,3.1791666666666667,242.83333333333334,0.2,978.0375,chiang_mai,23.6875,22.400000000000002,23.604166666666668,17.638690476190476,23.754166666666666,0,6,11
2024-11-11,23.754166666666666,34.204166666666666,1845.9583333333333,0.0,23.820833333333336,80.25,3.65,251.79166666666666,0.0,977.2041666666668,chiang_mai,23.754166666666666,23.6875,18.008333333333333,17.65059523809524,27.916666666666668,0,0,11
2024-11-12,27.916666666666668,36.3375,1915.4166666666667,0.0,24.28333333333333,78.16666666666667,2.7458333333333336,236.125,0.0,976.2624999999999,chiang_mai,27.916666666666668,23.754166666666666,17.841666666666665,18.47142857142857,32.025,0,1,11
2024-11-13,32.025,32.141666666666666,1837.375,0.0,25.254166666666666,74.375,2.8833333333333333,252.0,0.0,975.1083333333332,chiang_mai,32.025,27.916666666666668,11.450000000000001,19.910714285714285,23.96666666666667,0,2,11
2024-11-14,23.96666666666667,24.05,1659.25,0.0,25.8625,78.33333333333333,2.2041666666666666,247.25,0.0,975.2833333333333,chiang_mai,23.96666666666667,32.025,14.4375,22.849999999999998,19.599999999999998,0,3,11
2024-11-15,19.599999999999998,19.7625,1454.9583333333333,0.0,26.1375,71.91666666666667,2.9458333333333333,308.7916666666667,0.0,974.8333333333334,chiang_mai,19.599999999999998,23.96666666666667,15.729166666666666,24.211309523809526,21.570833333333336,0,4,11
2024-11-16,21.570833333333336,21.8625,1347.25,0.0,25.395833333333332,71.79166666666667,3.9333333333333336,309.6666666666667,0.0,974.7958333333332,chiang_mai,21.570833333333336,19.599999999999998,22.400000000000002,24.764285714285716,19.2,0,5,11
2024-11-17,19.2,19.408333333333335,1341.9166666666667,0.0,25.55,71.45833333333333,4.295833333333333,264.1666666666667,0.0,975.5166666666668,chiang_mai,19.2,21.570833333333336,23.6875,24.645833333333336,24.620833333333334,0,6,11
2024-11-18,24.620833333333334,24.775000000000002,1346.5,0.0,24.579166666666666,80.33333333333333,4.216666666666667,268.5833333333333,0.39999999999999997,977.4583333333334,chiang_mai,24.620833333333334,19.2,23.754166666666666,24.004761904761903,24.070833333333336,0,0,11
2024-11-19,24.070833333333336,24.245833333333334,1235.125,0.0,24.166666666666668,77.5,3.6041666666666665,249.75,0.2,978.4875000000001,chiang_mai,24.070833333333336,24.620833333333334,27.916666666666668,24.12857142857143,26.88333333333333,0,1,11
2024-11-20,26.88333333333333,27.05,1497.875,0.0,24.150000000000002,77.16666666666667,3.3333333333333335,277.5416666666667,0.1,977.9583333333334,chiang_mai,26.88333333333333,24.070833333333336,32.025,23.57916666666667,27.329166666666666,0,2,11
2024-11-21,27.329166666666666,27.445833333333336,1497.5416666666667,0.0,24.079166666666666,77.375,3.0124999999999997,243.0,0.0,977.5124999999999,chiang_mai,27.329166666666666,26.88333333333333,23.96666666666667,22.844642857142862,27.21666666666667,0,3,11
2024-11-22,27.21666666666667,27.308333333333334,1368.5416666666667,0.0,23.804166666666664,77.125,3.654166666666667,256.875,0.0,977.5791666666668,chiang_mai,27.21666666666667,27.329166666666666,19.599999999999998,23.324999999999996,22.183333333333334,0,4,11
2024-11-23,22.183333333333334,22.2625,1389.25,0.0,24.2625,73.75,3.4458333333333333,249.125,0.0,978.1750000000001,chiang_mai,22.183333333333334,27.21666666666667,21.570833333333336,24.413095238095234,29.525000000000002,0,5,11
2024-11-24,29.525000000000002,29.712500000000002,1416.2916666666667,0.0,24.116666666666664,79.66666666666667,3.3000000000000003,285.6666666666667,0.0,977.9833333333332,chiang_mai,29.525000000000002,22.183333333333334,19.2,24.500595238095237,33.108333333333334,0,6,11
2024-11-25,33.108333333333334,33.35,1412.125,0.0,24.629166666666666,78.33333333333333,2.8083333333333336,247.91666666666666,0.0,977.5500000000001,chiang_mai,33.108333333333334,29.525000000000002,24.620833333333334,25.97559523809524,30.825,0,0,11
2024-11-26,30.825,31.183333333333334,1318.875,0.0,24.641666666666666,80.75,3.5500000000000003,253.33333333333334,0.0,977.5083333333333,chiang_mai,30.825,33.108333333333334,24.070833333333336,27.188095238095237,29.833333333333332,0,1,11
2024-11-27,29.833333333333332,30.208333333333332,1250.875,0.0,23.829166666666666,84.04166666666667,3.766666666666667,255.58333333333334,0.9,977.9125,chiang_mai,29.833333333333332,30.825,26.88333333333333,28.15297619047619,19.754166666666666,0,2,11
2024-11-28,19.754166666666666,19.883333333333333,1156.5833333333333,0.0,23.945833333333336,80.375,4.570833333333334,231.54166666666666,6.3,979.375,chiang_mai,19.754166666666666,29.833333333333332,27.329166666666666,28.57440476190476,27.808333333333334,0,3,11
2024-11-29,27.808333333333334,27.895833333333332,1079.5833333333333,0.0,23.2,78.125,3.641666666666667,228.625,0.0,979.7541666666666,chiang_mai,27.808333333333334,19.754166666666666,27.21666666666667,27.492261904761907,30.6125,0,4,11
2024-11-30,30.6125,30.712500000000002,1341.9166666666667,0.0,22.945833333333336,76.33333333333333,3.0416666666666665,222.16666666666666,0.0,977.7791666666667,chiang_mai,30.6125,27.808333333333334,22.183333333333334,27.576785714285716,27.474999999999998,0,5,11
2024-12-01,27.474999999999998,27.766666666666666,1569.0416666666667,0.5,23.2375,76.58333333333333,3.0583333333333336,243.70833333333334,0.0,975.5666666666666,chiang_mai,27.474999999999998,30.6125,29.525000000000002,28.78095238095238,32.4125,0,6,12
2024-12-02,32.4125,32.795833333333334,1682.4583333333333,0.7916666666666666,24.15833333333333,74.45833333333333,2.8000000000000003,249.875,0.0,975.2916666666666,chiang_mai,32.4125,27.474999999999998,33.108333333333334,28.488095238095237,28.47083333333333,0,0,12
2024-12-03,28.47083333333333,28.583333333333332,1583.4583333333333,0.0,25.037499999999998,75.25,2.5749999999999997,238.58333333333334,0.0,975.5875,chiang_mai,28.47083333333333,32.4125,30.825,28.38869047619048,31.520833333333332,0,1,12
2024-12-04,31.520833333333332,31.641666666666666,1588.0,0.0,25.5125,76.66666666666667,2.8625000000000003,259.875,0.5,975.2791666666667,chiang_mai,31.520833333333332,28.47083333333333,29.833333333333332,28.052380952380954,31.241666666666664,0,2,12
2024-12-05,31.241666666666664,31.370833333333334,1204.7916666666667,0.0,25.1125,80.91666666666667,3.233333333333334,230.33333333333334,13.7,975.1708333333332,chiang_mai,31.241666666666664,31.520833333333332,19.754166666666666,28.29345238095238,22.979166666666668,0,3,12
2024-12-06,22.979166666666668,23.108333333333334,929.0,0.0,24.837500000000002,78.875,4.120833333333334,243.5,0.4,974.6875,chiang_mai,22.979166666666668,31.241666666666664,27.808333333333334,29.934523809523807,25.741666666666664,0,4,12
2024-12-07,25.741666666666664,25.974999999999998,1248.9166666666667,0.0,24.8625,77.83333333333333,3.0083333333333333,239.04166666666666,0.4,976.1791666666667,chiang_mai,25.741666666666664,22.979166666666668,30.6125,29.244642857142857,33.391666666666666,0,5,12
2024-12-08,33.391666666666666,33.762499999999996,1338.75,0.0,24.858333333333334,78.5,3.5666666666666664,270.8333333333333,0.2,977.3041666666667,chiang_mai,33.391666666666666,25.741666666666664,27.474999999999998,28.548809523809524,35.36666666666667,0,6,12
2024-12-09,35.36666666666667,35.69583333333333,1560.25,0.0,24.633333333333336,79.91666666666667,3.375,262.3333333333333,0.4,976.7166666666667,chiang_mai,35.36666666666667,33.391666666666666,32.4125,29.39404761904762,32.42916666666667,0,0,12
2024-12-10,32.42916666666667,32.550000000000004,1520.9166666666667,0.0,24.566666666666666,79.08333333333333,2.6083333333333334,241.75,0.2,975.5375,chiang_mai,32.42916666666667,35.36666666666667,28.47083333333333,29.816071428571426,29.09583333333333,0,1,12
2024-12-11,29.09583333333333,29.212500000000002,1335.0,0.0,24.416666666666668,76.79166666666667,3.2083333333333335,235.66666666666666,0.0,975.5625,chiang_mai,29.09583333333333,32.42916666666667,31.520833333333332,30.38154761904762,27.070833333333336,0,2,12
2024-12-12,27.070833333333336,27.25,1259.7083333333333,0.0,23.587500000000002,72.25,3.7083333333333335,238.33333333333334,0.0,975.5916666666667,chiang_mai,27.070833333333336,29.09583333333333,31.241666666666664,30.035119047619048,22.2375,0,3,12
2024-12-13,22.2375,22.320833333333336,1118.875,0.0,24.254166666666666,73.16666666666667,4.504166666666667,244.91666666666666,0.5,976.7041666666668,chiang_mai,22.2375,27.070833333333336,22.979166666666668,29.439285714285713,27.974999999999998,0,4,12
2024-12-14,27.974999999999998,28.0125,1427.2083333333333,0.0,23.52916666666667,85.04166666666667,2.6416666666666666,197.20833333333334,1.4,978.9625,chiang_mai,27.974999999999998,22.2375,25.741666666666664,29.333333333333336,15.424999999999999,0,5,12
2024-12-15,15.424999999999999,15.450000000000001,987.375,0.0,23.104166666666668,81.54166666666667,3.920833333333333,221.04166666666666,0.7000000000000001,980.8208333333333,chiang_mai,15.424999999999999,27.974999999999998,33.391666666666666,29.652380952380952,19.575,0,6,12
2024-12-16,19.575,19.599999999999998,984.2916666666666,0.0,22.066666666666666,78.95833333333333,5.341666666666666,218.54166666666666,1.6,981.2083333333334,chiang_mai,19.575,15.424999999999999,35.36666666666667,27.085714285714285,25.0625,0,0,12
2024-12-17,25.0625,25.09166666666667,1004.875,0.0,22.108333333333334,78.25,4.325,216.25,0.0,979.4166666666666,chiang_mai,25.0625,19.575,32.42916666666667,24.829761904761906,25.545833333333334,0,1,12
2024-12-18,25.545833333333334,25.558333333333334,1326.75,0.0,22.5,78.25,3.1333333333333333,245.125,0.0,978.5416666666666,chiang_mai,25.545833333333334,25.0625,29.09583333333333,23.777380952380952,31.400000000000002,0,2,12
2024-12-19,31.400000000000002,31.425,1479.6666666666667,0.0,22.34583333333333,76.16666666666667,2.45,217.91666666666666,0.2,979.0333333333333,chiang_mai,31.400000000000002,25.545833333333334,27.070833333333336,23.270238095238092,35.166666666666664,0,3,12
2024-12-20,35.166666666666664,35.21666666666667,1320.9583333333333,0.0,21.608333333333334,74.45833333333333,2.625,214.04166666666666,0.0,978.0500000000001,chiang_mai,35.166666666666664,31.400000000000002,22.2375,23.888690476190476,33.84583333333333,0,4,12
2024-12-21,33.84583333333333,33.92916666666667,1548.2083333333333,0.0,21.4875,71.45833333333333,2.2375000000000003,214.875,0.0,978.1416666666668,chiang_mai,33.84583333333333,35.166666666666664,27.974999999999998,25.735714285714284,38.81666666666667,1,5,12
2024-12-22,38.81666666666667,38.96666666666667,1585.7916666666667,0.0,20.945833333333333,72.70833333333333,2.3041666666666667,215.75,0.0,978.4291666666667,chiang_mai,38.81666666666667,33.84583333333333,15.424999999999999,26.57440476190476,41.483333333333334,1,6,12
2024-12-23,41.483333333333334,41.6625,1573.125,0.0,20.966666666666665,74.875,3.029166666666667,248.5,0.0,978.2041666666668,chiang_mai,41.483333333333334,38.81666666666667,19.575,29.91607142857143,37.99583333333333,1,0,12
2024-12-24,37.99583333333333,38.300000000000004,1390.8333333333333,0.2916666666666667,21.158333333333335,74.5,2.9625,218.45833333333334,0.0,979.0708333333333,chiang_mai,37.99583333333333,41.483333333333334,25.0625,33.045833333333334,28.71666666666667,0,1,12
2024-12-25,28.71666666666667,29.07083333333333,1526.4166666666667,1.0,20.779166666666665,73.58333333333333,2.7291666666666665,251.91666666666666,0.0,980.1333333333333,chiang_mai,28.71666666666667,37.99583333333333,25.545833333333334,34.89345238095238,30.491666666666664,0,2,12
2024-12-26,30.491666666666664,31.087500000000002,1447.0416666666667,1.25,21.212500000000002,73.04166666666667,2.2333333333333334,225.08333333333334,0.0,981.0875,chiang_mai,30.491666666666664,28.71666666666667,31.400000000000002,35.346428571428575,23.9375,0,3,12
2024-12-27,23.9375,24.1875,1540.625,0.375,21.729166666666668,76.20833333333333,3.0583333333333336,229.0,0.0,981.2083333333334,chiang_mai,23.9375,30.491666666666664,35.166666666666664,35.21666666666667,18.545833333333334,0,4,12
2024-12-28,18.545833333333334,18.583333333333332,1234.5416666666667,0.0,22.745833333333334,72.125,3.375,263.3333333333333,0.0,981.4375,chiang_mai,18.545833333333334,23.9375,33.84583333333333,33.612500000000004,25.145833333333332,0,5,12
2024-12-29,25.145833333333332,25.166666666666668,1219.8333333333333,0.0,22.349999999999998,71.875,3.1208333333333336,234.45833333333334,0.0,980.0583333333334,chiang_mai,25.145833333333332,18.545833333333334,38.81666666666667,31.42678571428571,32.354166666666664,0,6,12
2024-12-30,32.354166666666664,32.354166666666664,1333.875,0.0,22.308333333333334,75.58333333333333,2.9291666666666667,227.625,0.0,979.1958333333333,chiang_mai,32.354166666666664,25.145833333333332,41.483333333333334,29.473809523809525,33.03333333333333,0,0,12
2024-12-31,33.03333333333333,33.06666666666667,1234.125,0.0,22.233333333333334,78.20833333333333,3.8958333333333335,273.125,0.0,978.7541666666666,chiang_mai,33.03333333333333,32.354166666666664,37.99583333333333,28.169642857142858,31.525000000000002,0,1,12
2025-01-01,31.525000000000002,31.8625,1597.5,0.5,22.166666666666668,74.875,2.5208333333333335,233.33333333333334,0.0,977.5375,chiang_mai,31.525000000000002,33.03333333333333,28.71666666666667,27.460714285714285,37.3375,0,2,1
2025-01-02,37.3375,38.52916666666667,1429.0416666666667,2.4166666666666665,21.65833333333333,73.125,3.225,245.0,0.0,977.625,chiang_mai,37.3375,31.525000000000002,30.491666666666664,27.86190476190476,33.19166666666667,0,3,1
2025-01-03,33.19166666666667,34.766666666666666,1438.5833333333333,3.25,21.820833333333336,71.33333333333333,2.7708333333333335,288.2916666666667,0.0,978.9375,chiang_mai,33.19166666666667,37.3375,23.9375,28.839880952380952,25.883333333333336,0,4,1
2025-01-04,25.883333333333336,26.47083333333333,1267.5,0.8333333333333334,21.295833333333334,70.33333333333333,3.170833333333333,233.95833333333334,0.0,978.2041666666668,chiang_mai,25.883333333333336,33.19166666666667,18.545833333333334,30.16190476190476,38.02916666666667,1,5,1
2025-01-05,38.02916666666667,38.44583333333333,1431.2916666666667,0.875,20.55,68.66666666666667,3.3375,273.2083333333333,0.0,979.8916666666668,chiang_mai,38.02916666666667,25.883333333333336,25.145833333333332,31.21011904761905,33.1625,0,6,1
2025-01-06,33.1625,33.5875,1456.75,1.0,19.983333333333334,69.66666666666667,3.3249999999999997,237.83333333333334,0.0,978.5416666666666,chiang_mai,33.1625,38.02916666666667,32.354166666666664,33.050595238095234,35.862500000000004,0,0,1
2025-01-07,35.862500000000004,36.1625,1448.5,0.75,19.849999999999998,67.0,2.591666666666667,242.125,0.0,977.5833333333334,chiang_mai,35.862500000000004,33.1625,33.03333333333333,33.16607142857143,37.55833333333333,1,1,1
2025-01-08,37.55833333333333,37.795833333333334,1605.5416666666667,0.0,20.275000000000002,72.16666666666667,3.1166666666666667,272.6666666666667,0.0,977.3125,chiang_mai,37.55833333333333,35.862500000000004,31.525000000000002,33.570238095238096,35.25416666666667,0,2,1
2025-01-09,35.25416666666667,35.55833333333333,1377.9583333333333,0.375,21.53333333333333,72.20833333333333,2.9791666666666665,276.9583333333333,0.0,979.0458333333332,chiang_mai,35.25416666666667,37.55833333333333,37.3375,34.43214285714286,38.09166666666667,1,3,1
2025-01-10,38.09166666666667,39.24166666666667,1120.2083333333333,2.0833333333333335,22.275000000000002,69.375,4.145833333333333,215.45833333333334,0.0,981.5749999999999,chiang_mai,38.09166666666667,35.25416666666667,33.19166666666667,34.134523809523806,23.55,0,4,1
2025-01-11,23.55,24.46666666666667,1160.875,1.75,21.2375,64.41666666666667,4.745833333333333,219.33333333333334,0.0,983.1708333333332,chiang_mai,23.55,38.09166666666667,25.883333333333336,34.83452380952381,24.6125,0,5,1
2025-01-12,24.6125,24.825,1071.5416666666667,0.5416666666666666,18.795833333333334,69.79166666666667,4.970833333333333,307.2083333333333,0.30000000000000004,983.8125,chiang_mai,24.6125,23.55,38.02916666666667,34.50119047619048,24.683333333333334,0,6,1
2025-01-13,24.683333333333334,24.858333333333334,1231.8333333333333,0.0,17.404166666666665,67.08333333333333,3.404166666666667,238.04166666666666,0.0,980.6416666666668,chiang_mai,24.683333333333334,24.6125,33.1625,32.58452380952381,28.087500000000002,0,0,1
2025-01-14,28.087500000000002,28.175,1454.6666666666667,0.0,18.537499999999998,68.70833333333333,2.6458333333333335,237.70833333333334,0.0,980.5416666666666,chiang_mai,28.087500000000002,24.683333333333334,35.862500000000004,31.373214285714287,25.433333333333334,0,1,1
2025-01-15,25.433333333333334,25.5125,1252.4166666666667,0.0,19.175,71.125,4.325,226.20833333333334,0.0,981.4583333333334,chiang_mai,25.433333333333334,28.087500000000002,37.55833333333333,30.2625,15.204166666666666,0,2,1
2025-01-16,15.204166666666666,15.225,1092.1666666666667,0.0,20.208333333333332,65.75,5.120833333333334,260.5416666666667,0.0,981.7333333333332,chiang_mai,15.204166666666666,25.433333333333334,35.25416666666667,28.530357142857145,27.433333333333334,0,3,1
2025-01-17,27.433333333333334,27.445833333333336,1355.0416666666667,0.0,20.283333333333335,68.875,4.291666666666667,243.04166666666666,0.0,979.8166666666666,chiang_mai,27.433333333333334,15.204166666666666,38.09166666666667,25.666071428571428,34.37916666666667,0,4,1
2025-01-18,34.37916666666667,34.4,1476.875,0.0,20.641666666666666,68.58333333333333,2.891666666666667,259.375,0.0,978.0124999999999,chiang_mai,34.37916666666667,27.433333333333334,23.55,24.14345238095238,32.916666666666664,0,5,1
2025-01-19,32.916666666666664,32.925000000000004,1436.0833333333333,0.0,20.879166666666666,66.20833333333333,2.9791666666666665,246.75,0.0,976.5749999999999,chiang_mai,32.916666666666664,34.37916666666667,24.6125,25.690476190476186,31.825000000000003,0,6,1
2025-01-20,31.825000000000003,31.829166666666666,1543.625,0.0,21.170833333333334,64.45833333333333,2.245833333333333,252.41666666666666,0.0,975.3625000000001,chiang_mai,31.825000000000003,32.916666666666664,24.683333333333334,26.876785714285717,26.2625,0,0,1
2025-01-21,26.2625,26.287499999999998,1730.4583333333333,0.0,21.433333333333334,69.04166666666667,2.308333333333333,250.0,0.0,975.2458333333334,chiang_mai,26.2625,31.825000000000003,28.087500000000002,27.89702380952381,28.683333333333334,0,1,1
2025-01-22,28.683333333333334,28.766666666666666,1812.75,0.0,21.375,68.45833333333333,1.8583333333333334,245.95833333333334,0.0,975.7166666666667,chiang_mai,28.683333333333334,26.2625,25.433333333333334,27.636309523809526,35.275,0,2,1
2025-01-23,35.275,35.375,1638.5833333333333,0.0,21.633333333333336,68.125,2.3541666666666665,245.04166666666666,0.0,976.1208333333334,chiang_mai,35.275,28.683333333333334,15.204166666666666,28.100595238095234,29.09583333333333,0,3,1
2025-01-24,29.09583333333333,29.1125,1553.0833333333333,0.0,21.645833333333332,69.0,2.404166666666667,233.95833333333334,0.0,974.6333333333333,chiang_mai,29.09583333333333,35.275,27.433333333333334,30.967857142857145,28.045833333333334,0,4,1
2025-01-25,28.045833333333334,28.233333333333334,1654.1666666666667,0.0,21.7,69.79166666666667,2.6541666666666663,224.04166666666666,0.0,974.5166666666668,chiang_mai,28.045833333333334,29.09583333333333,34.37916666666667,31.205357142857142,27.579166666666666,0,5,1
2025-01-26,27.579166666666666,27.916666666666668,1642.2916666666667,0.0,22.391666666666666,67.625,2.6416666666666666,266.1666666666667,0.0,975.2291666666666,chiang_mai,27.579166666666666,28.045833333333334,32.916666666666664,30.30059523809524,33.3125,0,6,1
2025-01-27,33.3125,33.416666666666664,1079.0833333333333,0.0,19.858333333333334,79.20833333333333,6.2625,311.2916666666667,1.4000000000000001,976.9666666666667,chiang_mai,33.3125,27.579166666666666,31.825000000000003,29.538095238095234,41.391666666666666,1,0,1
2025-01-28,41.391666666666666,41.775,1287.125,0.5,19.983333333333334,70.5,4.929166666666666,263.625,0.0,979.4791666666666,chiang_mai,41.391666666666666,33.3125,26.2625,29.750595238095237,33.1625,0,1,1
2025-01-29,33.1625,33.50416666666667,1757.625,0.20833333333333334,20.537499999999998,70.25,3.8041666666666667,251.70833333333334,0.0,980.1041666666666,chiang_mai,33.1625,41.391666666666666,28.683333333333334,31.91190476190476,33.02916666666667,0,2,1
2025-01-30,33.02916666666667,33.61666666666667,1728.25,0.8333333333333334,21.395833333333332,68.66666666666667,2.845833333333333,244.79166666666666,0.0,976.7624999999999,chiang_mai,33.02916666666667,33.1625,35.275,32.551785714285714,22.829166666666666,0,3,1
2025-01-31,22.829166666666666,23.291666666666668,1589.2916666666667,0.4166666666666667,22.349999999999998,70.95833333333333,3.158333333333333,209.83333333333334,0.0,975.3000000000001,chiang_mai,22.829166666666666,33.02916666666667,29.09583333333333,32.23095238095238,22.162499999999998,0,4,1
2025-02-01,22.162499999999998,22.6375,1293.9166666666667,0.0,22.704166666666666,66.79166666666667,2.8874999999999997,229.08333333333334,0.0,974.6041666666666,chiang_mai,22.162499999999998,22.829166666666666,28.045833333333334,31.33571428571429,25.370833333333334,0,5,2
2025-02-02,25.370833333333334,25.870833333333334,1429.75,0.0,22.245833333333334,66.04166666666667,2.3874999999999997,237.79166666666666,0.0,974.2833333333333,chiang_mai,25.370833333333334,22.162499999999998,27.579166666666666,30.495238095238097,30.2375,0,6,2
2025-02-03,30.2375,30.53333333333333,1514.6666666666667,0.25,23.099999999999998,61.083333333333336,2.6458333333333335,240.45833333333334,0.0,975.0541666666667,chiang_mai,30.2375,25.370833333333334,33.3125,30.179761904761904,28.15833333333333,0,0,2
2025-02-04,28.15833333333333,28.295833333333334,1008.75,0.0,23.708333333333332,57.916666666666664,5.079166666666667,250.375,0.0,976.1083333333332,chiang_mai,28.15833333333333,30.2375,41.391666666666666,29.74047619047619,32.78333333333333,0,1,2
2025-02-05,32.78333333333333,33.07083333333333,1406.5833333333333,0.125,23.929166666666664,66.54166666666667,3.9791666666666665,218.41666666666666,0.0,974.9166666666666,chiang_mai,32.78333333333333,28.15833333333333,33.1625,27.849999999999998,33.90416666666667,0,2,2
2025-02-06,33.90416666666667,34.55416666666667,1557.25,0.75,23.379166666666666,64.45833333333333,3.0749999999999997,221.0,0.0,974.8583333333332,chiang_mai,33.90416666666667,32.78333333333333,33.02916666666667,27.79583333333333,32.3375,0,3,2
2025-02-07,32.3375,32.75,1453.5,0.20833333333333334,23.925,59.625,2.7458333333333336,252.33333333333334,0.0,976.0124999999999,chiang_mai,32.3375,33.90416666666667,22.829166666666666,27.92083333333333,40.237500000000004,1,4,2
2025-02-08,40.237500000000004,40.5875,1394.1666666666667,0.0,24.566666666666666,65.04166666666667,4.804166666666666,241.45833333333334,0.9,976.65,chiang_mai,40.237500000000004,32.3375,22.162499999999998,29.27916666666667,28.479166666666668,0,5,2
2025-02-09,28.479166666666668,28.670833333333334,1239.9583333333333,0.0,24.46666666666667,62.416666666666664,5.854166666666667,201.5,0.0,977.4916666666667,chiang_mai,28.479166666666668,40.237500000000004,25.370833333333334,31.86130952380952,23.183333333333334,0,6,2
2025-02-10,23.183333333333334,23.3,1417.625,0.0,23.45,62.875,3.204166666666667,222.20833333333334,0.0,977.5875,chiang_mai,23.183333333333334,28.479166666666668,30.2375,32.30535714285714,28.645833333333332,0,0,2
2025-02-11,28.645833333333332,28.82083333333333,1776.0833333333333,0.0,23.895833333333332,64.875,3.0666666666666664,226.91666666666666,0.0,976.8375,chiang_mai,28.645833333333332,23.183333333333334,28.15833333333333,31.297619047619047,23.866666666666664,0,1,2
2025-02-12,23.866666666666664,23.954166666666666,1604.2916666666667,0.0,23.9875,62.333333333333336,3.141666666666666,220.91666666666666,0.0,976.4666666666667,chiang_mai,23.866666666666664,28.645833333333332,32.78333333333333,31.367261904761904,27.05,0,2,2
2025-02-13,27.05,27.383333333333336,1462.2083333333333,0.16666666666666666,24.1375,57.708333333333336,2.795833333333333,222.58333333333334,0.0,976.1958333333333,chiang_mai,27.05,23.866666666666664,33.90416666666667,30.09345238095238,25.6375,0,3,2
2025-02-14,25.6375,26.758333333333336,1390.1666666666667,1.625,23.3625,51.458333333333336,2.6958333333333333,236.625,0.0,975.6125000000001,chiang_mai,25.6375,27.05,32.3375,29.114285714285717,37.27916666666667,0,4,2
2025-02-15,37.27916666666667,39.1625,1253.1666666666667,3.875,22.866666666666664,50.833333333333336,4.004166666666666,238.04166666666666,0.0,974.7375000000001,chiang_mai,37.27916666666667,25.6375,40.237500000000004,28.157142857142855,33.47083333333333,0,5,2
2025-02-16,33.47083333333333,34.72083333333333,1365.8333333333333,2.5,23.45,56.708333333333336,3.375,245.5,0.0,975.2583333333333,chiang_mai,33.47083333333333,37.27916666666667,28.479166666666668,27.73452380952381,35.275,0,6,2
2025-02-17,35.275,36.71666666666666,1291.5,3.0416666666666665,24.183333333333334,50.083333333333336,2.9333333333333336,257.0833333333333,0.0,976.9416666666666,chiang_mai,35.275,33.47083333333333,23.183333333333334,28.447619047619046,39.03333333333333,1,0,2
2025-02-18,39.03333333333333,40.075,1589.0833333333333,1.9166666666666667,24.849999999999998,50.958333333333336,2.8083333333333336,241.625,0.0,977.0083333333333,chiang_mai,39.03333333333333,35.275,28.645833333333332,30.175,43.06666666666666,1,1,2
2025-02-19,43.06666666666666,43.9625,1379.25,1.375,25.245833333333334,56.25,3.254166666666667,207.875,0.0,976.9625,chiang_mai,43.06666666666666,39.03333333333333,23.866666666666664,31.65892857142857,40.766666666666666,1,2,2
2025-02-20,40.766666666666666,42.2125,1251.0833333333333,2.4166666666666665,25.245833333333334,63.916666666666664,4.133333333333334,219.33333333333334,0.0,977.6708333333332,chiang_mai,40.766666666666666,43.06666666666666,27.05,34.401785714285715,35.61666666666667,0,3,2
2025-02-21,35.61666666666667,37.71666666666666,1165.7083333333333,4.083333333333333,25.3625,64.08333333333333,4.470833333333333,217.25,0.0,977.7125,chiang_mai,35.61666666666667,40.766666666666666,25.6375,36.36130952380952,33.645833333333336,0,4,2
2025-02-22,33.645833333333336,35.62916666666667,1436.1666666666667,3.5833333333333335,25.191666666666666,63.416666666666664,3.4,212.83333333333334,0.0,978.3625000000001,chiang_mai,33.645833333333336,35.61666666666667,37.27916666666667,37.78690476190476,34.925,0,5,2
2025-02-23,34.925,36.77916666666667,1470.4583333333333,3.0416666666666665,24.704166666666666,66.04166666666667,3.6166666666666667,221.45833333333334,0.3,979.7791666666667,chiang_mai,34.925,33.645833333333336,33.47083333333333,37.267857142857146,31.84166666666667,0,6,2
2025-02-24,31.84166666666667,32.4125,822.375,0.625,22.78333333333333,82.83333333333333,4.9625,187.41666666666666,44.1,981.7875,chiang_mai,31.84166666666667,34.925,35.275,37.47559523809524,27.145833333333332,0,0,2
2025-02-25,27.145833333333332,27.416666666666668,1347.125,0.0,22.53333333333333,84.5,4.483333333333333,180.66666666666666,6.9,982.7958333333332,chiang_mai,27.145833333333332,31.84166666666667,39.03333333333333,36.985119047619044,29.070833333333336,0,1,2
2025-02-26,29.070833333333336,29.34583333333333,1502.7916666666667,0.16666666666666666,23.45,75.91666666666667,3.0583333333333336,181.91666666666666,0.0,981.5333333333333,chiang_mai,29.070833333333336,27.145833333333332,43.06666666666666,35.28690476190476,25.44583333333333,0,2,2
2025-02-27,25.44583333333333,26.1125,1571.5,1.0833333333333333,24.65416666666667,74.29166666666667,3.579166666666667,215.875,0.0,978.4083333333333,chiang_mai,25.44583333333333,29.070833333333336,40.766666666666666,33.2875,25.650000000000002,0,3,2
2025-02-28,25.650000000000002,26.554166666666664,1584.4583333333333,1.4166666666666667,25.558333333333334,69.625,3.5,219.45833333333334,0.0,976.5541666666667,chiang_mai,25.650000000000002,25.44583333333333,35.61666666666667,31.098809523809525,26.1125,0,4,2
2025-03-01,26.1125,26.941666666666666,1452.5,0.7083333333333334,25.90416666666667,61.458333333333336,3.5666666666666664,232.5,0.0,974.65,chiang_mai,26.1125,25.650000000000002,33.645833333333336,29.675,23.370833333333334,0,5,3
2025-03-02,23.370833333333334,25.27916666666667,1419.625,2.9166666666666665,25.3,54.5,2.9125,254.04166666666666,0.0,973.125,chiang_mai,23.370833333333334,26.1125,34.925,28.598809523809525,29.224999999999998,0,6,3
2025-03-03,29.224999999999998,31.40833333333333,1371.5416666666667,3.6666666666666665,24.870833333333334,56.666666666666664,3.3000000000000003,252.625,0.0,972.8833333333333,chiang_mai,29.224999999999998,23.370833333333334,31.84166666666667,26.94821428571429,35.612500000000004,0,0,3
2025-03-04,35.612500000000004,38.625,1460.2083333333333,5.833333333333333,24.229166666666668,54.125,3.375,252.0,0.0,972.275,chiang_mai,35.612500000000004,29.224999999999998,27.145833333333332,26.574404761904763,41.61666666666667,1,1,3
2025-03-05,41.61666666666667,44.425000000000004,1453.3333333333333,5.791666666666667,24.583333333333332,58.083333333333336,3.5625,236.5,0.0,972.0416666666666,chiang_mai,41.61666666666667,35.612500000000004,29.070833333333336,27.78392857142857,33.27916666666667,0,2,3
2025-03-06,33.27916666666667,35.362500000000004,1481.5,4.458333333333333,24.433333333333334,60.166666666666664,3.85,234.04166666666666,0.0,973.6833333333334,chiang_mai,33.27916666666667,41.61666666666667,25.44583333333333,29.576190476190476,34.30416666666667,0,3,3
2025-03-07,34.30416666666667,36.520833333333336,1171.4583333333333,4.583333333333333,25.583333333333332,57.833333333333336,4.179166666666666,224.20833333333334,0.2,973.8416666666667,chiang_mai,34.30416666666667,33.27916666666667,25.650000000000002,30.695238095238096,34.612500000000004,0,4,3
2025-03-08,34.612500000000004,35.9,841.25,2.0833333333333335,25.191666666666666,74.33333333333333,7.8500000000000005,193.625,3.3000000000000003,976.0625,chiang_mai,34.612500000000004,34.30416666666667,26.1125,31.93154761904762,31.308333333333334,0,5,3
2025-03-09,31.308333333333334,32.266666666666666,1216.0416666666667,1.7083333333333333,25.016666666666666,72.33333333333333,4.608333333333333,227.20833333333334,0.1,978.1374999999999,chiang_mai,31.308333333333334,34.612500000000004,23.370833333333334,33.145833333333336,34.59166666666667,0,6,3
2025-03-10,34.59166666666667,35.9625,1558.875,2.5,26.28333333333333,68.75,3.4791666666666665,240.04166666666666,0.0,978.3458333333333,chiang_mai,34.59166666666667,31.308333333333334,29.224999999999998,34.279761904761905,32.612500000000004,0,0,3
2025-03-11,32.612500000000004,35.891666666666666,1560.5833333333333,6.583333333333333,27.55,64.75,4.245833333333334,186.33333333333334,1.5,976.0958333333333,chiang_mai,32.612500000000004,34.59166666666667,35.612500000000004,35.04642857142857,42.59166666666667,1,1,3
2025-03-12,42.59166666666667,45.949999999999996,1524.625,6.333333333333333,26.96666666666667,63.625,4.2124999999999995,221.95833333333334,0.0,973.35,chiang_mai,42.59166666666667,32.612500000000004,41.61666666666667,34.61785714285714,31.325,0,2,3
2025-03-13,31.325,32.925000000000004,1266.4166666666667,2.875,26.95,58.791666666666664,4.941666666666666,234.75,0.0,972.9875000000001,chiang_mai,31.325,42.59166666666667,33.27916666666667,34.75714285714286,33.96666666666667,0,3,3
2025-03-14,33.96666666666667,39.645833333333336,1270.0,11.375,28.02916666666667,48.458333333333336,2.7708333333333335,190.375,0.0,974.6916666666666,chiang_mai,33.96666666666667,31.325,34.30416666666667,34.47797619047619,41.050000000000004,1,4,3
2025-03-15,41.050000000000004,45.949999999999996,1316.3333333333333,10.041666666666666,27.34166666666667,49.25,3.766666666666667,228.95833333333334,0.0,974.9625,chiang_mai,41.050000000000004,33.96666666666667,34.612500000000004,34.429761904761904,45.62916666666666,1,5,3
2025-03-16,45.62916666666666,51.17083333333333,1423.3333333333333,11.416666666666666,27.191666666666666,53.0,3.1958333333333333,239.375,0.0,974.2041666666668,chiang_mai,45.62916666666666,41.050000000000004,31.308333333333334,35.34940476190476,56.76666666666667,1,6,3
2025-03-17,56.76666666666667,62.69166666666666,1332.125,11.75,27.849999999999998,52.166666666666664,4.591666666666667,239.54166666666666,0.0,974.0041666666666,chiang_mai,56.76666666666667,45.62916666666666,34.59166666666667,37.39523809523809,39.0625,1,0,3
2025-03-18,39.0625,42.87916666666666,992.8333333333334,7.333333333333333,28.870833333333334,54.708333333333336,5.5625,195.25,0.0,975.7458333333334,chiang_mai,39.0625,56.76666666666667,32.612500000000004,40.563095238095244,65.675,1,1,3
2025-03-19,65.675,67.625,1018.375,3.5416666666666665,24.90833333333333,76.54166666666667,6.2,219.25,5.3,980.2583333333333,chiang_mai,65.675,39.0625,42.59166666666667,41.48452380952381,67.38333333333334,1,2,3
2025-03-20,67.38333333333334,69.16666666666667,1463.0833333333333,3.4166666666666665,23.34166666666667,65.70833333333333,6.341666666666666,226.83333333333334,0.0,981.9041666666667,chiang_mai,67.38333333333334,65.675,31.325,44.78214285714286,68.56666666666666,1,3,3
2025-03-21,68.56666666666666,71.12916666666666,1631.9166666666667,5.041666666666667,24.52916666666667,66.16666666666667,4.970833333333333,294.5,0.0,980.85,chiang_mai,68.56666666666666,67.38333333333334,33.96666666666667,49.93333333333334,91.17916666666667,1,4,3
2025-03-22,91.17916666666667,95.1375,1696.8333333333333,7.833333333333333,25.8625,63.208333333333336,3.3041666666666667,265.0,0.0,978.9958333333334,chiang_mai,91.17916666666667,68.56666666666666,41.050000000000004,54.87619047619047,75.93333333333334,1,5,3
2025-03-23,75.93333333333334,78.78333333333333,1487.7916666666667,5.375,26.766666666666666,60.166666666666664,3.5625,251.20833333333334,0.0,977.5208333333334,chiang_mai,75.93333333333334,91.17916666666667,45.62916666666666,62.0375,63.42916666666667,1,6,3
2025-03-24,63.42916666666667,65.50833333333334,1535.5,4.041666666666667,27.0625,59.208333333333336,3.6166666666666667,232.45833333333334,0.0,974.9583333333334,chiang_mai,63.42916666666667,75.93333333333334,56.76666666666667,66.36666666666666,39.108333333333334,1,0,3
2025-03-25,39.108333333333334,40.12916666666667,1511.6666666666667,1.875,26.9375,55.083333333333336,2.8791666666666664,232.375,0.0,971.4208333333332,chiang_mai,39.108333333333334,63.42916666666667,39.0625,67.31845238095238,28.320833333333336,0,1,3
2025-03-26,28.320833333333336,29.166666666666668,1355.5,1.7083333333333333,26.620833333333334,52.708333333333336,4.3625,242.08333333333334,0.0,970.3541666666666,chiang_mai,28.320833333333336,39.108333333333334,65.675,67.325,35.887499999999996,0,2,3
2025-03-27,35.887499999999996,39.041666666666664,1293.6666666666667,6.083333333333333,26.46666666666667,51.625,3.654166666666667,247.04166666666666,0.0,969.4208333333332,chiang_mai,35.887499999999996,28.320833333333336,67.38333333333334,61.98869047619048,36.59166666666667,0,3,3
2025-03-28,36.59166666666667,41.916666666666664,1458.0416666666667,10.25,26.308333333333334,50.0,3.6791666666666667,260.8333333333333,0.0,970.6,chiang_mai,36.59166666666667,35.887499999999996,68.56666666666666,57.489285714285714,63.02916666666667,1,4,3
2025-03-29,63.02916666666667,71.05416666666666,1439.2916666666667,15.708333333333334,27.34583333333333,50.75,3.141666666666667,260.6666666666667,0.0,972.2708333333334,chiang_mai,63.02916666666667,36.59166666666667,91.17916666666667,52.92142857142858,57.04583333333333,1,5,3
2025-03-30,57.04583333333333,60.050000000000004,1263.125,5.458333333333333,28.65833333333333,52.833333333333336,4.1499999999999995,250.20833333333334,0.0,974.125,chiang_mai,57.04583333333333,63.02916666666667,75.93333333333334,48.9,34.4375,0,6,3
2025-03-31,34.4375,35.362500000000004,822.2083333333334,1.625,29.704166666666666,57.416666666666664,7.241666666666667,191.41666666666666,0.0,974.475,chiang_mai,34.4375,57.04583333333333,63.42916666666667,46.20178571428572,42.97083333333333,1,0,3
2025-04-01,42.97083333333333,44.23333333333333,790.25,1.7916666666666667,29.275000000000002,60.666666666666664,6.933333333333334,198.66666666666666,0.0,974.3666666666667,chiang_mai,42.97083333333333,34.4375,39.108333333333334,42.06011904761905,36.50833333333333,0,1,4
2025-04-02,36.50833333333333,37.354166666666664,922.2916666666666,1.25,28.6375,58.625,5.5125,211.41666666666666,0.0,975.4375,chiang_mai,36.50833333333333,42.97083333333333,28.320833333333336,42.61190476190477,54.25833333333333,1,2,4
2025-04-03,54.25833333333333,55.0375,1022.25,0.9583333333333334,29.329166666666666,58.916666666666664,5.041666666666667,200.5,0.0,976.2791666666667,chiang_mai,54.25833333333333,36.50833333333333,35.887499999999996,43.78154761904762,57.987500000000004,1,3,4
2025-04-04,57.987500000000004,58.6625,1088.6666666666667,1.0,29.170833333333334,63.25,4.954166666666667,222.625,0.0,974.85,chiang_mai,57.987500000000004,54.25833333333333,36.59166666666667,46.405952380952385,39.44583333333333,1,4,4
2025-04-05,39.44583333333333,39.895833333333336,1224.875,0.4166666666666667,28.558333333333334,67.20833333333333,4.3625,241.79166666666666,0.0,974.1041666666666,chiang_mai,39.44583333333333,57.987500000000004,63.02916666666667,49.4625,33.983333333333334,0,5,4
2025-04-06,33.983333333333334,34.25833333333333,1199.75,0.25,27.6375,66.91666666666667,3.3541666666666665,188.33333333333334,0.7,974.6625,chiang_mai,33.983333333333334,39.44583333333333,57.04583333333333,46.093452380952385,29.620833333333334,0,6,4
2025-04-07,29.620833333333334,29.958333333333332,993.2916666666666,0.25,26.941666666666666,69.08333333333333,4.2749999999999995,245.95833333333334,0.1,976.9125,chiang_mai,29.620833333333334,33.983333333333334,34.4375,42.79880952380953,24.541666666666668,0,0,4
2025-04-08,24.541666666666668,24.84166666666667,1185.0,0.041666666666666664,27.84166666666667,61.125,4.029166666666667,267.5833333333333,0.1,977.5541666666667,chiang_mai,24.541666666666668,29.620833333333334,42.97083333333333,42.11071428571429,41.737500000000004,1,1,4
2025-04-09,41.737500000000004,42.266666666666666,1352.6666666666667,0.3333333333333333,28.9375,52.875,3.579166666666667,264.2083333333333,0.0,974.8583333333332,chiang_mai,41.737500000000004,24.541666666666668,36.50833333333333,39.47797619047619,54.93333333333334,1,2,4
2025-04-10,54.93333333333334,55.44583333333333,1241.3333333333333,0.3333333333333333,29.087500000000002,53.916666666666664,4.104166666666667,216.0,0.0,972.5333333333333,chiang_mai,54.93333333333334,41.737500000000004,54.25833333333333,40.22500000000001,34.61666666666667,0,3,4
2025-04-11,34.61666666666667,35.0625,1074.7916666666667,0.0,28.733333333333334,62.583333333333336,4.645833333333333,237.83333333333334,1.4,971.1916666666666,chiang_mai,34.61666666666667,54.93333333333334,57.987500000000004,40.32142857142857,16.775000000000002,0,4,4
2025-04-12,16.775000000000002,17.070833333333333,1006.4583333333334,0.0,28.254166666666666,66.41666666666667,3.829166666666667,185.5,0.0,972.7166666666667,chiang_mai,16.775000000000002,34.61666666666667,39.44583333333333,36.9827380952381,17.108333333333334,0,5,4
2025-04-13,17.108333333333334,17.45,815.5833333333334,0.0,26.025000000000002,80.08333333333333,4.204166666666667,226.08333333333334,37.2,974.9958333333334,chiang_mai,17.108333333333334,16.775000000000002,33.983333333333334,33.74404761904762,22.175,0,6,4
2025-04-14,22.175,22.84166666666667,868.0833333333334,1.2083333333333333,25.0125,84.04166666666667,3.3708333333333336,184.375,11.2,976.5791666666668,chiang_mai,22.175,17.108333333333334,29.620833333333334,31.333333333333336,28.791666666666668,0,0,4
2025-04-15,28.791666666666668,29.183333333333334,1153.875,0.5833333333333334,26.608333333333334,79.91666666666667,3.0250000000000004,258.4166666666667,0.5,975.7875,chiang_mai,28.791666666666668,22.175,24.541666666666668,30.26964285714286,22.59583333333333,0,1,4
2025-04-16,22.59583333333333,22.691666666666666,1263.75,0.0,27.46666666666667,75.41666666666667,3.975,218.875,0.8,974.0208333333334,chiang_mai,22.59583333333333,28.791666666666668,41.737500000000004,30.876785714285717,15.2125,0,2,4
2025-04-17,15.2125,15.420833333333334,1302.875,0.0,27.695833333333336,74.41666666666667,4.291666666666667,188.58333333333334,0.4,973.0083333333333,chiang_mai,15.2125,22.59583333333333,54.93333333333334,28.142261904761906,16.183333333333334,0,3,4
2025-04-18,16.183333333333334,16.491666666666667,1138.5416666666667,0.2916666666666667,27.037499999999998,78.33333333333333,4.358333333333333,213.04166666666666,0.9,972.4666666666667,chiang_mai,16.183333333333334,15.2125,34.61666666666667,22.467857142857145,22.666666666666668,0,4,4
2025-04-19,22.666666666666668,25.395833333333332,1120.0,4.791666666666667,28.354166666666668,67.0,3.7583333333333333,169.41666666666666,0.0,972.0666666666666,chiang_mai,22.666666666666668,16.183333333333334,16.775000000000002,19.83452380952381,23.920833333333334,0,5,4
2025-04-20,23.920833333333334,27.787499999999998,820.9583333333334,7.291666666666667,28.733333333333334,60.5,4.85,226.08333333333334,0.0,972.5916666666667,chiang_mai,23.920833333333334,22.666666666666668,17.108333333333334,20.676190476190474,22.333333333333332,0,6,4
2025-04-21,22.333333333333332,26.150000000000002,834.5833333333334,7.083333333333333,29.474999999999998,59.625,5.579166666666667,234.20833333333334,0.0,974.1708333333332,chiang_mai,22.333333333333332,23.920833333333334,22.175,21.64940476190476,21.204166666666666,0,0,4
2025-04-22,21.204166666666666,24.133333333333336,1361.125,5.5,30.320833333333336,57.625,4.316666666666667,230.875,0.39999999999999997,973.9375,chiang_mai,21.204166666666666,22.333333333333332,28.791666666666668,21.67202380952381,27.337500000000002,0,1,4
2025-04-23,27.337500000000002,30.983333333333334,894.2083333333334,6.583333333333333,31.0125,54.458333333333336,5.0875,245.75,0.0,972.3333333333334,chiang_mai,27.337500000000002,21.204166666666666,22.59583333333333,20.58809523809524,33.75,0,2,4
2025-04-24,33.75,38.74166666666667,979.125,9.541666666666666,31.320833333333336,52.0,4.5,228.875,0.0,971.8208333333333,chiang_mai,33.75,27.337500000000002,15.2125,21.26547619047619,35.449999999999996,0,3,4
2025-04-25,35.449999999999996,42.541666666666664,1137.375,13.625,31.566666666666666,49.791666666666664,3.4166666666666665,223.75,0.0,972.2166666666667,chiang_mai,35.449999999999996,33.75,16.183333333333334,23.913690476190474,34.75416666666667,0,4,4
2025-04-26,34.75416666666667,40.05416666666667,773.5416666666666,10.166666666666666,31.53333333333333,47.5,4.529166666666667,243.54166666666666,0.0,972.7458333333334,chiang_mai,34.75416666666667,35.449999999999996,22.666666666666668,26.666071428571428,28.454166666666666,0,5,4
2025-04-27,28.454166666666666,31.266666666666666,821.125,5.125,30.95,52.958333333333336,3.891666666666667,232.95833333333334,0.0,973.9416666666666,chiang_mai,28.454166666666666,34.75416666666667,23.920833333333334,28.392857142857142,18.6375,0,6,4
2025-04-28,18.6375,19.833333333333332,995.5,2.2083333333333335,28.479166666666668,58.25,4.670833333333333,209.95833333333334,0.0,974.0375,chiang_mai,18.6375,28.454166666666666,22.333333333333332,29.040476190476195,14.891666666666666,0,0,4
2025-04-29,14.891666666666666,15.237499999999999,986.5,0.5,27.258333333333336,69.5,6.283333333333334,202.83333333333334,3.6,975.0041666666666,chiang_mai,14.891666666666666,18.6375,21.204166666666666,28.5125,15.241666666666667,0,1,4
2025-04-30,15.241666666666667,15.458333333333334,902.375,0.0,26.587500000000002,73.375,5.658333333333334,253.25,2.4,975.1,chiang_mai,15.241666666666667,14.891666666666666,27.337500000000002,27.610714285714284,14.766666666666666,0,2,4
2025-05-01,14.766666666666666,15.054166666666667,1149.5,0.0,26.837500000000002,71.83333333333333,5.041666666666667,206.25,7.6,976.275,chiang_mai,14.766666666666666,15.241666666666667,33.75,25.882738095238096,16.608333333333334,0,3,5
2025-05-02,16.608333333333334,16.891666666666666,1039.9166666666667,0.0,27.59166666666667,71.875,3.8874999999999997,219.66666666666666,0.8,975.0541666666667,chiang_mai,16.608333333333334,14.766666666666666,35.449999999999996,23.170833333333338,19.016666666666666,0,4,5
2025-05-03,19.016666666666666,19.366666666666667,847.0416666666666,0.125,27.47083333333333,74.375,5.183333333333334,226.25,6.8999999999999995,973.5583333333334,chiang_mai,19.016666666666666,16.608333333333334,34.75416666666667,20.479166666666664,19.337500000000002,0,5,5
2025-05-04,19.337500000000002,21.183333333333334,886.5,3.0416666666666665,27.59583333333333,73.16666666666667,3.441666666666667,239.08333333333334,1.6,972.1958333333333,chiang_mai,19.337500000000002,19.016666666666666,28.454166666666666,18.23095238095238,16.179166666666667,0,6,5
2025-05-05,16.179166666666667,18.716666666666665,869.7916666666666,4.708333333333333,29.758333333333336,61.541666666666664,2.920833333333333,197.5,0.0,971.6125000000001,chiang_mai,16.179166666666667,19.337500000000002,18.6375,16.928571428571427,17.254166666666666,0,0,5
2025-05-06,17.254166666666666,19.533333333333335,744.9166666666666,4.291666666666667,31.354166666666668,51.458333333333336,3.608333333333333,219.20833333333334,0.0,971.1208333333334,chiang_mai,17.254166666666666,16.179166666666667,14.891666666666666,16.577380952380953,13.420833333333334,0,1,5
2025-05-07,13.420833333333334,14.733333333333334,639.4166666666666,2.0833333333333335,31.683333333333334,52.833333333333336,6.679166666666667,222.79166666666666,0.2,970.3000000000001,chiang_mai,13.420833333333334,17.254166666666666,15.241666666666667,16.91488095238095,19.895833333333332,0,2,5
2025-05-08,19.895833333333332,21.583333333333332,828.4166666666666,3.0833333333333335,30.533333333333335,60.666666666666664,4.2124999999999995,199.29166666666666,0.8999999999999999,970.9708333333333,chiang_mai,19.895833333333332,13.420833333333334,14.766666666666666,16.654761904761905,22.59583333333333,0,3,5
2025-05-09,22.59583333333333,24.65416666666667,924.0833333333334,3.7916666666666665,30.275000000000002,62.291666666666664,4.429166666666666,198.25,0.0,971.4333333333334,chiang_mai,22.59583333333333,19.895833333333332,16.608333333333334,17.3875,30.633333333333336,0,4,5
2025-05-10,30.633333333333336,33.6875,773.125,5.666666666666667,30.3625,60.666666666666664,2.725,220.375,0.0,971.6541666666667,chiang_mai,30.633333333333336,22.59583333333333,19.016666666666666,18.242857142857144,25.03333333333333,0,5,5
2025-05-11,25.03333333333333,27.599999999999998,880.375,5.125,28.891666666666666,70.45833333333333,5.075,232.625,6.7,971.3249999999999,chiang_mai,25.03333333333333,30.633333333333336,19.337500000000002,19.902380952380952,15.916666666666666,0,6,5
2025-05-12,15.916666666666666,16.879166666666666,884.7916666666666,1.9166666666666667,26.979166666666668,75.70833333333333,5.245833333333334,198.0,1.8,972.1416666666668,chiang_mai,15.916666666666666,25.03333333333333,16.179166666666667,20.71607142857143,21.75,0,0,5
2025-05-13,21.75,22.366666666666664,713.5833333333334,1.1666666666666667,27.058333333333334,76.16666666666667,6.2375,216.58333333333334,6.6,972.775,chiang_mai,21.75,15.916666666666666,17.254166666666666,20.678571428571427,24.25,0,1,5
2025-05-14,24.25,24.425,791.0,0.041666666666666664,27.15416666666667,77.875,4.4125000000000005,235.375,8.200000000000001,973.8583333333332,chiang_mai,24.25,21.75,13.420833333333334,21.320833333333333,11.470833333333333,0,2,5
2025-05-15,11.470833333333333,11.549999999999999,950.0,0.0,25.875,84.45833333333333,3.5875,208.41666666666666,4.5,974.6125000000001,chiang_mai,11.470833333333333,24.25,19.895833333333332,22.867857142857144,22.599999999999998,0,3,5
2025-05-16,22.599999999999998,22.945833333333336,1261.625,0.08333333333333333,25.9375,84.875,3.408333333333333,198.79166666666666,9.5,974.6208333333334,chiang_mai,22.599999999999998,11.470833333333333,22.59583333333333,21.664285714285715,11.0875,0,4,5
2025-05-17,11.0875,11.395833333333334,1194.875,0.25,26.629166666666666,84.625,4.175,261.375,12.8,974.1791666666667,chiang_mai,11.0875,22.599999999999998,30.633333333333336,21.66488095238095,12.141666666666666,0,5,5
2025-05-18,12.141666666666666,12.304166666666667,1031.7083333333333,0.0,27.1375,79.5,4.379166666666666,238.33333333333334,12.9,973.8125,chiang_mai,12.141666666666666,11.0875,25.03333333333333,18.872619047619047,16.325,0,6,5
2025-05-19,16.325,16.466666666666665,1200.2083333333333,0.0,27.77916666666667,78.33333333333333,2.891666666666667,186.54166666666666,6.0,972.6958333333333,chiang_mai,16.325,12.141666666666666,15.916666666666666,17.03095238095238,24.745833333333334,0,0,5
2025-05-20,24.745833333333334,24.883333333333336,1429.5416666666667,0.0,28.254166666666666,77.41666666666667,3.5749999999999997,149.375,2.1,971.8249999999999,chiang_mai,24.745833333333334,16.325,21.75,17.089285714285715,20.041666666666668,0,1,5
2025-05-21,20.041666666666668,20.204166666666666,1140.75,0.0,28.333333333333332,78.79166666666667,3.670833333333333,160.25,10.9,972.2041666666668,chiang_mai,20.041666666666668,24.745833333333334,24.25,17.517261904761906,15.475,0,2,5
2025-05-22,15.475,15.708333333333334,1098.4583333333333,0.125,28.170833333333334,79.04166666666667,3.779166666666667,163.33333333333334,12.1,970.9208333333332,chiang_mai,15.475,20.041666666666668,11.470833333333333,16.91607142857143,11.979166666666666,0,3,5
2025-05-23,11.979166666666666,12.183333333333332,1147.8333333333333,0.08333333333333333,27.099999999999998,85.375,3.204166666666667,217.08333333333334,8.5,969.5958333333333,chiang_mai,11.979166666666666,15.475,22.599999999999998,17.488095238095237,16.316666666666666,0,4,5
2025-05-24,16.316666666666666,16.516666666666666,836.0416666666666,0.0,27.233333333333334,82.04166666666667,3.608333333333333,207.375,4.6000000000000005,970.7333333333332,chiang_mai,16.316666666666666,11.979166666666666,11.0875,15.970833333333333,12.0,0,5,5
2025-05-25,12.0,12.0,592.1666666666666,0.0,25.695833333333336,86.54166666666667,5.033333333333333,239.0,44.0,973.0291666666667,chiang_mai,12.0,16.316666666666666,12.141666666666666,16.71785714285714,13.291666666666666,0,6,5
2025-05-26,13.291666666666666,13.299999999999999,557.4166666666666,0.0,25.22083333333333,87.625,5.708333333333333,242.625,21.2,973.0,chiang_mai,13.291666666666666,12.0,16.325,16.697619047619046,14.145833333333334,0,0,5
2025-05-27,14.145833333333334,14.220833333333333,893.3333333333334,0.0,25.045833333333334,89.125,5.5874999999999995,219.875,18.7,971.725,chiang_mai,14.145833333333334,13.291666666666666,24.745833333333334,16.264285714285716,11.262500000000001,0,1,5
2025-05-28,11.262500000000001,11.716666666666667,653.3333333333334,0.20833333333333334,26.358333333333334,83.0,5.575,192.0,3.4000000000000004,970.9375,chiang_mai,11.262500000000001,14.145833333333334,20.041666666666668,14.75,12.279166666666667,0,2,5
2025-05-29,12.279166666666667,13.454166666666666,1020.0,1.375,26.270833333333332,83.54166666666667,5.8999999999999995,179.875,16.599999999999998,971.2583333333333,chiang_mai,12.279166666666667,11.262500000000001,15.475,13.495833333333334,12.075000000000001,0,3,5
2025-05-30,12.075000000000001,13.091666666666667,1032.4166666666667,1.2083333333333333,26.045833333333334,87.75,3.5666666666666664,192.91666666666666,29.2,972.0124999999999,chiang_mai,12.075000000000001,12.279166666666667,11.979166666666666,13.039285714285715,6.8875,0,4,5
2025-05-31,6.8875,7.354166666666667,1657.5833333333333,0.2916666666666667,26.395833333333332,86.75,4.125,202.04166666666666,13.0,972.7333333333332,chiang_mai,6.8875,12.075000000000001,16.316666666666666,13.05297619047619,8.325000000000001,0,5,5
2025-06-01,8.325000000000001,8.670833333333333,948.25,0.25,27.141666666666666,80.95833333333333,6.141666666666667,177.75,12.200000000000001,971.6208333333334,chiang_mai,8.325000000000001,6.8875,12.0,11.705952380952382,10.045833333333333,0,6,6
2025-06-02,10.045833333333333,11.137500000000001,1015.8333333333334,1.5416666666666667,27.5625,77.54166666666667,7.120833333333334,152.08333333333334,12.5,970.6583333333333,chiang_mai,10.045833333333333,8.325000000000001,13.291666666666666,11.180952380952382,13.141666666666666,0,0,6
2025-06-03,13.141666666666666,15.816666666666668,1335.375,5.0,26.09583333333333,85.66666666666667,3.966666666666667,167.16666666666666,2.4,970.7791666666667,chiang_mai,13.141666666666666,10.045833333333333,14.145833333333334,10.717261904761903,27.483333333333334,0,1,6
2025-06-04,27.483333333333334,37.025,1347.625,18.541666666666668,27.212500000000002,81.95833333333333,3.641666666666667,155.16666666666666,9.0,971.6,chiang_mai,27.483333333333334,13.141666666666666,11.262500000000001,10.573809523809524,27.0625,0,2,6
2025-06-05,27.0625,31.0625,1343.1666666666667,7.833333333333333,27.55,81.5,3.154166666666667,160.66666666666666,3.6999999999999997,972.0458333333332,chiang_mai,27.0625,27.483333333333334,12.279166666666667,12.891071428571431,30.379166666666666,0,3,6
2025-06-06,30.379166666666666,33.15416666666667,1447.3333333333333,4.958333333333333,28.0,80.91666666666667,3.0375,159.91666666666666,3.0999999999999996,971.7083333333334,chiang_mai,30.379166666666666,27.0625,12.075000000000001,15.002976190476192,21.900000000000002,0,4,6
2025-06-07,21.900000000000002,23.391666666666666,1475.2083333333333,2.125,28.59166666666667,77.33333333333333,3.6999999999999997,162.41666666666666,0.6000000000000001,970.9166666666666,chiang_mai,21.900000000000002,30.379166666666666,6.8875,17.617857142857144,16.020833333333332,0,5,6
2025-06-08,16.020833333333332,16.616666666666667,1086.375,0.7916666666666666,28.575,77.33333333333333,3.5124999999999997,136.875,0.8999999999999999,969.9208333333332,chiang_mai,16.020833333333332,21.900000000000002,8.325000000000001,19.7625,16.708333333333332,0,6,6
2025-06-09,16.708333333333332,17.166666666666668,825.375,0.5,27.820833333333336,79.08333333333333,4.791666666666667,221.375,4.7,969.4458333333333,chiang_mai,16.708333333333332,16.020833333333332,10.045833333333333,20.86190476190476,12.674999999999999,0,0,6
2025-06-10,12.674999999999999,13.404166666666667,740.0416666666666,1.25,26.46666666666667,83.29166666666667,4.204166666666667,193.125,11.0,969.6458333333334,chiang_mai,12.674999999999999,16.708333333333332,13.141666666666666,21.813690476190477,10.745833333333332,0,1,6
2025-06-11,10.745833333333332,11.091666666666667,891.25,0.4166666666666667,25.508333333333336,88.54166666666667,2.9,220.04166666666666,24.8,970.2458333333334,chiang_mai,10.745833333333332,12.674999999999999,27.483333333333334,21.747023809523814,15.0375,0,2,6
2025-06-12,15.0375,15.358333333333334,1477.9583333333333,0.5,27.083333333333332,83.0,2.9916666666666667,225.875,2.3,969.5625,chiang_mai,15.0375,10.745833333333332,27.0625,19.355952380952377,15.183333333333332,0,3,6
2025-06-13,15.183333333333332,15.695833333333333,1327.0416666666667,0.6666666666666666,27.46666666666667,82.04166666666667,3.7583333333333333,175.08333333333334,8.4,969.8208333333333,chiang_mai,15.183333333333332,15.0375,30.379166666666666,17.638095238095236,13.258333333333333,0,4,6
2025-06-14,13.258333333333333,13.75,1117.4583333333333,0.5,26.525000000000002,85.58333333333333,4.0874999999999995,147.45833333333334,15.5,970.3541666666666,chiang_mai,13.258333333333333,15.183333333333332,21.900000000000002,15.467261904761903,10.454166666666667,0,5,6
2025-06-15,10.454166666666667,10.916666666666666,1018.5833333333334,0.375,27.22083333333333,80.875,4.845833333333333,158.25,9.7,970.4041666666667,chiang_mai,10.454166666666667,13.258333333333333,16.020833333333332,14.232738095238094,8.804166666666667,0,6,6
2025-06-16,8.804166666666667,9.016666666666667,1333.75,0.0,26.816666666666666,82.75,4.508333333333334,194.58333333333334,11.4,971.5625,chiang_mai,8.804166666666667,10.454166666666667,16.708333333333332,13.437499999999998,14.883333333333333,0,0,6
2025-06-17,14.883333333333333,15.229166666666666,1253.0833333333333,0.0,26.045833333333334,87.04166666666667,4.845833333333333,191.45833333333334,22.1,972.4625,chiang_mai,14.883333333333333,8.804166666666667,12.674999999999999,12.308333333333334,12.166666666666666,0,1,6
2025-06-18,12.166666666666666,12.520833333333334,999.25,0.2916666666666667,27.46666666666667,78.79166666666667,4.958333333333333,149.0,2.5999999999999996,971.8916666666668,chiang_mai,12.166666666666666,14.883333333333333,10.745833333333332,12.623809523809523,16.129166666666666,0,2,6
2025-06-19,16.129166666666666,18.370833333333334,1253.0416666666667,3.6666666666666665,26.97083333333333,81.08333333333333,3.6833333333333336,154.375,14.299999999999999,971.8791666666666,chiang_mai,16.129166666666666,12.166666666666666,15.0375,12.826785714285714,17.966666666666665,0,3,6
2025-06-20,17.966666666666665,20.908333333333335,1410.375,5.208333333333333,27.037499999999998,84.25,3.3791666666666664,190.29166666666666,2.9,971.2875,chiang_mai,17.966666666666665,16.129166666666666,15.183333333333332,12.982738095238094,16.191666666666666,0,4,6
2025-06-21,16.191666666666666,20.0625,1250.25,7.375,27.708333333333332,78.41666666666667,4.0375000000000005,162.91666666666666,0.5,970.1083333333332,chiang_mai,16.191666666666666,17.966666666666665,13.258333333333333,13.380357142857141,11.541666666666666,0,5,6
2025-06-22,11.541666666666666,13.262500000000001,839.0,3.3333333333333335,27.133333333333336,81.08333333333333,4.8374999999999995,204.125,29.2,970.3833333333333,chiang_mai,11.541666666666666,16.191666666666666,10.454166666666667,13.799404761904762,9.049999999999999,0,6,6
2025-06-23,9.049999999999999,9.674999999999999,687.3333333333334,1.1666666666666667,26.474999999999998,84.04166666666667,3.9625,170.625,22.3,970.1041666666666,chiang_mai,9.049999999999999,11.541666666666666,8.804166666666667,13.954761904761906,10.579166666666667,0,0,6
2025-06-24,10.579166666666667,11.65,741.8333333333334,1.7916666666666667,25.954166666666666,85.25,3.7249999999999996,217.58333333333334,12.4,970.3208333333333,chiang_mai,10.579166666666667,9.049999999999999,14.883333333333333,13.989880952380952,18.508333333333333,0,1,6
2025-06-25,18.508333333333333,20.929166666666667,780.3333333333334,4.541666666666667,26.691666666666666,82.66666666666667,3.454166666666667,212.33333333333334,10.0,971.6458333333334,chiang_mai,18.508333333333333,10.579166666666667,12.166666666666666,13.375,19.516666666666666,0,2,6
2025-06-26,19.516666666666666,21.912499999999998,952.7083333333334,4.291666666666667,26.78333333333333,85.5,3.391666666666667,185.45833333333334,25.5,971.7041666666668,chiang_mai,19.516666666666666,18.508333333333333,16.129166666666666,14.280952380952382,14.633333333333333,0,3,6
2025-06-27,14.633333333333333,15.604166666666666,936.9583333333334,1.6666666666666667,25.974999999999998,88.125,4.2375,139.375,26.9,970.5958333333333,chiang_mai,14.633333333333333,19.516666666666666,17.966666666666665,14.76488095238095,12.120833333333332,0,4,6
2025-06-28,12.120833333333332,13.049999999999999,862.625,1.7083333333333333,25.77916666666667,87.04166666666667,3.1166666666666667,117.54166666666667,16.8,969.5458333333332,chiang_mai,12.120833333333332,14.633333333333333,16.191666666666666,14.288690476190476,13.766666666666666,0,5,6
2025-06-29,13.766666666666666,14.954166666666666,1049.0,2.25,26.22083333333333,82.91666666666667,4.858333333333333,143.54166666666666,3.2,968.5833333333334,chiang_mai,13.766666666666666,12.120833333333332,11.541666666666666,13.707142857142857,11.9125,0,6,6
2025-06-30,11.9125,14.770833333333334,1305.125,5.333333333333333,26.583333333333332,81.41666666666667,3.8958333333333335,150.41666666666666,16.5,968.6958333333333,chiang_mai,11.9125,13.766666666666666,9.049999999999999,14.025,15.470833333333333,0,0,6
2025-07-01,15.470833333333333,18.466666666666665,1265.3333333333333,5.5,26.516666666666666,81.5,3.5833333333333335,131.41666666666666,12.7,969.7666666666668,chiang_mai,15.470833333333333,11.9125,10.579166666666667,14.43392857142857,17.204166666666666,0,1,7
2025-07-02,17.204166666666666,19.695833333333333,1312.0416666666667,4.666666666666667,26.391666666666666,84.70833333333333,2.975,161.125,27.599999999999998,970.9499999999999,chiang_mai,17.204166666666666,15.470833333333333,18.508333333333333,15.132738095238095,19.900000000000002,0,2,7
2025-07-03,19.900000000000002,22.775000000000002,1253.5,4.916666666666667,26.020833333333332,85.54166666666667,2.795833333333334,122.625,14.700000000000001,972.0541666666667,chiang_mai,19.900000000000002,17.204166666666666,19.516666666666666,14.94642857142857,19.045833333333334,0,3,7
2025-07-04,19.045833333333334,21.675,1266.5416666666667,4.541666666666667,26.2625,82.83333333333333,2.1166666666666667,168.625,12.000000000000002,971.85,chiang_mai,19.045833333333334,19.900000000000002,14.633333333333333,15.001190476190475,18.962500000000002,0,4,7
2025-07-05,18.962500000000002,20.679166666666667,1122.7083333333333,2.9166666666666665,26.383333333333336,83.66666666666667,2.9250000000000003,149.0,29.400000000000002,970.2458333333334,chiang_mai,18.962500000000002,19.045833333333334,12.120833333333332,15.63154761904762,15.5875,0,5,7
2025-07-06,15.5875,16.8125,988.0416666666666,2.0833333333333335,26.054166666666664,86.29166666666667,4.154166666666667,163.625,11.3,969.9625,chiang_mai,15.5875,18.962500000000002,13.766666666666666,16.60892857142857,12.375,0,6,7
2025-07-07,12.375,14.35,1323.7083333333333,3.375,25.866666666666664,84.08333333333333,5.091666666666667,175.125,4.5,970.4666666666667,chiang_mai,12.375,15.5875,11.9125,16.869047619047617,18.458333333333332,0,0,7
2025-07-08,18.458333333333332,24.941666666666666,1430.4583333333333,11.541666666666666,26.570833333333336,83.75,3.2583333333333333,139.70833333333334,10.3,970.775,chiang_mai,18.458333333333332,12.375,15.470833333333333,16.935119047619047,15.8375,0,1,7
2025-07-09,15.8375,19.708333333333332,1489.0,7.041666666666667,26.77916666666667,82.75,3.0416666666666665,117.54166666666667,20.800000000000004,971.1,chiang_mai,15.8375,18.458333333333332,17.204166666666666,17.36190476190476,19.0,0,2,7
2025-07-10,19.0,26.625,1414.25,14.75,26.375,86.0,2.85,159.54166666666666,3.8000000000000003,969.0666666666666,chiang_mai,19.0,15.8375,19.900000000000002,17.166666666666668,20.004166666666666,0,3,7
2025-07-11,20.004166666666666,30.77916666666667,1081.875,20.583333333333332,26.070833333333336,90.29166666666667,2.4791666666666665,128.29166666666666,36.4,966.9125,chiang_mai,20.004166666666666,19.0,19.045833333333334,17.038095238095238,20.783333333333335,0,4,7
2025-07-12,20.783333333333335,23.583333333333332,1274.0,5.0,25.3,90.54166666666667,3.1958333333333333,168.79166666666666,20.8,968.7125,chiang_mai,20.783333333333335,20.004166666666666,18.962500000000002,17.175,16.879166666666666,0,5,7
2025-07-13,16.879166666666666,18.133333333333333,1252.9583333333333,2.375,26.758333333333336,84.83333333333333,2.85,192.45833333333334,17.4,970.6958333333333,chiang_mai,16.879166666666666,20.783333333333335,15.5875,17.435119047619047,17.991666666666667,0,6,7
2025-07-14,17.991666666666667,20.241666666666667,1092.125,4.041666666666667,27.0,84.70833333333333,2.9375,191.79166666666666,33.6,970.9250000000001,chiang_mai,17.991666666666667,16.879166666666666,12.375,17.619642857142857,20.474999999999998,0,0,7
2025-07-15,20.474999999999998,22.099999999999998,1770.875,2.6666666666666665,26.537499999999998,88.125,2.9458333333333333,117.08333333333333,20.599999999999998,969.8041666666667,chiang_mai,20.474999999999998,17.991666666666667,18.458333333333332,18.42202380952381,11.575000000000001,0,1,7
2025-07-16,11.575000000000001,12.158333333333333,1393.0416666666667,1.2916666666666667,26.1375,89.04166666666667,4.4625,159.70833333333334,9.0,970.025,chiang_mai,11.575000000000001,20.474999999999998,15.8375,18.71011904761905,15.245833333333332,0,2,7
2025-07-17,15.245833333333332,15.700000000000001,1505.6666666666667,0.75,25.683333333333334,91.125,2.370833333333333,158.04166666666666,15.1,970.75,chiang_mai,15.245833333333332,11.575000000000001,19.0,18.101190476190474,12.987499999999999,0,3,7
2025-07-18,12.987499999999999,13.362499999999999,1133.75,0.625,26.229166666666668,86.70833333333333,2.75,175.83333333333334,17.5,970.0291666666667,chiang_mai,12.987499999999999,15.245833333333332,20.004166666666666,17.564880952380953,16.120833333333334,0,4,7
2025-07-19,16.120833333333334,16.870833333333334,1310.125,0.9583333333333334,26.629166666666666,84.625,3.2291666666666665,138.29166666666666,2.4,967.4833333333332,chiang_mai,16.120833333333334,12.987499999999999,20.783333333333335,16.5625,16.754166666666666,0,5,7
2025-07-20,16.754166666666666,17.070833333333333,1464.8333333333333,0.08333333333333333,26.15833333333333,86.0,3.1750000000000003,140.04166666666666,7.3,967.225,chiang_mai,16.754166666666666,16.120833333333334,16.879166666666666,15.896428571428572,11.525,0,6,7
2025-07-21,11.525,11.729166666666666,1496.9166666666667,0.20833333333333334,27.02916666666667,82.75,3.533333333333333,154.16666666666666,3.1,967.2041666666668,chiang_mai,11.525,16.754166666666666,17.991666666666667,15.878571428571428,15.008333333333333,0,0,7
2025-07-22,15.008333333333333,15.166666666666666,1592.0833333333333,0.0,25.770833333333332,87.79166666666667,3.9250000000000003,142.79166666666666,6.3999999999999995,965.3708333333334,chiang_mai,15.008333333333333,11.525,20.474999999999998,14.954761904761906,7.970833333333334,0,1,7
2025-07-23,7.970833333333334,8.125,1044.0833333333333,0.0,24.7,93.75,5.875,146.04166666666666,48.1,962.9541666666668,chiang_mai,7.970833333333334,15.008333333333333,11.575000000000001,14.173809523809524,5.558333333333334,0,2,7
2025-07-24,5.558333333333334,5.920833333333333,912.9166666666666,0.20833333333333334,25.454166666666666,90.08333333333333,5.116666666666666,209.33333333333334,38.5,966.5166666666668,chiang_mai,5.558333333333334,7.970833333333334,15.245833333333332,13.658928571428573,7.7749999999999995,0,3,7
2025-07-25,7.7749999999999995,8.204166666666667,1256.5833333333333,0.08333333333333333,25.604166666666668,89.58333333333333,3.3666666666666667,190.375,12.0,969.2666666666668,chiang_mai,7.7749999999999995,5.558333333333334,12.987499999999999,12.275,8.679166666666667,0,4,7
2025-07-26,8.679166666666667,9.166666666666666,1557.0416666666667,0.5,26.016666666666666,89.45833333333333,3.0208333333333335,139.66666666666666,7.2,969.6791666666667,chiang_mai,8.679166666666667,7.7749999999999995,16.120833333333334,11.530357142857143,9.683333333333334,0,5,7
2025-07-27,9.683333333333334,9.920833333333333,1256.2083333333333,0.125,25.579166666666666,91.08333333333333,3.7875,129.625,20.8,968.3666666666667,chiang_mai,9.683333333333334,8.679166666666667,16.754166666666666,10.467261904761903,9.245833333333334,0,6,7
2025-07-28,9.245833333333334,9.450000000000001,1333.5,0.20833333333333334,24.804166666666664,93.0,3.183333333333333,122.5,37.1,967.5875,chiang_mai,9.245833333333334,9.683333333333334,11.525,9.457142857142857,11.304166666666667,0,0,7
2025-07-29,11.304166666666667,12.1625,1153.8333333333333,1.375,26.229166666666668,90.20833333333333,3.2916666666666665,141.83333333333334,15.1,968.0500000000001,chiang_mai,11.304166666666667,9.245833333333334,15.008333333333333,9.13154761904762,13.762500000000001,0,1,7
2025-07-30,13.762500000000001,17.854166666666668,1395.2916666666667,7.666666666666667,26.679166666666664,86.5,3.9583333333333335,153.95833333333334,4.1,969.0541666666667,chiang_mai,13.762500000000001,11.304166666666667,7.970833333333334,8.602380952380953,17.908333333333335,0,2,7
2025-07-31,17.908333333333335,23.820833333333336,1347.5416666666667,11.208333333333334,27.270833333333332,82.08333333333333,3.8499999999999996,143.70833333333334,5.8,969.1208333333334,chiang_mai,17.908333333333335,13.762500000000001,5.558333333333334,9.429761904761905,18.729166666666668,0,3,7
2025-08-01,18.729166666666668,26.695833333333336,1337.0,15.25,27.229166666666668,84.91666666666667,3.579166666666667,135.91666666666666,5.4,968.8541666666666,chiang_mai,18.729166666666668,17.908333333333335,7.7749999999999995,11.19404761904762,18.970833333333335,0,4,8
2025-08-02,18.970833333333335,26.191666666666666,1406.625,13.833333333333334,27.15416666666667,85.45833333333333,3.720833333333333,156.41666666666666,21.7,970.4208333333332,chiang_mai,18.970833333333335,18.729166666666668,8.679166666666667,12.758928571428573,21.65416666666667,0,5,8
2025-08-03,21.65416666666667,32.329166666666666,1394.5833333333333,19.916666666666668,27.641666666666666,80.33333333333333,3.908333333333333,148.58333333333334,3.1999999999999997,971.9583333333334,chiang_mai,21.65416666666667,18.970833333333335,9.683333333333334,14.229166666666668,17.087500000000002,0,6,8
2025-08-04,17.087500000000002,18.337500000000002,1371.125,2.0,27.829166666666666,77.70833333333333,3.7416666666666667,149.70833333333334,0.7,971.6708333333332,chiang_mai,17.087500000000002,21.65416666666667,9.245833333333334,15.939285714285715,14.795833333333334,0,0,8
2025-08-05,14.795833333333334,15.966666666666667,1533.9166666666667,2.125,27.120833333333334,84.08333333333333,2.841666666666667,132.04166666666666,11.4,971.2458333333334,chiang_mai,14.795833333333334,17.087500000000002,11.304166666666667,17.059523809523814,11.904166666666667,0,1,8
2025-08-06,11.904166666666667,12.695833333333333,1675.9583333333333,1.125,25.075,92.83333333333333,3.2708333333333335,120.95833333333333,33.2,970.775,chiang_mai,11.904166666666667,14.795833333333334,13.762500000000001,17.558333333333334,8.75,0,2,8
2025-08-07,8.75,9.291666666666666,1464.125,0.75,25.879166666666666,87.83333333333333,2.8666666666666667,242.29166666666666,18.400000000000002,972.2208333333333,chiang_mai,8.75,11.904166666666667,17.908333333333335,17.292857142857144,14.358333333333334,0,3,8
2025-08-08,14.358333333333334,15.991666666666667,1485.125,2.5833333333333335,25.954166666666666,87.0,2.6833333333333336,149.66666666666666,12.7,974.4583333333334,chiang_mai,14.358333333333334,8.75,18.729166666666668,15.984523809523811,21.1375,0,4,8
2025-08-09,21.1375,22.641666666666666,1680.2083333333333,2.5416666666666665,26.65833333333333,85.58333333333333,2.8000000000000003,165.91666666666666,7.6000000000000005,973.8083333333334,chiang_mai,21.1375,14.358333333333334,18.970833333333335,15.36011904761905,15.679166666666667,0,5,8
2025-08-10,15.679166666666667,16.041666666666668,1121.7083333333333,0.2916666666666667,26.929166666666664,84.04166666666667,2.6875,138.29166666666666,17.6,971.9458333333333,chiang_mai,15.679166666666667,21.1375,21.65416666666667,15.669642857142858,15.304166666666667,0,6,8
2025-08-11,15.304166666666667,15.525,1399.125,0.0,27.075,83.58333333333333,3.141666666666667,140.16666666666666,10.9,970.4458333333333,chiang_mai,15.304166666666667,15.679166666666667,17.087500000000002,14.81607142857143,9.9,0,0,8
2025-08-12,9.9,10.045833333333333,1006.5,0.08333333333333333,26.691666666666666,83.20833333333333,3.6125000000000003,161.08333333333334,11.0,970.6666666666666,chiang_mai,9.9,15.304166666666667,14.795833333333334,14.561309523809525,10.862499999999999,0,1,8
2025-08-13,10.862499999999999,11.154166666666667,1220.25,0.20833333333333334,26.47083333333333,85.70833333333333,3.2875,220.45833333333334,8.9,972.6833333333334,chiang_mai,10.862499999999999,9.9,11.904166666666667,13.861904761904762,15.1,0,2,8
2025-08-14,15.1,15.283333333333333,1549.7083333333333,0.0,26.679166666666664,86.29166666666667,2.6374999999999997,177.33333333333334,11.5,971.6666666666666,chiang_mai,15.1,10.862499999999999,8.75,13.713095238095237,14.35,0,3,8
2025-08-15,14.35,14.458333333333334,1481.2083333333333,0.0,26.066666666666666,86.04166666666667,3.4458333333333333,148.375,30.1,969.1,chiang_mai,14.35,15.1,14.358333333333334,14.620238095238095,10.420833333333333,0,4,8
2025-08-16,10.420833333333333,10.458333333333334,627.3333333333334,0.0,25.016666666666666,88.125,4.595833333333333,164.66666666666666,30.3,969.5916666666667,chiang_mai,10.420833333333333,14.35,21.1375,14.619047619047619,9.741666666666667,0,5,8
2025-08-17,9.741666666666667,9.808333333333334,744.2916666666666,0.0,25.008333333333336,86.91666666666667,3.158333333333333,184.41666666666666,25.0,972.6750000000001,chiang_mai,9.741666666666667,10.420833333333333,15.679166666666667,13.088095238095237,13.9125,0,6,8
2025-08-18,13.9125,14.191666666666668,1441.3333333333333,0.3333333333333333,25.787499999999998,86.0,3.279166666666667,191.66666666666666,11.700000000000001,973.3666666666667,chiang_mai,13.9125,9.741666666666667,15.304166666666667,12.239880952380952,13.816666666666668,0,0,8
2025-08-19,13.816666666666668,14.325000000000001,1350.9166666666667,0.7083333333333334,26.991666666666664,81.0,4.2749999999999995,163.33333333333334,2.9,972.6625,chiang_mai,13.816666666666668,13.9125,9.9,12.04107142857143,15.2125,0,1,8
2025-08-20,15.2125,16.087500000000002,1357.5416666666667,1.5833333333333333,27.162499999999998,79.75,4.229166666666667,147.20833333333334,1.7,972.9666666666667,chiang_mai,15.2125,13.816666666666668,10.862499999999999,12.600595238095238,16.166666666666668,0,2,8
2025-08-21,16.166666666666668,17.45,1175.5,2.4583333333333335,27.099999999999998,82.375,3.091666666666667,212.29166666666666,7.5,973.2708333333334,chiang_mai,16.166666666666668,15.2125,15.1,13.22202380952381,14.241666666666667,0,3,8
2025-08-22,14.241666666666667,15.304166666666667,1111.25,1.7083333333333333,26.2625,86.25,3.7375000000000003,203.04166666666666,10.5,972.6875,chiang_mai,14.241666666666667,16.166666666666668,14.35,13.374404761904762,8.758333333333333,0,4,8
2025-08-23,8.758333333333333,9.0,1079.2083333333333,0.375,25.21666666666667,87.0,3.8041666666666667,166.0,13.6,972.6125000000001,chiang_mai,8.758333333333333,14.241666666666667,10.420833333333333,13.358928571428573,9.091666666666667,0,5,8
2025-08-24,9.091666666666667,9.137500000000001,1472.0,0.0,26.316666666666666,84.45833333333333,2.6625,152.58333333333334,9.3,971.9666666666667,chiang_mai,9.091666666666667,8.758333333333333,9.741666666666667,13.12142857142857,16.183333333333334,0,6,8
2025-08-25,16.183333333333334,16.25,1304.4583333333333,0.0,26.458333333333332,85.625,2.4166666666666665,211.0,12.1,970.1291666666666,chiang_mai,16.183333333333334,9.091666666666667,13.9125,13.028571428571428,14.954166666666666,0,0,8
2025-08-26,14.954166666666666,14.995833333333332,1369.125,0.0,24.929166666666664,92.33333333333333,4.366666666666666,150.66666666666666,31.2,969.7833333333333,chiang_mai,14.954166666666666,16.183333333333334,13.816666666666668,13.35297619047619,10.895833333333334,0,1,8
2025-08-27,10.895833333333334,10.966666666666667,1023.4583333333334,0.0,24.070833333333336,94.125,3.0416666666666665,92.08333333333333,32.699999999999996,970.9625,chiang_mai,10.895833333333334,14.954166666666666,15.2125,13.51547619047619,14.545833333333334,0,2,8
2025-08-28,14.545833333333334,14.833333333333334,1380.6666666666667,0.0,24.4875,89.66666666666667,3.0749999999999997,152.20833333333334,7.6,972.35,chiang_mai,14.545833333333334,10.895833333333334,16.166666666666668,12.898809523809522,20.054166666666667,0,3,8
2025-08-29,20.054166666666667,20.5125,1650.875,0.4583333333333333,26.333333333333332,82.25,2.7291666666666665,157.33333333333334,4.7,973.0749999999999,chiang_mai,20.054166666666667,14.545833333333334,14.241666666666667,12.667261904761904,17.379166666666666,0,4,8
2025-08-30,17.379166666666666,17.791666666666668,1735.2916666666667,0.5416666666666666,26.866666666666664,83.58333333333333,3.0625,167.70833333333334,6.5,972.0833333333334,chiang_mai,17.379166666666666,20.054166666666667,8.758333333333333,13.497619047619049,14.508333333333333,0,5,8
2025-08-31,14.508333333333333,14.583333333333334,1106.9166666666667,0.0,25.912499999999998,88.04166666666667,5.508333333333333,236.875,30.3,969.025,chiang_mai,14.508333333333333,17.379166666666666,9.091666666666667,14.729166666666666,14.137500000000001,0,6,8
2025-09-01,14.137500000000001,14.174999999999999,592.7916666666666,0.0,25.458333333333332,85.45833333333333,4.0375000000000005,220.41666666666666,12.200000000000001,970.8166666666666,chiang_mai,14.137500000000001,14.508333333333333,16.183333333333334,15.502976190476192,15.308333333333332,0,0,9
2025-09-02,15.308333333333332,15.5375,1057.2083333333333,0.08333333333333333,25.820833333333336,86.0,3.725,187.58333333333334,6.8,971.6833333333334,chiang_mai,15.308333333333332,14.137500000000001,14.954166666666666,15.210714285714287,14.329166666666666,0,1,9
2025-09-03,14.329166666666666,14.85,1372.8333333333333,0.9166666666666666,26.291666666666668,85.45833333333333,3.0208333333333335,196.5,1.6,972.3541666666666,chiang_mai,14.329166666666666,15.308333333333332,10.895833333333334,15.261309523809524,16.545833333333334,0,2,9
2025-09-04,16.545833333333334,17.029166666666665,1283.875,0.6666666666666666,27.375,81.54166666666667,3.1,179.45833333333334,0.6,971.7958333333332,chiang_mai,16.545833333333334,14.329166666666666,14.545833333333334,15.751785714285715,17.412499999999998,0,3,9
2025-09-05,17.412499999999998,17.454166666666666,1171.3333333333333,0.0,27.708333333333332,80.91666666666667,4.2250000000000005,207.875,1.2,972.0083333333333,chiang_mai,17.412499999999998,16.545833333333334,20.054166666666667,16.0375,22.3,0,4,9
2025-09-06,22.3,22.320833333333336,1511.7083333333333,0.0,27.15833333333333,82.95833333333333,2.9166666666666665,214.20833333333334,1.7000000000000002,972.6541666666667,chiang_mai,22.3,17.412499999999998,17.379166666666666,15.660119047619048,30.645833333333332,0,5,9
2025-09-07,30.645833333333332,30.683333333333334,1413.0833333333333,0.0,27.008333333333336,83.95833333333333,2.6875,167.75,1.2000000000000002,971.9333333333334,chiang_mai,30.645833333333332,22.3,14.508333333333333,16.363095238095237,25.84583333333333,0,6,9
2025-09-08,25.84583333333333,25.875,1431.2083333333333,0.0,26.770833333333332,83.41666666666667,2.5708333333333333,173.04166666666666,1.5,971.6291666666666,chiang_mai,25.84583333333333,30.645833333333332,14.137500000000001,18.66845238095238,17.629166666666666,0,0,9
2025-09-09,17.629166666666666,17.633333333333333,960.9166666666666,0.0,26.195833333333336,84.79166666666667,3.3041666666666667,205.83333333333334,9.0,972.5541666666667,chiang_mai,17.629166666666666,25.84583333333333,15.308333333333332,20.34107142857143,9.383333333333333,0,1,9
2025-09-10,9.383333333333333,9.404166666666667,705.9166666666666,0.0,25.400000000000002,87.91666666666667,4.2,198.66666666666666,15.4,972.9791666666666,chiang_mai,9.383333333333333,17.629166666666666,14.329166666666666,20.672619047619047,8.129166666666666,0,2,9
2025-09-11,8.129166666666666,8.345833333333333,822.75,0.2916666666666667,25.754166666666666,86.5,4.516666666666667,215.0,19.3,973.7833333333333,chiang_mai,8.129166666666666,9.383333333333333,16.545833333333334,19.96607142857143,9.570833333333333,0,3,9
2025-09-12,9.570833333333333,9.916666666666666,1114.25,0.5416666666666666,26.287499999999998,83.95833333333333,3.266666666666666,235.25,5.6,974.3125,chiang_mai,9.570833333333333,8.129166666666666,17.412499999999998,18.763690476190476,14.333333333333334,0,4,9
2025-09-13,14.333333333333334,14.558333333333332,1064.0,0.0,26.129166666666666,85.70833333333333,3.216666666666667,242.04166666666666,3.6,974.6125000000001,chiang_mai,14.333333333333334,9.570833333333333,22.3,17.64345238095238,15.258333333333333,0,5,9
2025-09-14,15.258333333333333,15.508333333333333,1370.8333333333333,0.0,26.28333333333333,85.04166666666667,2.9250000000000003,215.16666666666666,1.0,974.9583333333334,chiang_mai,15.258333333333333,14.333333333333334,30.645833333333332,16.505357142857143,20.162499999999998,0,6,9
2025-09-15,20.162499999999998,20.291666666666668,1227.875,0.0,26.745833333333334,80.25,3.4791666666666665,218.16666666666666,4.8999999999999995,974.5291666666667,chiang_mai,20.162499999999998,15.258333333333333,25.84583333333333,14.307142857142855,17.8625,0,0,9
2025-09-16,17.8625,17.920833333333334,1181.4583333333333,0.0,26.28333333333333,80.375,2.7916666666666665,170.83333333333334,2.1,974.6999999999999,chiang_mai,17.8625,20.162499999999998,17.629166666666666,13.495238095238095,26.3125,0,1,9
2025-09-17,26.3125,26.34583333333333,1094.5,0.0,26.96666666666667,77.79166666666667,2.8625000000000003,196.04166666666666,0.1,973.2624999999999,chiang_mai,26.3125,17.8625,9.383333333333333,13.528571428571428,24.320833333333336,0,2,9
2025-09-18,24.320833333333336,24.325,1597.0416666666667,0.0,27.066666666666666,82.0,2.6,205.16666666666666,0.6000000000000001,972.3666666666667,chiang_mai,24.320833333333336,26.3125,8.129166666666666,15.94702380952381,15.325000000000001,0,3,9
2025-09-19,15.325000000000001,15.325000000000001,1132.8333333333333,0.0,26.6875,83.41666666666667,3.8125,212.45833333333334,4.5,972.525,chiang_mai,15.325000000000001,24.320833333333336,9.570833333333333,18.260119047619046,15.725,0,4,9
2025-09-20,15.725,15.75,801.7916666666666,0.0,25.770833333333332,86.0,3.5833333333333335,238.58333333333334,15.8,971.8583333333332,chiang_mai,15.725,15.325000000000001,14.333333333333334,19.08214285714286,10.545833333333333,0,5,9
2025-09-21,10.545833333333333,10.6,986.375,0.0,25.579166666666666,87.375,2.5166666666666666,192.04166666666666,3.9,971.7166666666667,chiang_mai,10.545833333333333,15.725,15.258333333333333,19.28095238095238,11.383333333333333,0,6,9
2025-09-22,11.383333333333333,11.6,784.0416666666666,0.0,25.22083333333333,90.33333333333333,3.454166666666667,149.70833333333334,29.3,972.1916666666666,chiang_mai,11.383333333333333,10.545833333333333,20.162499999999998,18.607738095238094,8.529166666666667,0,0,9
2025-09-23,8.529166666666667,8.758333333333333,1070.4166666666667,0.0,25.45,89.04166666666667,2.8666666666666667,227.16666666666666,15.4,970.9708333333333,chiang_mai,8.529166666666667,11.383333333333333,17.8625,17.35357142857143,9.104166666666666,0,1,9
2025-09-24,9.104166666666666,9.125,936.375,0.0,25.316666666666666,87.83333333333333,3.3125,189.45833333333334,19.8,969.3000000000001,chiang_mai,9.104166666666666,8.529166666666667,26.3125,16.020238095238096,14.041666666666666,0,2,9
2025-09-25,14.041666666666666,14.075000000000001,1250.5833333333333,0.0,25.7,87.66666666666667,3.9,209.95833333333334,2.9,969.5916666666667,chiang_mai,14.041666666666666,9.104166666666666,24.320833333333336,13.561904761904762,14.554166666666667,0,3,9
2025-09-26,14.554166666666667,14.695833333333333,1368.5833333333333,0.0,25.6125,88.625,2.3333333333333335,194.20833333333334,36.8,972.4625,chiang_mai,14.554166666666667,14.041666666666666,15.325000000000001,12.093452380952382,11.325000000000001,0,4,9
2025-09-27,11.325000000000001,11.341666666666667,1196.25,0.0,25.508333333333336,87.125,3.1041666666666665,203.33333333333334,7.3,974.9666666666667,chiang_mai,11.325000000000001,14.554166666666667,15.725,11.983333333333334,11.845833333333333,0,5,9
2025-09-28,11.845833333333333,11.958333333333334,1649.0,0.0,27.170833333333334,79.375,4.504166666666666,243.625,1.0,972.1916666666666,chiang_mai,11.845833333333333,11.325000000000001,10.545833333333333,11.354761904761904,10.745833333333332,0,6,9
2025-09-29,10.745833333333332,10.858333333333334,1101.6666666666667,0.0,27.666666666666668,73.04166666666667,4.245833333333334,296.0416666666667,0.39999999999999997,967.9833333333332,chiang_mai,10.745833333333332,11.845833333333333,11.383333333333333,11.54047619047619,7.458333333333333,0,0,9
2025-09-30,7.458333333333333,7.5125,568.4583333333334,0.0,24.604166666666668,90.75,6.2625,206.125,15.9,970.9041666666667,chiang_mai,7.458333333333333,10.745833333333332,8.529166666666667,11.449404761904761,7.395833333333333,0,1,9
2025-10-01,7.395833333333333,7.620833333333334,636.2916666666666,0.20833333333333334,24.833333333333332,89.0,4.6625000000000005,225.79166666666666,11.2,974.8083333333334,chiang_mai,7.395833333333333,7.458333333333333,9.104166666666666,11.296428571428573,12.791666666666666,0,2,10
2025-10-02,12.791666666666666,13.608333333333334,1629.5,1.0833333333333333,26.170833333333334,84.375,2.891666666666667,258.4166666666667,6.9,976.5500000000001,chiang_mai,12.791666666666666,7.395833333333333,14.041666666666666,11.052380952380952,11.779166666666667,0,3,10
2025-10-03,11.779166666666667,12.275,1411.0,0.7083333333333334,27.2,83.0,2.595833333333333,189.04166666666666,0.8,975.85,chiang_mai,11.779166666666667,12.791666666666666,14.554166666666667,10.873809523809525,14.520833333333334,0,4,10
2025-10-04,14.520833333333334,14.9125,1290.625,0.5,26.287499999999998,85.95833333333333,2.8541666666666665,151.625,3.7,975.6958333333333,chiang_mai,14.520833333333334,11.779166666666667,11.325000000000001,10.477380952380953,14.345833333333333,0,5,10
2025-10-05,14.345833333333333,14.654166666666667,1862.7916666666667,0.2916666666666667,26.5,84.20833333333333,4.020833333333333,170.41666666666666,0.30000000000000004,974.8000000000001,chiang_mai,14.345833333333333,14.520833333333334,11.845833333333333,10.93392857142857,14.4375,0,6,10
2025-10-06,14.4375,14.520833333333334,1506.4166666666667,0.0,26.40416666666667,85.66666666666667,3.1125000000000003,195.75,1.0,973.4833333333332,chiang_mai,14.4375,14.345833333333333,10.745833333333332,11.291071428571428,19.358333333333334,0,0,10
2025-10-07,19.358333333333334,19.995833333333334,1630.875,0.7083333333333334,25.995833333333334,86.66666666666667,3.1333333333333333,182.875,1.9,974.4041666666667,chiang_mai,19.358333333333334,14.4375,7.458333333333333,11.81845238095238,14.4,0,1,10
2025-10-08,14.4,14.716666666666667,1298.125,0.5,26.120833333333334,82.70833333333333,3.5625,205.75,7.3,975.9791666666666,chiang_mai,14.4,19.358333333333334,7.395833333333333,13.51845238095238,15.341666666666667,0,2,10
2025-10-09,15.341666666666667,15.512500000000001,1567.9166666666667,0.0,26.34583333333333,82.91666666666667,2.9125,223.08333333333334,2.8,975.85,chiang_mai,15.341666666666667,14.4,12.791666666666666,14.519047619047617,18.333333333333332,0,3,10
2025-10-10,18.333333333333332,18.420833333333334,1329.0833333333333,0.0,26.891666666666666,76.66666666666667,3.6916666666666664,218.33333333333334,1.1,975.2875,chiang_mai,18.333333333333332,15.341666666666667,11.779166666666667,14.883333333333335,25.3875,0,4,10
2025-10-11,25.3875,25.433333333333334,1402.5,0.0,27.320833333333336,71.0,2.5416666666666665,233.70833333333334,0.0,974.4291666666667,chiang_mai,25.3875,18.333333333333332,14.520833333333334,15.819642857142856,24.991666666666664,0,5,10
2025-10-12,24.991666666666664,25.041666666666668,1783.3333333333333,0.0,27.495833333333334,75.33333333333333,1.9083333333333334,205.0,0.2,974.2624999999999,chiang_mai,24.991666666666664,25.3875,14.345833333333333,17.37202380952381,27.616666666666664,0,6,10
2025-10-13,27.616666666666664,27.645833333333332,1560.3333333333333,0.0,26.541666666666668,82.45833333333333,3.2458333333333336,229.29166666666666,11.6,974.5833333333334,chiang_mai,27.616666666666664,24.991666666666664,14.4375,18.892857142857142,27.195833333333336,0,0,10
2025-10-14,27.195833333333336,27.241666666666664,1676.6666666666667,0.0,25.55,86.29166666666667,2.670833333333333,253.75,11.6,974.35,chiang_mai,27.195833333333336,27.616666666666664,19.358333333333334,20.775595238095235,15.641666666666666,0,1,10
2025-10-15,15.641666666666666,15.666666666666666,1309.5416666666667,0.0,24.541666666666668,89.29166666666667,3.7583333333333333,217.0,17.1,974.6291666666666,chiang_mai,15.641666666666666,27.195833333333336,14.4,21.895238095238096,12.658333333333333,0,2,10
2025-10-16,12.658333333333333,12.691666666666665,866.0,0.0,25.47083333333333,85.5,3.4375,215.41666666666666,13.100000000000001,975.9,chiang_mai,12.658333333333333,15.641666666666666,15.341666666666667,22.072619047619046,20.645833333333332,0,3,10
2025-10-17,20.645833333333332,20.745833333333334,1273.0,0.0,25.854166666666668,85.91666666666667,4.104166666666667,239.16666666666666,4.6,976.6958333333333,chiang_mai,20.645833333333332,12.658333333333333,18.333333333333332,21.689285714285713,22.804166666666664,0,4,10
2025-10-18,22.804166666666664,23.09583333333333,1348.7916666666667,0.0,26.304166666666664,82.625,3.6750000000000003,246.5,0.30000000000000004,975.9666666666667,chiang_mai,22.804166666666664,20.645833333333332,25.3875,22.019642857142856,16.954166666666666,0,5,10
2025-10-19,16.954166666666666,17.162499999999998,1542.4583333333333,0.0,26.133333333333336,80.95833333333333,4.1625000000000005,214.125,7.5,975.1625,chiang_mai,16.954166666666666,22.804166666666664,24.991666666666664,21.650595238095235,21.420833333333334,0,6,10
2025-10-20,21.420833333333334,21.5125,1402.2916666666667,0.0,26.229166666666668,78.25,4.104166666666667,260.7083333333333,0.1,975.3833333333333,chiang_mai,21.420833333333334,16.954166666666666,27.616666666666664,20.50238095238095,21.683333333333334,0,0,10
2025-10-21,21.683333333333334,21.71666666666667,1231.75,0.0,26.554166666666664,74.29166666666667,4.983333333333333,244.5,0.1,975.7666666666668,chiang_mai,21.683333333333334,21.420833333333334,27.195833333333336,19.617261904761904,15.454166666666666,0,1,10
2025-10-22,15.454166666666666,15.475,714.2083333333334,0.0,25.787499999999998,67.83333333333333,11.079166666666666,276.5,0.0,976.775,chiang_mai,15.454166666666666,21.683333333333334,15.641666666666666,18.829761904761906,17.1125,0,2,10
2025-10-23,17.1125,17.2,1165.375,0.0,25.2,69.91666666666667,7.783333333333334,292.5,0.0,977.3208333333333,chiang_mai,17.1125,15.454166666666666,12.658333333333333,18.80297619047619,22.5125,0,3,10
2025-10-24,22.5125,22.683333333333334,888.7916666666666,0.0,25.145833333333332,76.375,4.195833333333334,233.70833333333334,0.9,977.3541666666666,chiang_mai,22.5125,17.1125,20.645833333333332,19.439285714285713,27.829166666666666,0,4,10
2025-10-25,27.829166666666666,27.90416666666667,1362.75,0.0,25.445833333333336,74.91666666666667,2.2416666666666667,214.08333333333334,0.2,977.0166666666668,chiang_mai,27.829166666666666,22.5125,22.804166666666664,19.70595238095238,23.78333333333333,0,5,10
2025-10-26,23.78333333333333,23.858333333333334,1445.7083333333333,0.0,25.84166666666667,75.625,3.216666666666667,215.125,0.1,977.1041666666666,chiang_mai,23.78333333333333,27.829166666666666,16.954166666666666,20.423809523809524,23.72083333333333,0,6,10
2025-10-27,23.72083333333333,23.733333333333334,1397.75,0.0,25.804166666666664,73.875,5.0625,295.0,0.0,977.6583333333333,chiang_mai,23.72083333333333,23.78333333333333,21.420833333333334,21.39940476190476,17.470833333333335,0,0,10
2025-10-28,17.470833333333335,17.483333333333334,1274.75,0.0,25.683333333333334,68.58333333333333,6.0375000000000005,333.6666666666667,0.0,977.3416666666667,chiang_mai,17.470833333333335,23.72083333333333,21.683333333333334,21.72797619047619,18.045833333333334,0,1,10
2025-10-29,18.045833333333334,18.075,1426.6666666666667,0.0,25.958333333333332,70.45833333333333,3.9583333333333335,231.58333333333334,0.0,976.5083333333333,chiang_mai,18.045833333333334,17.470833333333335,15.454166666666666,21.126190476190477,20.304166666666667,0,2,10
2025-10-30,20.304166666666667,20.316666666666666,1197.4583333333333,0.0,26.90416666666667,68.70833333333333,4.970833333333333,282.5,0.0,976.1416666666668,chiang_mai,20.304166666666667,18.045833333333334,17.1125,21.49642857142857,22.379166666666666,0,3,10
2025-10-31,22.379166666666666,22.395833333333332,826.5,0.0,26.6875,73.04166666666667,6.016666666666667,248.375,3.0,976.375,chiang_mai,22.379166666666666,20.304166666666667,22.5125,21.952380952380956,11.895833333333334,0,4,10
2025-11-01,11.895833333333334,11.945833333333333,621.5416666666666,0.0,24.8125,88.41666666666667,5.4624999999999995,242.0,35.1,976.5291666666667,chiang_mai,11.895833333333334,22.379166666666666,27.829166666666666,21.933333333333334,11.766666666666666,0,5,11
2025-11-02,11.766666666666666,11.7875,556.2083333333334,0.0,24.45,89.70833333333333,5.3,239.5,24.3,975.7583333333333,chiang_mai,11.766666666666666,11.895833333333334,23.78333333333333,19.657142857142855,14.579166666666666,0,6,11
2025-11-03,14.579166666666666,14.65,724.75,0.0,24.2,87.95833333333333,5.241666666666666,218.79166666666666,32.2,975.3208333333333,chiang_mai,14.579166666666666,11.766666666666666,23.72083333333333,17.940476190476193,15.991666666666667,0,0,11
2025-11-04,15.991666666666667,16.016666666666666,1063.8333333333333,0.0,24.662499999999998,84.75,3.4958333333333336,234.625,14.2,975.6999999999999,chiang_mai,15.991666666666667,14.579166666666666,17.470833333333335,16.63452380952381,22.308333333333334,0,1,11
2025-11-05,22.308333333333334,22.337500000000002,1080.3333333333333,0.0,25.05,82.29166666666667,3.7624999999999997,227.29166666666666,2.7,974.725,chiang_mai,22.308333333333334,15.991666666666667,18.045833333333334,16.423214285714284,34.68333333333333,0,2,11
2025-11-06,34.68333333333333,34.704166666666666,1979.0,0.0,25.22083333333333,84.41666666666667,2.5791666666666666,243.125,1.8,974.5208333333334,chiang_mai,34.68333333333333,22.308333333333334,20.304166666666667,17.032142857142855,27.704166666666666,0,3,11
2025-11-07,27.704166666666666,27.741666666666664,1776.2916666666667,0.0,26.25,79.16666666666667,4.125,314.5833333333333,0.0,973.3833333333333,chiang_mai,27.704166666666666,34.68333333333333,22.379166666666666,19.086309523809522,22.09583333333333,0,4,11
2025-11-08,22.09583333333333,22.133333333333336,1471.375,0.0,24.77916666666667,90.125,2.7708333333333335,227.83333333333334,27.6,974.2624999999999,chiang_mai,22.09583333333333,27.704166666666666,11.895833333333334,19.84702380952381,10.916666666666666,0,5,11
2025-11-09,10.916666666666666,10.924999999999999,1241.9583333333333,0.0,24.183333333333334,91.41666666666667,2.9958333333333336,211.20833333333334,26.4,974.5833333333334,chiang_mai,10.916666666666666,22.09583333333333,11.766666666666666,21.304166666666667,11.758333333333333,0,6,11
2025-11-10,11.758333333333333,11.770833333333334,1426.9166666666667,0.0,24.391666666666666,89.375,3.591666666666667,238.5,11.299999999999999,974.5333333333333,chiang_mai,11.758333333333333,10.916666666666666,14.579166666666666,21.182738095238097,18.604166666666668,0,0,11
2025-11-11,18.604166666666668,18.633333333333333,1552.375,0.0,25.320833333333336,84.33333333333333,2.6916666666666664,176.45833333333334,0.2,974.3291666666668,chiang_mai,18.604166666666668,11.758333333333333,15.991666666666667,20.7797619047619,30.1125,0,1,11
2025-11-12,30.1125,30.141666666666666,1538.4583333333333,0.0,26.120833333333334,78.875,2.8791666666666664,176.5,0.1,975.5916666666667,chiang_mai,30.1125,18.604166666666668,22.308333333333334,21.15297619047619,30.358333333333334,0,2,11
2025-11-13,30.358333333333334,30.379166666666666,1310.5833333333333,0.0,25.820833333333336,79.04166666666667,4.079166666666667,242.54166666666666,0.2,977.4291666666667,chiang_mai,30.358333333333334,30.1125,34.68333333333333,22.267857142857142,19.358333333333334,0,3,11
2025-11-14,19.358333333333334,19.358333333333334,1646.1666666666667,0.0,25.241666666666664,82.95833333333333,3.591666666666667,194.04166666666666,0.8,977.9708333333333,chiang_mai,19.358333333333334,30.358333333333334,27.704166666666666,21.65,28.7,0,4,11
2025-11-15,28.7,28.704166666666666,1797.625,0.0,24.704166666666666,82.125,3.3958333333333335,229.375,7.1,979.2916666666666,chiang_mai,28.7,19.358333333333334,22.09583333333333,20.457738095238096,22.275000000000002,0,5,11
2025-11-16,22.275000000000002,22.429166666666664,1264.2083333333333,0.0,24.545833333333334,72.70833333333333,6.9125000000000005,339.2083333333333,0.1,980.4541666666668,chiang_mai,22.275000000000002,28.7,10.916666666666666,21.401190476190475,14.758333333333333,0,6,11
2025-11-17,14.758333333333333,14.9125,839.4583333333334,0.0,24.320833333333336,72.08333333333333,8.204166666666667,262.1666666666667,2.8,980.0083333333333,chiang_mai,14.758333333333333,22.275000000000002,11.758333333333333,23.023809523809522,21.933333333333334,0,0,11
2025-11-18,21.933333333333334,22.041666666666668,816.25,0.0,22.645833333333332,86.04166666666667,6.791666666666667,282.625,14.9,980.0875,chiang_mai,21.933333333333334,14.758333333333333,18.604166666666668,23.452380952380953,11.916666666666666,0,1,11
2025-11-19,11.916666666666666,11.941666666666668,828.7916666666666,0.0,21.8875,86.66666666666667,5.8625,287.0416666666667,1.8,981.3625000000001,chiang_mai,11.916666666666666,21.933333333333334,30.1125,23.92797619047619,14.683333333333332,0,2,11
2025-11-20,14.683333333333332,14.7125,982.0,0.0,21.879166666666666,68.875,9.737499999999999,262.75,0.0,981.9041666666667,chiang_mai,14.683333333333332,11.916666666666666,30.358333333333334,21.32857142857143,15.637500000000001,0,3,11
2025-11-21,15.637500000000001,15.754166666666668,574.7083333333334,0.0,22.337500000000002,64.33333333333333,11.329166666666666,341.8333333333333,0.0,982.2333333333332,chiang_mai,15.637500000000001,14.683333333333332,19.358333333333334,19.089285714285715,18.404166666666665,0,4,11
2025-11-22,18.404166666666665,18.483333333333334,1378.3333333333333,0.0,21.52916666666667,72.45833333333333,4.941666666666667,218.875,0.0,980.6374999999999,chiang_mai,18.404166666666665,15.637500000000001,28.7,18.557738095238097,23.508333333333336,0,5,11
2025-11-23,23.508333333333336,23.558333333333334,1457.5416666666667,0.0,21.979166666666668,77.66666666666667,4.045833333333333,234.58333333333334,0.0,980.025,chiang_mai,23.508333333333336,18.404166666666665,22.275000000000002,17.086904761904766,18.787499999999998,0,6,11
2025-11-24,18.787499999999998,18.8625,989.9583333333334,0.0,22.066666666666666,73.875,6.654166666666666,291.375,0.0,979.6708333333332,chiang_mai,18.787499999999998,23.508333333333336,14.758333333333333,17.26309523809524,11.3125,0,0,11
2025-11-25,11.3125,11.358333333333334,551.0833333333334,0.0,21.34583333333333,66.875,10.991666666666667,341.7083333333333,0.0,980.0166666666668,chiang_mai,11.3125,18.787499999999998,21.933333333333334,17.838690476190475,20.145833333333332,0,1,11
2025-11-26,20.145833333333332,20.358333333333334,674.625,0.5833333333333334,20.1125,66.41666666666667,9.095833333333333,339.0,0.0,979.8375,chiang_mai,20.145833333333332,11.3125,11.916666666666666,16.321428571428573,17.695833333333333,0,2,11
2025-11-27,17.695833333333333,17.979166666666668,565.5833333333334,0.5416666666666666,19.691666666666666,62.541666666666664,10.975,260.125,0.0,981.5166666666668,chiang_mai,17.695833333333333,20.145833333333332,14.683333333333332,17.49702380952381,14.041666666666666,0,3,11
2025-11-28,14.041666666666666,14.2125,698.5,0.0,18.429166666666667,57.666666666666664,10.025,336.7916666666667,0.0,979.9958333333334,chiang_mai,14.041666666666666,17.695833333333333,15.637500000000001,17.92738095238095,17.933333333333334,0,4,11
2025-11-29,17.933333333333334,18.191666666666666,1464.4583333333333,0.0,17.120833333333334,68.66666666666667,2.9458333333333333,236.95833333333334,0.0,978.0625,chiang_mai,17.933333333333334,14.041666666666666,18.404166666666665,17.699404761904763,28.59583333333333,0,5,11
2025-11-30,28.59583333333333,28.7625,1488.4583333333333,0.0,18.329166666666666,71.75,3.3708333333333336,264.9166666666667,0.0,977.3583333333332,chiang_mai,28.59583333333333,17.933333333333334,23.508333333333336,17.63214285714286,30.625,0,6,11
2025-12-01,30.625,30.629166666666666,1537.7916666666667,0.0,19.45,72.79166666666667,2.8874999999999997,252.66666666666666,0.0,977.275,chiang_mai,30.625,28.59583333333333,18.787499999999998,18.35892857142857,32.75833333333333,0,0,12
2025-12-02,32.75833333333333,32.7625,1558.5833333333333,0.0,20.191666666666666,68.41666666666667,2.404166666666667,270.2916666666667,0.0,976.9541666666668,chiang_mai,32.75833333333333,30.625,11.3125,20.05,29.116666666666664,0,1,12
2025-12-03,29.116666666666664,29.145833333333332,1555.0833333333333,0.0,21.462500000000002,73.70833333333333,2.8541666666666665,247.70833333333334,0.0,978.5208333333334,chiang_mai,29.116666666666664,32.75833333333333,20.145833333333332,23.113690476190477,24.604166666666668,0,2,12
2025-12-04,24.604166666666668,24.604166666666668,1355.0833333333333,0.0,21.920833333333334,75.75,3.4416666666666664,263.5416666666667,0.0,979.5041666666666,chiang_mai,24.604166666666668,29.116666666666664,17.695833333333333,24.395238095238092,26.041666666666668,0,3,12
2025-12-05,26.041666666666668,26.054166666666664,1393.5833333333333,0.0,22.683333333333334,74.91666666666667,2.8874999999999997,239.25,0.0,980.1291666666666,chiang_mai,26.041666666666668,24.604166666666668,14.041666666666666,25.38214285714286,31.599999999999998,0,4,12
2025-12-06,31.599999999999998,31.71666666666667,1350.4583333333333,0.0,23.545833333333334,79.66666666666667,3.5708333333333333,242.875,0.7999999999999999,979.3083333333334,chiang_mai,31.599999999999998,26.041666666666668,17.933333333333334,27.09642857142857,31.866666666666664,0,5,12
2025-12-07,31.866666666666664,31.9875,1526.0,0.0,24.104166666666668,78.95833333333333,2.495833333333333,229.45833333333334,0.2,978.65,chiang_mai,31.866666666666664,31.599999999999998,28.59583333333333,29.048809523809524,31.275000000000002,0,6,12
2025-12-08,31.275000000000002,31.583333333333332,1256.6666666666667,0.4583333333333333,23.666666666666668,77.75,4.1875,227.95833333333334,0.9,979.3458333333333,chiang_mai,31.275000000000002,31.866666666666664,30.625,29.51607142857143,33.612500000000004,0,0,12
2025-12-09,33.612500000000004,34.425000000000004,1677.3333333333333,1.4583333333333333,22.7625,76.54166666666667,3.154166666666667,219.04166666666666,0.6,979.5333333333333,chiang_mai,33.612500000000004,31.275000000000002,32.75833333333333,29.60892857142857,28.46666666666667,0,1,12
2025-12-10,28.46666666666667,28.991666666666664,1455.0833333333333,1.2083333333333333,21.820833333333336,73.16666666666667,2.8625000000000003,218.58333333333334,0.0,979.5291666666667,chiang_mai,28.46666666666667,33.612500000000004,29.116666666666664,29.73095238095238,28.912499999999998,0,2,12
2025-12-11,28.912499999999998,29.304166666666664,1245.9166666666667,0.8333333333333334,21.308333333333334,71.5,4.120833333333334,226.83333333333334,0.0,979.0541666666667,chiang_mai,28.912499999999998,28.46666666666667,24.604166666666668,29.63809523809524,33.30833333333333,0,3,12
2025-12-12,33.30833333333333,33.612500000000004,1374.8333333333333,0.125,22.945833333333336,77.25,2.7291666666666665,168.54166666666666,1.1,978.4958333333334,chiang_mai,33.30833333333333,28.912499999999998,26.041666666666668,30.25357142857143,32.86666666666667,0,4,12
2025-12-13,32.86666666666667,33.05833333333333,1345.9166666666667,0.0,22.433333333333334,81.375,3.875,247.54166666666666,0.0,978.9708333333333,chiang_mai,32.86666666666667,33.30833333333333,31.599999999999998,31.291666666666664,23.90416666666667,0,5,12
2025-12-14,23.90416666666667,24.041666666666668,1281.2916666666667,0.0,22.395833333333332,81.875,4.191666666666667,246.29166666666666,0.6,979.7291666666666,chiang_mai,23.90416666666667,32.86666666666667,31.866666666666664,31.472619047619048,23.583333333333332,0,6,12
2025-12-15,23.583333333333332,23.65416666666667,1366.5833333333333,0.0,22.775000000000002,80.66666666666667,2.6750000000000003,242.83333333333334,0.0,979.3708333333334,chiang_mai,23.583333333333332,23.90416666666667,31.275000000000002,30.33511904761905,24.295833333333334,0,0,12
2025-12-16,24.295833333333334,24.379166666666666,1468.0833333333333,0.0,22.870833333333334,76.75,3.295833333333334,222.375,0.0,978.3041666666667,chiang_mai,24.295833333333334,23.583333333333332,33.612500000000004,29.23630952380952,21.287499999999998,0,1,12
2025-12-17,21.287499999999998,21.3625,1111.0833333333333,0.0,22.958333333333332,76.75,4.875,273.2083333333333,6.9,979.0291666666667,chiang_mai,21.287499999999998,24.295833333333334,28.46666666666667,27.905357142857145,21.8875,0,2,12
2025-12-18,21.8875,22.445833333333336,1109.2083333333333,0.7916666666666666,22.116666666666664,79.08333333333333,4.745833333333333,248.95833333333334,2.2,979.3166666666666,chiang_mai,21.8875,21.287499999999998,28.912499999999998,26.879761904761903,28.662499999999998,0,3,12
2025-12-19,28.662499999999998,29.454166666666666,1116.0833333333333,1.2916666666666667,22.34583333333333,76.33333333333333,3.8708333333333336,249.95833333333334,0.5,977.65,chiang_mai,28.662499999999998,21.8875,33.30833333333333,25.876190476190477,28.291666666666668,0,4,12
2025-12-20,28.291666666666668,28.745833333333334,1181.875,0.7916666666666666,21.808333333333334,72.375,3.391666666666667,243.45833333333334,0.0,976.8458333333333,chiang_mai,28.291666666666668,28.662499999999998,32.86666666666667,25.212500000000002,22.520833333333332,0,5,12
2025-12-21,22.520833333333332,22.97083333333333,1145.25,0.5833333333333334,21.775000000000002,70.16666666666667,3.904166666666667,291.5416666666667,0.0,978.6416666666668,chiang_mai,22.520833333333332,28.291666666666668,23.90416666666667,24.55892857142857,21.34166666666667,0,6,12
2025-12-22,21.34166666666667,22.004166666666666,1202.2083333333333,1.375,21.3875,71.95833333333333,3.4625,231.20833333333334,0.0,977.8541666666666,chiang_mai,21.34166666666667,22.520833333333332,23.583333333333332,24.36130952380952,19.508333333333333,0,0,12
2025-12-23,19.508333333333333,19.75,1133.5833333333333,0.16666666666666666,22.2,71.04166666666667,3.3000000000000003,251.79166666666666,0.0,976.3291666666668,chiang_mai,19.508333333333333,21.34166666666667,24.295833333333334,24.04107142857143,22.0,0,1,12
2025-12-24,22.0,22.40416666666667,1128.0,0.5,22.97083333333333,67.95833333333333,3.683333333333333,243.625,0.0,975.9125,chiang_mai,22.0,19.508333333333333,21.287499999999998,23.357142857142858,28.683333333333334,0,2,12
2025-12-25,28.683333333333334,29.2,1184.4166666666667,1.0833333333333333,22.679166666666664,67.33333333333333,4.191666666666667,240.83333333333334,0.0,977.1041666666666,chiang_mai,28.683333333333334,22.0,21.8875,23.458928571428572,23.608333333333334,0,3,12
2025-12-26,23.608333333333334,24.09583333333333,1123.5,0.7916666666666666,22.325,67.83333333333333,3.8541666666666665,248.75,0.0,977.3958333333334,chiang_mai,23.608333333333334,28.683333333333334,28.662499999999998,24.429761904761907,22.03333333333333,0,4,12
2025-12-27,22.03333333333333,22.441666666666666,1456.625,0.9583333333333334,21.958333333333332,70.29166666666667,3.3249999999999997,224.95833333333334,0.2,977.9333333333334,chiang_mai,22.03333333333333,23.608333333333334,28.291666666666668,23.707738095238096,25.520833333333332,0,5,12
2025-12-28,25.520833333333332,25.8,1225.5416666666667,0.25,21.866666666666664,70.08333333333333,3.475,223.41666666666666,0.0,978.4625,chiang_mai,25.520833333333332,22.03333333333333,22.520833333333332,22.813690476190477,29.84166666666667,0,6,12
2025-12-29,29.84166666666667,30.099999999999998,1441.75,0.0,21.829166666666666,70.5,3.1666666666666665,229.875,0.0,977.2708333333334,chiang_mai,29.84166666666667,25.520833333333332,21.34166666666667,23.242261904761907,23.412499999999998,0,0,12
2025-12-30,23.412499999999998,23.77916666666667,1361.5416666666667,0.0,21.025000000000002,69.75,3.2875,255.0,0.0,976.1708333333332,chiang_mai,23.412499999999998,29.84166666666667,19.508333333333333,24.456547619047623,26.0625,0,1,12
2025-12-31,26.0625,26.21666666666667,1257.7916666666667,0.0,21.3625,70.91666666666667,3.1666666666666665,251.66666666666666,0.0,974.6208333333334,chiang_mai,26.0625,23.412499999999998,22.0,25.014285714285712,,0,2,12
2023-01-01,16.3875,23.808333333333334,470.1666666666667,0.0,20.066666666666666,69.75,4.216666666666667,226.33333333333334,0.0,972.3833333333333,chiang_rai,16.3875,,,,11.083333333333334,0,6,1
2023-01-02,11.083333333333334,16.0625,388.1666666666667,0.0,19.054166666666667,66.58333333333333,5.95,207.45833333333334,0.0,973.1625,chiang_rai,11.083333333333334,16.3875,,,11.983333333333334,0,0,1
2023-01-03,11.983333333333334,17.270833333333332,371.125,0.0,19.045833333333334,66.70833333333333,6.108333333333333,182.29166666666666,0.0,973.0458333333332,chiang_rai,11.983333333333334,11.083333333333334,,,12.825000000000001,0,1,1
2023-01-04,12.825000000000001,18.504166666666666,393.2083333333333,0.0,20.895833333333332,67.125,5.295833333333333,205.875,0.0,972.4125,chiang_rai,12.825000000000001,11.983333333333334,,,10.608333333333333,0,2,1
2023-01-05,10.608333333333333,15.266666666666666,355.2916666666667,0.0,20.808333333333334,66.16666666666667,5.6000000000000005,220.375,0.0,972.1833333333334,chiang_rai,10.608333333333333,12.825000000000001,,,9.375,0,3,1
2023-01-06,9.375,13.4375,310.2916666666667,0.0,20.170833333333334,60.416666666666664,10.620833333333334,202.375,0.0,973.7125,chiang_rai,9.375,10.608333333333333,,,14.995833333333332,0,4,1
2023-01-07,14.995833333333332,21.46666666666667,428.0833333333333,0.0,18.4875,57.166666666666664,8.091666666666667,217.29166666666666,0.0,972.1083333333332,chiang_rai,14.995833333333332,9.375,,,18.1375,0,5,1
2023-01-08,18.1375,25.991666666666664,445.2916666666667,0.0,17.908333333333335,62.541666666666664,6.533333333333334,219.625,0.0,970.5875,chiang_rai,18.1375,14.995833333333332,16.3875,12.46547619047619,18.241666666666667,0,6,1
2023-01-09,18.241666666666667,26.125,355.3333333333333,0.0,19.354166666666668,60.875,5.816666666666666,209.20833333333334,0.0,970.7833333333333,chiang_rai,18.241666666666667,18.1375,11.083333333333334,12.71547619047619,19.845833333333335,0,0,1
2023-01-10,19.845833333333335,28.416666666666668,310.25,0.0,20.895833333333332,58.25,4.979166666666667,195.95833333333334,0.0,969.0625,chiang_rai,19.845833333333335,18.241666666666667,11.983333333333334,13.738095238095239,29.358333333333334,0,1,1
2023-01-11,29.358333333333334,42.012499999999996,343.3333333333333,0.0,22.254166666666666,60.333333333333336,4.429166666666666,212.70833333333334,0.0,967.0666666666666,chiang_rai,29.358333333333334,19.845833333333335,12.825000000000001,14.861309523809524,19.2625,0,2,1
2023-01-12,19.2625,27.59166666666667,320.1666666666667,0.0,22.766666666666666,60.583333333333336,5.2375,220.29166666666666,0.0,965.7916666666666,chiang_rai,19.2625,29.358333333333334,10.608333333333333,17.223214285714285,13.820833333333333,0,3,1
2023-01-13,13.820833333333333,19.837500000000002,273.875,0.0,21.791666666666668,54.5,5.691666666666666,239.66666666666666,0.0,965.9250000000001,chiang_rai,13.820833333333333,19.2625,9.375,18.45952380952381,14.129166666666668,0,4,1
2023-01-14,14.129166666666668,20.270833333333332,252.75,0.0,21.287499999999998,51.208333333333336,5.0375000000000005,242.04166666666666,0.0,964.6708333333332,chiang_rai,14.129166666666668,13.820833333333333,14.995833333333332,19.094642857142855,19.7,0,5,1
2023-01-15,19.7,28.270833333333332,267.375,0.125,20.695833333333333,50.791666666666664,3.9,211.29166666666666,0.0,965.1083333333332,chiang_rai,19.7,14.129166666666668,18.1375,18.97083333333333,21.020833333333332,0,6,1
2023-01-16,21.020833333333332,30.270833333333332,240.66666666666666,0.0,19.395833333333332,54.041666666666664,4.929166666666666,230.33333333333334,0.0,966.8208333333333,chiang_rai,21.020833333333332,19.7,18.241666666666667,19.19404761904762,20.429166666666667,0,0,1
2023-01-17,20.429166666666667,29.333333333333332,324.625,0.0,21.158333333333335,55.541666666666664,6.270833333333333,217.70833333333334,0.0,968.3958333333334,chiang_rai,20.429166666666667,21.020833333333332,19.845833333333335,19.59107142857143,19.679166666666667,0,1,1
2023-01-18,19.679166666666667,28.28333333333333,405.5416666666667,0.0,22.245833333333334,61.125,6.2,222.5,0.4,970.1875,chiang_rai,19.679166666666667,20.429166666666667,29.358333333333334,19.67440476190476,20.666666666666668,0,2,1
2023-01-19,20.666666666666668,29.7,405.4166666666667,0.0,22.479166666666668,60.916666666666664,5.3,201.75,0.0,969.8416666666667,chiang_rai,20.666666666666668,19.679166666666667,19.2625,18.291666666666664,18.808333333333334,0,3,1
2023-01-20,18.808333333333334,27.041666666666668,398.0,0.125,22.125,60.0,5.654166666666666,209.0,0.0,969.5833333333334,chiang_rai,18.808333333333334,20.666666666666668,13.820833333333333,18.492261904761904,20.220833333333335,0,4,1
2023-01-21,20.220833333333335,29.070833333333336,423.0416666666667,0.0,22.02916666666667,58.166666666666664,5.325,222.29166666666666,0.0,968.2583333333333,chiang_rai,20.220833333333335,18.808333333333334,14.129166666666668,19.204761904761906,24.2,0,5,1
2023-01-22,24.2,34.699999999999996,424.2083333333333,0.0,21.758333333333336,58.791666666666664,4.404166666666667,239.70833333333334,0.0,967.0124999999999,chiang_rai,24.2,20.220833333333335,19.7,20.075,25.983333333333334,0,6,1
2023-01-23,25.983333333333334,37.25,325.6666666666667,0.0,21.491666666666664,56.875,4.925,222.375,0.0,966.3083333333334,chiang_rai,25.983333333333334,24.2,21.020833333333332,20.717857142857145,20.004166666666666,0,0,1
2023-01-24,20.004166666666666,28.712500000000002,381.4583333333333,0.0,22.129166666666666,57.416666666666664,5.5249999999999995,184.33333333333334,0.0,969.1999999999999,chiang_rai,20.004166666666666,25.983333333333334,20.429166666666667,21.426785714285717,19.958333333333332,0,1,1
2023-01-25,19.958333333333332,28.575,504.5,0.0,21.120833333333334,55.5,6.708333333333333,162.54166666666666,0.0,969.1708333333332,chiang_rai,19.958333333333332,20.004166666666666,19.679166666666667,21.366071428571427,25.125,0,2,1
2023-01-26,25.125,36.012499999999996,484.6666666666667,0.0,21.245833333333334,63.875,5.654166666666666,218.66666666666666,0.0,967.0916666666667,chiang_rai,25.125,19.958333333333332,20.666666666666668,21.40595238095238,25.370833333333334,0,3,1
2023-01-27,25.370833333333334,36.416666666666664,463.75,0.0,21.854166666666668,64.75,4.608333333333333,170.83333333333334,0.0,968.1625,chiang_rai,25.370833333333334,25.125,18.808333333333334,22.04285714285714,17.045833333333334,0,4,1
2023-01-28,17.045833333333334,24.441666666666666,525.625,0.0,20.691666666666666,59.125,7.0249999999999995,125.45833333333333,0.0,969.8958333333334,chiang_rai,17.045833333333334,25.370833333333334,20.220833333333335,22.98035714285714,19.2625,0,5,1
2023-01-29,19.2625,27.587500000000002,469.9166666666667,0.0,19.454166666666666,57.791666666666664,8.858333333333333,194.79166666666666,0.0,971.3583333333332,chiang_rai,19.2625,17.045833333333334,24.2,22.526785714285715,25.65833333333333,0,6,1
2023-01-30,25.65833333333333,36.75833333333333,453.0,0.125,19.183333333333334,56.625,6.1125,205.0,0.0,971.4875000000001,chiang_rai,25.65833333333333,19.2625,25.983333333333334,21.821428571428573,32.708333333333336,0,0,1
2023-01-31,32.708333333333336,46.854166666666664,491.9583333333333,0.0,20.083333333333332,60.666666666666664,4.5249999999999995,218.33333333333334,0.0,967.0416666666666,chiang_rai,32.708333333333336,25.65833333333333,20.004166666666666,21.775000000000002,38.5625,1,1,1
2023-02-01,38.5625,55.237500000000004,569.1666666666666,0.0,22.2,64.125,4.958333333333333,216.875,0.0,965.5625,chiang_rai,38.5625,32.708333333333336,19.958333333333332,23.589880952380952,36.387499999999996,0,2,2
2023-02-02,36.387499999999996,52.15,528.0833333333334,0.0,24.195833333333336,59.333333333333336,4.175,227.79166666666666,0.0,966.4916666666667,chiang_rai,36.387499999999996,38.5625,25.125,26.24761904761905,32.13333333333333,0,3,2
2023-02-03,32.13333333333333,46.28333333333333,513.375,0.0,25.070833333333336,56.958333333333336,5.808333333333334,218.375,0.0,966.4375,chiang_rai,32.13333333333333,36.387499999999996,25.370833333333334,27.85654761904762,25.97083333333333,0,4,2
2023-02-04,25.97083333333333,37.74583333333333,455.375,0.0,25.454166666666666,59.041666666666664,4.8625,222.375,0.7,965.2833333333333,chiang_rai,25.97083333333333,32.13333333333333,17.045833333333334,28.822619047619046,22.97083333333333,0,5,2
2023-02-05,22.97083333333333,33.387499999999996,367.7083333333333,0.0,26.03333333333333,58.75,5.633333333333333,204.16666666666666,0.0,964.6583333333333,chiang_rai,22.97083333333333,25.97083333333333,19.2625,30.097619047619048,18.675,0,6,2
2023-02-06,18.675,27.120833333333334,342.2083333333333,0.0,25.566666666666666,53.041666666666664,5.941666666666666,221.25,0.0,964.3083333333334,chiang_rai,18.675,22.97083333333333,25.65833333333333,30.62738095238095,14.5875,0,0,2
2023-02-07,14.5875,21.125,290.5,0.0,24.116666666666664,43.416666666666664,7.1000000000000005,231.625,0.0,964.1125000000001,chiang_rai,14.5875,18.675,32.708333333333336,29.629761904761903,28.795833333333334,0,1,2
2023-02-08,28.795833333333334,41.291666666666664,362.625,0.0,22.704166666666666,41.333333333333336,4.720833333333333,241.20833333333334,0.0,964.8791666666666,chiang_rai,28.795833333333334,14.5875,38.5625,27.041071428571424,31.125,0,2,2
2023-02-09,31.125,44.6,299.1666666666667,0.0,22.1875,48.5,5.6375,226.375,0.0,965.375,chiang_rai,31.125,28.795833333333334,36.387499999999996,25.645833333333332,24.537499999999998,0,3,2
2023-02-10,24.537499999999998,35.25,273.75,0.0,22.075,50.916666666666664,5.154166666666667,263.3333333333333,0.0,965.2583333333333,chiang_rai,24.537499999999998,31.125,32.13333333333333,24.89404761904762,22.620833333333334,0,4,2
2023-02-11,22.620833333333334,32.52916666666667,258.0833333333333,0.125,22.195833333333336,46.458333333333336,4.766666666666667,261.2916666666667,0.0,964.9208333333332,chiang_rai,22.620833333333334,24.537499999999998,25.97083333333333,23.80892857142857,26.620833333333334,0,5,2
2023-02-12,26.620833333333334,38.24583333333333,304.9166666666667,0.0,22.6125,47.916666666666664,4.758333333333334,252.875,0.0,965.1750000000001,chiang_rai,26.620833333333334,22.620833333333334,22.97083333333333,23.330357142857142,33.762499999999996,0,6,2
2023-02-13,33.762499999999996,48.43333333333334,376.4583333333333,0.0,22.604166666666668,52.208333333333336,4.6875,249.29166666666666,0.0,965.3375,chiang_rai,33.762499999999996,26.620833333333334,18.675,23.851785714285715,42.729166666666664,1,0,2
2023-02-14,42.729166666666664,61.262499999999996,348.375,0.0,22.675,52.416666666666664,4.1875,247.79166666666666,0.0,965.9416666666666,chiang_rai,42.729166666666664,33.762499999999996,14.5875,26.007142857142856,42.979166666666664,1,1,2
2023-02-15,42.979166666666664,61.72083333333333,388.5833333333333,0.0,22.9875,56.791666666666664,5.695833333333333,218.125,0.0,967.1708333333332,chiang_rai,42.979166666666664,42.729166666666664,28.795833333333334,30.027380952380952,33.7875,0,2,2
2023-02-16,33.7875,48.6,445.7916666666667,0.0,22.03333333333333,79.04166666666667,4.995833333333334,209.16666666666666,9.299999999999999,970.4791666666666,chiang_rai,33.7875,42.979166666666664,31.125,32.05357142857143,36.11666666666667,0,3,2
2023-02-17,36.11666666666667,51.75,529.5416666666666,0.0,19.275000000000002,85.625,4.5125,225.16666666666666,4.2,971.1666666666666,chiang_rai,36.11666666666667,33.7875,24.537499999999998,32.433928571428574,35.81666666666667,0,4,2
2023-02-18,35.81666666666667,51.270833333333336,530.9166666666666,0.0,20.675,75.20833333333333,4.925,223.125,0.0,969.0583333333334,chiang_rai,35.81666666666667,36.11666666666667,22.620833333333334,34.08809523809524,22.366666666666664,0,5,2
2023-02-19,22.366666666666664,32.145833333333336,387.8333333333333,0.0,21.7,69.625,3.6208333333333336,248.25,0.0,968.375,chiang_rai,22.366666666666664,35.81666666666667,26.620833333333334,35.973214285714285,24.166666666666668,0,6,2
2023-02-20,24.166666666666668,34.90416666666667,417.5416666666667,0.0,23.004166666666666,65.5,5.075,242.70833333333334,0.5,968.0749999999999,chiang_rai,24.166666666666668,22.366666666666664,33.762499999999996,35.36547619047619,34.03333333333333,0,0,2
2023-02-21,34.03333333333333,49.24166666666667,465.7916666666667,0.0,22.55,74.5,5.825,231.08333333333334,1.0,968.9583333333334,chiang_rai,34.03333333333333,24.166666666666668,42.729166666666664,33.99464285714286,30.462500000000002,0,1,2
2023-02-22,30.462500000000002,44.225,494.0833333333333,0.0,23.40416666666667,67.29166666666667,5.45,221.33333333333334,0.5,968.4833333333332,chiang_rai,30.462500000000002,34.03333333333333,42.979166666666664,32.75238095238095,26.883333333333336,0,2,2
2023-02-23,26.883333333333336,39.1,486.875,0.0,24.03333333333333,61.75,4.404166666666667,206.875,0.0,967.4458333333333,chiang_rai,26.883333333333336,30.462500000000002,33.7875,30.96428571428572,30.558333333333334,0,3,2
2023-02-24,30.558333333333334,44.19583333333333,491.2083333333333,0.25,23.633333333333336,61.291666666666664,4.504166666666666,229.20833333333334,0.0,967.6750000000001,chiang_rai,30.558333333333334,26.883333333333336,36.11666666666667,29.97797619047619,29.379166666666666,0,4,2
2023-02-25,29.379166666666666,42.458333333333336,448.0416666666667,0.0,23.47083333333333,59.791666666666664,5.483333333333333,187.375,0.6,971.7708333333334,chiang_rai,29.379166666666666,30.558333333333334,35.81666666666667,29.183928571428574,27.462500000000002,0,5,2
2023-02-26,27.462500000000002,39.4375,502.8333333333333,0.0,20.995833333333334,69.25,7.045833333333333,167.04166666666666,16.9,975.2375000000001,chiang_rai,27.462500000000002,29.379166666666666,22.366666666666664,28.264285714285712,27.75,0,6,2
2023-02-27,27.75,40.1375,585.8333333333334,0.0,20.241666666666667,67.5,4.0625,228.66666666666666,0.0,973.9083333333333,chiang_rai,27.75,27.462500000000002,24.166666666666668,28.992261904761907,36.43333333333333,0,0,2
2023-02-28,36.43333333333333,52.550000000000004,612.5,0.0,21.554166666666664,64.95833333333333,4.325,229.83333333333334,0.0,972.2291666666666,chiang_rai,36.43333333333333,27.75,34.03333333333333,29.504166666666666,41.12916666666667,1,1,2
2023-03-01,41.12916666666667,59.14166666666667,608.4166666666666,0.0,22.108333333333334,66.91666666666667,4.408333333333333,229.66666666666666,0.0,971.0375,chiang_rai,41.12916666666667,36.43333333333333,30.462500000000002,29.84702380952381,43.925000000000004,1,2,3
2023-03-02,43.925000000000004,63.104166666666664,590.4583333333334,0.0,23.108333333333334,62.75,4.283333333333333,231.08333333333334,0.0,970.4708333333333,chiang_rai,43.925000000000004,41.12916666666667,26.883333333333336,31.370833333333334,33.324999999999996,0,3,3
2023-03-03,33.324999999999996,48.14166666666667,467.6666666666667,0.0,24.270833333333332,57.875,6.425,198.16666666666666,0.0,971.2458333333334,chiang_rai,33.324999999999996,43.925000000000004,30.558333333333334,33.80535714285714,36.25833333333333,0,4,3
2023-03-04,36.25833333333333,52.61666666666667,449.375,0.0,23.787499999999998,63.416666666666664,5.241666666666666,144.33333333333334,0.0,972.5124999999999,chiang_rai,36.25833333333333,33.324999999999996,29.379166666666666,34.20059523809524,49.40416666666667,1,5,3
2023-03-05,49.40416666666667,71.64583333333333,510.8333333333333,0.0,23.7375,64.875,4.3625,197.79166666666666,0.0,971.9083333333333,chiang_rai,49.40416666666667,36.25833333333333,27.462500000000002,35.18333333333333,45.262499999999996,1,6,3
2023-03-06,45.262499999999996,65.65416666666667,575.4583333333334,0.0,24.4875,60.333333333333336,5.316666666666666,217.70833333333334,0.0,969.9333333333334,chiang_rai,45.262499999999996,49.40416666666667,27.75,38.31785714285714,42.67083333333333,1,0,3
2023-03-07,42.67083333333333,61.645833333333336,586.4166666666666,0.0,24.495833333333334,60.083333333333336,6.045833333333333,211.83333333333334,0.0,969.0458333333332,chiang_rai,42.67083333333333,45.262499999999996,36.43333333333333,40.81964285714286,43.45416666666667,1,1,3
2023-03-08,43.45416666666667,62.6,617.0,0.0,25.204166666666666,57.625,4.2,219.875,0.0,968.6833333333334,chiang_rai,43.45416666666667,42.67083333333333,41.12916666666667,41.71071428571428,50.46666666666667,1,2,3
2023-03-09,50.46666666666667,72.59583333333333,682.625,0.0,25.895833333333332,53.583333333333336,4.5625,223.75,0.0,967.7458333333334,chiang_rai,50.46666666666667,43.45416666666667,43.925000000000004,42.042857142857144,44.30416666666667,1,3,3
2023-03-10,44.30416666666667,63.98333333333333,642.1666666666666,0.0,26.849999999999998,50.625,6.2124999999999995,203.41666666666666,0.0,967.0041666666666,chiang_rai,44.30416666666667,50.46666666666667,33.324999999999996,42.97738095238095,51.50416666666666,1,4,3
2023-03-11,51.50416666666666,74.0625,705.7916666666666,0.0,26.883333333333336,55.625,4.608333333333333,209.70833333333334,0.0,966.9208333333332,chiang_rai,51.50416666666666,44.30416666666667,36.25833333333333,44.545833333333334,62.725,1,5,3
2023-03-12,62.725,90.09583333333335,653.3333333333334,0.0,26.1875,57.458333333333336,4.45,205.41666666666666,0.0,967.3541666666666,chiang_rai,62.725,51.50416666666666,49.40416666666667,46.72380952380952,63.30833333333334,1,6,3
2023-03-13,63.30833333333334,91.29583333333333,518.25,0.0,21.866666666666664,78.70833333333333,5.520833333333333,199.16666666666666,17.400000000000002,970.4,chiang_rai,63.30833333333334,62.725,45.262499999999996,48.626785714285724,40.1,1,0,3
2023-03-14,40.1,57.975,543.9583333333334,0.0,22.208333333333332,74.75,4.45,200.79166666666666,0.0,967.5041666666666,chiang_rai,40.1,63.30833333333334,42.67083333333333,51.2047619047619,38.00416666666667,1,1,3
2023-03-15,38.00416666666667,54.9,643.1666666666666,0.0,23.116666666666664,74.0,4.183333333333334,248.79166666666666,1.2,965.975,chiang_rai,38.00416666666667,40.1,43.45416666666667,50.8375,34.487500000000004,0,2,3
2023-03-16,34.487500000000004,49.94166666666666,616.1666666666666,0.375,23.837500000000002,71.0,5.470833333333334,167.95833333333334,0.2,967.8375,chiang_rai,34.487500000000004,38.00416666666667,50.46666666666667,50.05892857142857,42.895833333333336,1,3,3
2023-03-17,42.895833333333336,61.86666666666667,656.1666666666666,0.375,23.708333333333332,71.66666666666667,5.591666666666666,237.91666666666666,0.5,967.3333333333334,chiang_rai,42.895833333333336,34.487500000000004,44.30416666666667,47.77619047619048,32.97083333333333,0,4,3
2023-03-18,32.97083333333333,47.699999999999996,620.5,0.0,25.224999999999998,62.583333333333336,5.175,262.25,0.1,965.7041666666668,chiang_rai,32.97083333333333,42.895833333333336,51.50416666666666,47.575,32.65,0,5,3
2023-03-19,32.65,47.15416666666667,519.0416666666666,0.0,25.604166666666668,61.25,4.0249999999999995,226.91666666666666,1.7999999999999998,964.7041666666668,chiang_rai,32.65,32.97083333333333,62.725,44.92738095238095,31.108333333333334,0,6,3
2023-03-20,31.108333333333334,45.00833333333333,486.75,0.0,25.733333333333334,61.041666666666664,5.908333333333334,274.0833333333333,0.1,964.3333333333334,chiang_rai,31.108333333333334,32.65,63.30833333333334,40.63095238095239,21.366666666666664,0,0,3
2023-03-21,21.366666666666664,31.2375,399.9166666666667,0.25,25.195833333333336,64.41666666666667,5.708333333333333,281.2083333333333,0.0,963.4541666666668,chiang_rai,21.366666666666664,31.108333333333334,40.1,36.030952380952385,23.866666666666664,0,1,3
2023-03-22,23.866666666666664,34.67916666666667,364.7916666666667,0.625,26.675,51.416666666666664,7.070833333333333,255.875,0.0,961.6708333333332,chiang_rai,23.866666666666664,21.366666666666664,38.00416666666667,33.3547619047619,20.579166666666666,0,2,3
2023-03-23,20.579166666666666,29.95,333.2916666666667,0.4583333333333333,27.266666666666666,44.208333333333336,5.5625,260.0,0.0,961.3833333333333,chiang_rai,20.579166666666666,23.866666666666664,34.487500000000004,31.33511904761905,40.56666666666667,1,3,3
2023-03-24,40.56666666666667,58.612500000000004,477.625,0.9583333333333334,26.620833333333334,47.125,4.925,255.25,0.0,962.7125,chiang_rai,40.56666666666667,20.579166666666666,42.895833333333336,29.348214285714285,73.09166666666667,1,4,3
2023-03-25,73.09166666666667,105.09166666666665,702.2083333333334,1.125,26.95,46.25,6.529166666666666,262.1666666666667,0.0,963.1541666666667,chiang_rai,73.09166666666667,40.56666666666667,32.97083333333333,29.015476190476193,68.53333333333333,1,5,3
2023-03-26,68.53333333333333,98.41666666666667,643.2083333333334,0.7083333333333334,27.320833333333336,45.041666666666664,6.5625,262.0833333333333,0.0,962.4,chiang_rai,68.53333333333333,73.09166666666667,32.65,34.74702380952381,85.07916666666667,1,6,3
2023-03-27,85.07916666666667,122.1125,817.2083333333334,1.0833333333333333,27.166666666666668,41.875,6.3125,240.95833333333334,0.0,962.7624999999999,chiang_rai,85.07916666666667,68.53333333333333,31.108333333333334,39.87321428571429,40.5,1,0,3
2023-03-28,40.5,58.300000000000004,546.0416666666666,0.0,27.724999999999998,42.208333333333336,8.095833333333333,243.625,0.0,963.4499999999999,chiang_rai,40.5,85.07916666666667,21.366666666666664,47.58333333333333,82.0,1,1,3
2023-03-29,82.0,117.84166666666665,687.9583333333334,0.9583333333333334,27.5625,40.666666666666664,5.5249999999999995,247.95833333333334,0.0,964.4625,chiang_rai,82.0,40.5,23.866666666666664,50.31666666666666,109.925,1,2,3
2023-03-30,109.925,157.87083333333334,822.9166666666666,1.2083333333333333,26.958333333333332,46.125,4.729166666666667,270.2083333333333,0.0,963.1458333333334,chiang_rai,109.925,82.0,20.579166666666666,58.621428571428574,93.21666666666665,1,3,3
2023-03-31,93.21666666666665,133.82916666666668,697.4166666666666,1.125,28.141666666666666,40.75,5.183333333333334,248.79166666666666,0.0,962.8458333333333,chiang_rai,93.21666666666665,109.925,40.56666666666667,71.38511904761904,64.96249999999999,1,4,3
2023-04-01,64.96249999999999,93.40833333333335,575.5416666666666,0.9583333333333334,28.504166666666666,43.291666666666664,6.783333333333334,245.33333333333334,0.0,962.3208333333333,chiang_rai,64.96249999999999,93.21666666666665,73.09166666666667,78.90654761904761,37.475,0,5,4
2023-04-02,37.475,54.208333333333336,433.7916666666667,0.375,27.987499999999997,44.708333333333336,8.200000000000001,238.5,0.0,961.5124999999999,chiang_rai,37.475,64.96249999999999,68.53333333333333,77.7452380952381,29.625,0,6,4
2023-04-03,29.625,43.137499999999996,350.875,0.875,27.766666666666666,42.916666666666664,6.479166666666667,251.95833333333334,0.0,961.2125,chiang_rai,29.625,37.475,85.07916666666667,73.30833333333332,34.266666666666666,0,0,4
2023-04-04,34.266666666666666,49.8125,348.5833333333333,0.8333333333333334,27.72083333333333,41.875,7.958333333333333,281.2083333333333,0.0,961.4708333333333,chiang_rai,34.266666666666666,29.625,40.5,65.38630952380952,49.59166666666667,1,1,4
2023-04-05,49.59166666666667,71.44166666666666,415.2083333333333,0.7083333333333334,27.683333333333334,40.541666666666664,5.1499999999999995,244.33333333333334,0.0,962.025,chiang_rai,49.59166666666667,34.266666666666666,82.0,64.49583333333332,85.53750000000001,1,2,4
2023-04-06,85.53750000000001,122.80416666666667,721.5,0.7083333333333334,27.65416666666667,42.583333333333336,5.158333333333333,220.75,0.0,963.2541666666666,chiang_rai,85.53750000000001,49.59166666666667,109.925,59.86607142857143,103.09166666666665,1,3,4
2023-04-07,103.09166666666665,147.8125,933.9166666666666,0.4583333333333333,28.474999999999998,47.75,6.183333333333334,231.58333333333334,0.0,964.1833333333334,chiang_rai,103.09166666666665,85.53750000000001,93.21666666666665,56.38214285714285,72.00416666666666,1,4,4
2023-04-08,72.00416666666666,103.44166666666666,678.0416666666666,0.4583333333333333,29.09583333333333,49.958333333333336,5.8500000000000005,215.58333333333334,0.0,966.0375,chiang_rai,72.00416666666666,103.09166666666665,64.96249999999999,57.792857142857144,48.56666666666666,1,5,4
2023-04-09,48.56666666666666,70.12083333333334,572.1666666666666,0.125,29.941666666666666,47.416666666666664,7.4750000000000005,200.20833333333334,0.0,965.8708333333334,chiang_rai,48.56666666666666,72.00416666666666,37.475,58.79880952380953,41.40833333333334,1,6,4
2023-04-10,41.40833333333334,59.89166666666667,538.75,0.4166666666666667,29.704166666666666,45.333333333333336,4.704166666666667,234.375,0.0,964.0500000000001,chiang_rai,41.40833333333334,48.56666666666666,29.625,60.38333333333333,55.74166666666667,1,0,4
2023-04-11,55.74166666666667,80.02499999999999,612.0416666666666,0.25,29.650000000000002,45.25,5.387499999999999,255.41666666666666,0.0,963.0708333333333,chiang_rai,55.74166666666667,41.40833333333334,34.266666666666666,62.06666666666666,71.8625,1,1,4
2023-04-12,71.8625,102.92916666666667,723.6666666666666,0.25,29.9375,43.166666666666664,4.5375000000000005,259.0833333333333,0.0,962.5,chiang_rai,71.8625,55.74166666666667,49.59166666666667,65.13452380952381,67.11666666666666,1,2,4
2023-04-13,67.11666666666666,96.13333333333333,759.0,0.25,29.895833333333332,45.041666666666664,5.3500000000000005,263.7083333333333,0.0,961.875,chiang_rai,67.11666666666666,71.8625,85.53750000000001,68.31607142857142,54.12916666666666,1,3,4
2023-04-14,54.12916666666666,77.65833333333333,691.4583333333334,0.25,29.729166666666668,47.541666666666664,4.3,257.8333333333333,0.0,961.7666666666668,chiang_rai,54.12916666666666,67.11666666666666,103.09166666666665,65.68452380952381,58.48333333333333,1,4,4
2023-04-15,58.48333333333333,83.85000000000001,692.5833333333334,0.3333333333333333,29.7375,47.916666666666664,5.741666666666667,216.25,0.0,961.8791666666666,chiang_rai,58.48333333333333,54.12916666666666,72.00416666666666,58.68988095238095,71.49166666666666,1,5,4
2023-04-16,71.49166666666666,102.47916666666667,799.5833333333334,0.125,29.958333333333332,45.875,6.2875000000000005,235.66666666666666,0.0,961.3874999999999,chiang_rai,71.49166666666666,58.48333333333333,48.56666666666666,56.758333333333326,65.25,1,6,4
2023-04-17,65.25,94.07083333333333,687.0833333333334,0.0,30.6375,47.041666666666664,5.4125000000000005,192.875,0.0,962.1708333333332,chiang_rai,65.25,71.49166666666666,41.40833333333334,60.033333333333324,54.15833333333333,1,0,4
2023-04-18,54.15833333333333,77.86666666666666,655.7083333333334,0.25,30.504166666666666,46.458333333333336,5.2749999999999995,266.3333333333333,0.0,962.225,chiang_rai,54.15833333333333,65.25,55.74166666666667,63.43928571428571,48.925000000000004,1,1,4
2023-04-19,48.925000000000004,70.29583333333333,560.5416666666666,0.0,30.254166666666666,47.541666666666664,6.854166666666667,268.2083333333333,0.0,959.8041666666667,chiang_rai,48.925000000000004,54.15833333333333,71.8625,63.21309523809524,54.7125,1,2,4
2023-04-20,54.7125,78.55833333333334,576.9583333333334,0.25,29.729166666666668,49.5,7.575,288.7916666666667,0.0,958.3000000000001,chiang_rai,54.7125,48.925000000000004,67.11666666666666,59.93630952380952,46.416666666666664,1,3,4
2023-04-21,46.416666666666664,66.89999999999999,490.0,0.25,29.412499999999998,47.75,5.858333333333333,255.20833333333334,0.0,959.3375,chiang_rai,46.416666666666664,54.7125,54.12916666666666,58.16428571428571,41.295833333333334,1,4,4
2023-04-22,41.295833333333334,59.9375,368.7916666666667,0.5,29.395833333333332,45.625,6.3,244.75,0.0,960.6750000000001,chiang_rai,41.295833333333334,46.416666666666664,58.48333333333333,57.06249999999999,29.425,0,5,4
2023-04-23,29.425,43.15,326.375,0.5,29.704166666666666,47.208333333333336,6.458333333333333,221.33333333333334,0.0,962.5166666666668,chiang_rai,29.425,41.295833333333334,71.49166666666666,54.607142857142854,33.50416666666667,0,6,4
2023-04-24,33.50416666666667,49.270833333333336,426.6666666666667,0.0,28.183333333333334,56.916666666666664,7.258333333333333,220.04166666666666,0.0,965.525,chiang_rai,33.50416666666667,29.425,65.25,48.59761904761905,32.99583333333333,0,0,4
2023-04-25,32.99583333333333,48.24166666666667,435.0833333333333,0.25,29.724999999999998,52.083333333333336,5.8,191.08333333333334,0.0,963.775,chiang_rai,32.99583333333333,33.50416666666667,54.15833333333333,44.0625,28.212500000000002,0,1,4
2023-04-26,28.212500000000002,41.43333333333333,349.8333333333333,0.25,28.104166666666668,59.583333333333336,9.025,191.20833333333334,12.2,964.3125,chiang_rai,28.212500000000002,32.99583333333333,48.925000000000004,41.03928571428571,32.862500000000004,0,2,4
2023-04-27,32.862500000000004,47.60833333333333,426.7916666666667,0.0,26.833333333333332,72.91666666666667,5.420833333333333,242.875,2.3,965.1916666666666,chiang_rai,32.862500000000004,28.212500000000002,54.7125,38.080357142857146,23.15416666666667,0,3,4
2023-04-28,23.15416666666667,33.80833333333333,379.0,0.25,29.0,62.166666666666664,4.129166666666666,240.45833333333334,0.0,963.7083333333334,chiang_rai,23.15416666666667,32.862500000000004,46.416666666666664,34.95892857142858,26.641666666666666,0,4,4
2023-04-29,26.641666666666666,38.84583333333333,331.875,0.375,30.629166666666666,47.333333333333336,5.095833333333333,193.70833333333334,0.0,962.7708333333334,chiang_rai,26.641666666666666,23.15416666666667,41.295833333333334,31.635714285714283,30.541666666666668,0,5,4
2023-04-30,30.541666666666668,44.32083333333333,370.0416666666667,0.125,27.070833333333336,63.375,6.408333333333334,152.79166666666666,3.2,964.5375,chiang_rai,30.541666666666668,26.641666666666666,29.425,29.542261904761908,24.383333333333336,0,6,4
2023-05-01,24.383333333333336,35.4,399.7083333333333,0.0,27.004166666666666,66.41666666666667,5.891666666666667,250.75,0.2,965.2375000000001,chiang_rai,24.383333333333336,30.541666666666668,33.50416666666667,29.701785714285712,26.854166666666668,0,0,5
2023-05-02,26.854166666666668,38.84583333333333,412.1666666666667,0.0,28.641666666666666,64.91666666666667,6.1499999999999995,229.25,8.2,965.1875,chiang_rai,26.854166666666668,24.383333333333336,32.99583333333333,28.398809523809526,29.645833333333332,0,1,5
2023-05-03,29.645833333333332,42.9625,375.7916666666667,0.0,27.599999999999998,72.625,5.091666666666667,215.25,1.5,965.7333333333332,chiang_rai,29.645833333333332,26.854166666666668,28.212500000000002,27.521428571428572,18.162499999999998,0,2,5
2023-05-04,18.162499999999998,26.6125,323.0833333333333,0.0,29.754166666666666,58.041666666666664,6.858333333333333,271.1666666666667,0.0,962.9499999999999,chiang_rai,18.162499999999998,29.645833333333332,32.862500000000004,27.726190476190478,19.154166666666665,0,3,5
2023-05-05,19.154166666666665,27.983333333333334,303.8333333333333,0.0,30.8625,52.916666666666664,8.070833333333333,270.7916666666667,0.4,960.0291666666667,chiang_rai,19.154166666666665,18.162499999999998,23.15416666666667,25.62619047619048,19.375,0,4,5
2023-05-06,19.375,28.170833333333334,332.25,0.0,31.650000000000002,50.166666666666664,7.358333333333333,279.375,0.0,958.85,chiang_rai,19.375,19.154166666666665,26.641666666666666,25.054761904761907,20.233333333333334,0,5,5
2023-05-07,20.233333333333334,29.270833333333332,343.0416666666667,0.0,31.933333333333334,49.25,7.408333333333334,269.625,0.0,958.9166666666666,chiang_rai,20.233333333333334,19.375,30.541666666666668,24.01666666666667,28.016666666666666,0,6,5
2023-05-08,28.016666666666666,40.425000000000004,315.5,0.0,29.708333333333332,63.333333333333336,5.920833333333333,236.79166666666666,2.5,960.65,chiang_rai,28.016666666666666,20.233333333333334,24.383333333333336,22.54404761904762,26.416666666666668,0,0,5
2023-05-09,26.416666666666668,38.2125,317.9583333333333,0.0,28.52916666666667,70.79166666666667,5.541666666666667,201.5,0.0,963.1999999999999,chiang_rai,26.416666666666668,28.016666666666666,26.854166666666668,23.063095238095237,21.145833333333332,0,1,5
2023-05-10,21.145833333333332,30.829166666666666,344.4583333333333,0.0,27.46666666666667,77.75,5.95,206.33333333333334,18.2,964.0208333333334,chiang_rai,21.145833333333332,26.416666666666668,29.645833333333332,23.000595238095237,17.508333333333333,0,2,5
2023-05-11,17.508333333333333,25.370833333333334,304.2916666666667,0.0,27.170833333333334,76.16666666666667,4.729166666666667,230.91666666666666,12.3,965.25,chiang_rai,17.508333333333333,21.145833333333332,18.162499999999998,21.786309523809525,12.0625,0,3,5
2023-05-12,12.0625,17.3125,308.9583333333333,0.0,25.816666666666666,82.625,5.195833333333334,191.45833333333334,22.8,965.475,chiang_rai,12.0625,17.508333333333333,19.154166666666665,21.692857142857143,8.466666666666667,0,4,5
2023-05-13,8.466666666666667,12.091666666666667,267.0416666666667,0.0,23.8125,91.04166666666667,4.329166666666667,163.25,35.7,965.6083333333332,chiang_rai,8.466666666666667,12.0625,19.375,20.679761904761904,8.075000000000001,0,5,5
2023-05-14,8.075000000000001,11.770833333333334,200.25,0.0,23.9375,89.5,5.3625,138.75,42.4,964.3874999999999,chiang_rai,8.075000000000001,8.466666666666667,20.233333333333334,19.12142857142857,11.308333333333332,0,6,5
2023-05-15,11.308333333333332,16.908333333333335,219.70833333333334,0.0,24.516666666666666,85.75,8.479166666666666,191.91666666666666,14.5,963.7125,chiang_rai,11.308333333333332,8.075000000000001,28.016666666666666,17.38452380952381,12.816666666666668,0,0,5
2023-05-16,12.816666666666668,18.912499999999998,278.8333333333333,0.125,25.954166666666666,79.91666666666667,5.254166666666666,225.41666666666666,0.2,964.3125,chiang_rai,12.816666666666668,11.308333333333332,26.416666666666668,14.997619047619049,15.825000000000001,0,1,5
2023-05-17,15.825000000000001,24.145833333333332,276.125,0.9583333333333334,26.90833333333333,71.95833333333333,3.608333333333333,264.4166666666667,0.1,964.4625,chiang_rai,15.825000000000001,12.816666666666668,21.145833333333332,13.054761904761905,14.166666666666666,0,2,5
2023-05-18,14.166666666666666,21.5625,287.5,0.75,27.162499999999998,69.5,7.7250000000000005,284.8333333333333,0.1,963.6333333333333,chiang_rai,14.166666666666666,15.825000000000001,17.508333333333333,12.29464285714286,15.804166666666667,0,3,5
2023-05-19,15.804166666666667,23.97083333333333,283.625,1.2083333333333333,27.90833333333333,65.08333333333333,6.291666666666667,277.0416666666667,0.0,961.8708333333334,chiang_rai,15.804166666666667,14.166666666666666,12.0625,11.817261904761905,13.408333333333333,0,4,5
2023-05-20,13.408333333333333,20.900000000000002,274.75,2.9166666666666665,28.45,63.041666666666664,6.0249999999999995,285.9166666666667,0.0,961.35,chiang_rai,13.408333333333333,15.804166666666667,8.466666666666667,12.351785714285715,13.358333333333334,0,5,5
2023-05-21,13.358333333333334,20.679166666666667,268.2916666666667,2.9583333333333335,28.754166666666666,61.166666666666664,5.004166666666666,258.375,0.0,962.3208333333333,chiang_rai,13.358333333333334,13.408333333333333,8.075000000000001,13.057738095238095,14.729166666666666,0,6,5
2023-05-22,14.729166666666666,22.558333333333334,278.7916666666667,2.125,29.645833333333332,58.666666666666664,6.3,243.0,0.0,962.9,chiang_rai,14.729166666666666,13.358333333333334,11.308333333333332,13.8125,16.445833333333333,0,0,5
2023-05-23,16.445833333333333,24.566666666666666,268.5833333333333,1.2083333333333333,29.775000000000002,60.208333333333336,5.7625,222.54166666666666,0.3,962.6333333333333,chiang_rai,16.445833333333333,14.729166666666666,12.816666666666668,14.30119047619048,18.145833333333332,0,1,5
2023-05-24,18.145833333333332,26.962500000000002,257.0,0.9166666666666666,28.59583333333333,68.875,5.358333333333333,229.91666666666666,6.3,962.2958333333332,chiang_rai,18.145833333333332,16.445833333333333,15.825000000000001,14.819642857142856,17.8625,0,2,5
2023-05-25,17.8625,26.71666666666667,258.2083333333333,1.625,29.054166666666664,62.708333333333336,4.966666666666667,208.875,0.0,962.6083333333332,chiang_rai,17.8625,18.145833333333332,14.166666666666666,15.151190476190475,17.245833333333334,0,3,5
2023-05-26,17.245833333333334,26.145833333333332,276.7916666666667,2.7916666666666665,29.22083333333333,60.708333333333336,6.1625000000000005,239.125,0.2,962.9916666666667,chiang_rai,17.245833333333334,17.8625,15.804166666666667,15.679166666666665,16.933333333333334,0,4,5
2023-05-27,16.933333333333334,25.325,274.2083333333333,1.7916666666666667,28.7625,65.5,4.529166666666667,235.29166666666666,0.6,961.8416666666667,chiang_rai,16.933333333333334,17.245833333333334,13.408333333333333,15.885119047619046,18.275000000000002,0,5,5
2023-05-28,18.275000000000002,27.34583333333333,262.0,1.5,29.825,63.75,3.9916666666666667,205.79166666666666,0.3,961.7583333333333,chiang_rai,18.275000000000002,16.933333333333334,13.358333333333334,16.388690476190476,15.1625,0,6,5
2023-05-29,15.1625,22.070833333333336,278.3333333333333,0.16666666666666666,28.520833333333332,69.41666666666667,5.620833333333334,222.5,5.800000000000001,963.3000000000001,chiang_rai,15.1625,18.275000000000002,14.729166666666666,17.09107142857143,12.795833333333334,0,0,5
2023-05-30,12.795833333333334,18.520833333333332,293.4166666666667,0.0,30.22083333333333,63.541666666666664,5.695833333333333,226.625,0.0,962.5041666666666,chiang_rai,12.795833333333334,15.1625,16.445833333333333,17.15297619047619,13.720833333333333,0,1,5
2023-05-31,13.720833333333333,19.941666666666666,248.54166666666666,0.0,30.195833333333336,65.54166666666667,7.033333333333334,220.79166666666666,0.7,960.8416666666667,chiang_rai,13.720833333333333,12.795833333333334,18.145833333333332,16.63154761904762,10.095833333333333,0,2,5
2023-06-01,10.095833333333333,14.670833333333334,234.54166666666666,0.0,29.375,69.75,5.3500000000000005,227.79166666666666,0.8999999999999999,959.6916666666666,chiang_rai,10.095833333333333,13.720833333333333,17.8625,15.999404761904762,9.891666666666667,0,3,6
2023-06-02,9.891666666666667,14.204166666666666,218.79166666666666,0.0,29.491666666666664,65.79166666666667,4.9375,220.54166666666666,4.0,960.4625,chiang_rai,9.891666666666667,10.095833333333333,17.245833333333334,14.88988095238095,11.820833333333333,0,4,6
2023-06-03,11.820833333333333,17.041666666666668,253.41666666666666,0.0,28.245833333333334,74.16666666666667,4.6000000000000005,236.66666666666666,6.5,961.9875000000001,chiang_rai,11.820833333333333,9.891666666666667,16.933333333333334,13.839285714285714,12.362499999999999,0,5,6
2023-06-04,12.362499999999999,18.320833333333333,246.83333333333334,1.0416666666666667,28.791666666666668,71.58333333333333,6.0375000000000005,234.29166666666666,10.0,961.6750000000001,chiang_rai,12.362499999999999,11.820833333333333,18.275000000000002,13.108928571428573,10.9625,0,6,6
2023-06-05,10.9625,16.008333333333333,204.91666666666666,0.125,27.504166666666666,79.375,5.625,175.5,8.2,960.8458333333333,chiang_rai,10.9625,12.362499999999999,15.1625,12.264285714285714,12.454166666666666,0,0,6
2023-06-06,12.454166666666666,18.0625,209.41666666666666,0.0,25.59583333333333,88.375,3.408333333333333,176.08333333333334,27.5,960.9208333333332,chiang_rai,12.454166666666666,10.9625,12.795833333333334,11.664285714285715,9.025,0,1,6
2023-06-07,9.025,12.929166666666667,204.45833333333334,0.0,25.287499999999998,88.25,4.2375,222.91666666666666,14.0,961.6166666666667,chiang_rai,9.025,12.454166666666666,13.720833333333333,11.61547619047619,6.804166666666667,0,2,6
2023-06-08,6.804166666666667,9.779166666666667,201.5,0.0,26.02916666666667,85.16666666666667,5.804166666666667,181.875,8.6,961.5333333333333,chiang_rai,6.804166666666667,9.025,10.095833333333333,10.944642857142856,8.516666666666667,0,3,6
2023-06-09,8.516666666666667,12.233333333333334,251.0,0.0,26.6125,82.875,4.391666666666667,183.70833333333334,9.9,960.5916666666667,chiang_rai,8.516666666666667,6.804166666666667,9.891666666666667,10.474404761904763,11.720833333333333,0,4,6
2023-06-10,11.720833333333333,17.0,249.0,0.0,26.22083333333333,84.66666666666667,4.1625,112.08333333333333,24.7,959.9708333333333,chiang_rai,11.720833333333333,8.516666666666667,11.820833333333333,10.27797619047619,13.424999999999999,0,5,6
2023-06-11,13.424999999999999,19.441666666666666,248.08333333333334,0.0,27.145833333333332,81.29166666666667,3.1458333333333335,150.625,9.0,959.2416666666667,chiang_rai,13.424999999999999,11.720833333333333,12.362499999999999,10.263690476190476,12.233333333333334,0,6,6
2023-06-12,12.233333333333334,17.6875,256.5416666666667,0.0,27.474999999999998,79.66666666666667,5.2375,199.20833333333334,5.8,959.0875,chiang_rai,12.233333333333334,13.424999999999999,10.9625,10.41547619047619,9.429166666666667,0,0,6
2023-06-13,9.429166666666667,13.5875,203.95833333333334,0.0,26.758333333333336,80.375,8.016666666666667,195.5,9.4,959.6125000000001,chiang_rai,9.429166666666667,12.233333333333334,12.454166666666666,10.597023809523808,6.379166666666666,0,1,6
2023-06-14,6.379166666666666,9.170833333333333,178.70833333333334,0.0,26.195833333333336,81.25,9.049999999999999,188.79166666666666,3.7,961.0458333333332,chiang_rai,6.379166666666666,9.429166666666667,9.025,10.164880952380953,9.033333333333333,0,2,6
2023-06-15,9.033333333333333,13.054166666666667,199.58333333333334,0.25,26.445833333333336,79.66666666666667,7.145833333333333,201.58333333333334,2.8000000000000003,961.3249999999999,chiang_rai,9.033333333333333,6.379166666666666,6.804166666666667,9.786904761904761,12.700000000000001,0,3,6
2023-06-16,12.700000000000001,18.641666666666666,230.45833333333334,1.3333333333333333,28.125,73.54166666666667,6.1375,190.58333333333334,0.0,960.7833333333333,chiang_rai,12.700000000000001,9.033333333333333,8.516666666666667,10.105357142857143,11.616666666666667,0,4,6
2023-06-17,11.616666666666667,17.420833333333334,211.91666666666666,1.75,27.679166666666664,77.66666666666667,5.695833333333333,219.0,3.1,961.3166666666666,chiang_rai,11.616666666666667,12.700000000000001,11.720833333333333,10.70297619047619,9.945833333333333,0,5,6
2023-06-18,9.945833333333333,14.816666666666668,191.75,1.4583333333333333,26.8,83.08333333333333,6.079166666666667,198.625,17.6,961.4791666666666,chiang_rai,9.945833333333333,11.616666666666667,13.424999999999999,10.688095238095238,10.25,0,6,6
2023-06-19,10.25,14.741666666666667,192.20833333333334,0.4583333333333333,26.175,86.29166666666667,4.008333333333334,195.5,2.5,961.6,chiang_rai,10.25,9.945833333333333,12.233333333333334,10.19107142857143,9.5625,0,0,6
2023-06-20,9.5625,13.795833333333334,203.375,0.125,26.375,83.41666666666667,4.666666666666667,155.70833333333334,8.8,961.9708333333333,chiang_rai,9.5625,10.25,9.429166666666667,9.907738095238097,8.529166666666667,0,1,6
2023-06-21,8.529166666666667,12.216666666666667,185.58333333333334,0.0,26.400000000000002,79.91666666666667,6.083333333333333,217.75,11.4,962.7708333333334,chiang_rai,8.529166666666667,9.5625,6.379166666666666,9.926785714285714,7.191666666666666,0,2,6
2023-06-22,7.191666666666666,10.299999999999999,199.33333333333334,0.0,26.7625,80.54166666666667,4.908333333333333,229.04166666666666,1.2,962.7791666666667,chiang_rai,7.191666666666666,8.529166666666667,9.033333333333333,10.233928571428573,6.758333333333333,0,3,6
2023-06-23,6.758333333333333,9.645833333333334,197.875,0.0,27.570833333333336,73.625,5.983333333333333,234.75,1.7000000000000002,961.7333333333332,chiang_rai,6.758333333333333,7.191666666666666,12.700000000000001,9.970833333333333,7.25,0,4,6
2023-06-24,7.25,10.2875,188.20833333333334,0.0,26.304166666666664,83.66666666666667,5.1125,240.20833333333334,19.3,960.7916666666666,chiang_rai,7.25,6.758333333333333,11.616666666666667,9.122023809523808,9.866666666666667,0,5,6
2023-06-25,9.866666666666667,13.966666666666667,213.16666666666666,0.0,25.2625,90.41666666666667,4.329166666666667,187.20833333333334,28.4,961.525,chiang_rai,9.866666666666667,7.25,9.945833333333333,8.498214285714285,10.375,0,6,6
2023-06-26,10.375,14.695833333333333,196.91666666666666,0.0,26.15416666666667,85.83333333333333,4.345833333333333,150.45833333333334,28.7,961.6374999999999,chiang_rai,10.375,9.866666666666667,10.25,8.486904761904762,7.104166666666667,0,0,6
2023-06-27,7.104166666666667,10.1625,194.375,0.2916666666666667,26.316666666666666,84.58333333333333,4.341666666666667,200.08333333333334,8.700000000000001,962.2541666666666,chiang_rai,7.104166666666667,10.375,9.5625,8.504761904761905,7.0874999999999995,0,1,6
2023-06-28,7.0874999999999995,9.995833333333334,186.54166666666666,0.0,26.016666666666666,86.91666666666667,3.9458333333333333,163.04166666666666,7.5,963.6791666666667,chiang_rai,7.0874999999999995,7.104166666666667,8.529166666666667,8.153571428571428,9.612499999999999,0,2,6
2023-06-29,9.612499999999999,13.504166666666668,197.875,0.5,26.879166666666666,84.625,3.3625000000000003,228.25,6.800000000000001,961.975,chiang_rai,9.612499999999999,7.0874999999999995,7.191666666666666,7.947619047619048,9.308333333333334,0,3,6
2023-06-30,9.308333333333334,13.4375,189.75,1.1666666666666667,27.116666666666664,83.29166666666667,5.825,215.66666666666666,6.8999999999999995,960.8083333333334,chiang_rai,9.308333333333334,9.612499999999999,6.758333333333333,8.293452380952381,12.916666666666666,0,4,6
2023-07-01,12.916666666666666,18.75,199.5,2.4583333333333335,27.2375,83.04166666666667,4.6625000000000005,232.58333333333334,4.2,960.8708333333334,chiang_rai,12.916666666666666,9.308333333333334,7.25,8.657738095238097,12.245833333333332,0,5,7
2023-07-02,12.245833333333332,17.666666666666668,174.25,2.7916666666666665,26.691666666666666,85.66666666666667,4.754166666666666,201.79166666666666,18.6,961.7416666666667,chiang_rai,12.245833333333332,12.916666666666666,9.866666666666667,9.467261904761903,9.629166666666666,0,6,7
2023-07-03,9.629166666666666,13.575000000000001,158.5,0.125,26.2625,85.625,5.008333333333334,197.33333333333334,14.3,962.2333333333332,chiang_rai,9.629166666666666,12.245833333333332,10.375,9.807142857142859,6.895833333333333,0,0,7
2023-07-04,6.895833333333333,9.820833333333333,155.29166666666666,0.0,26.045833333333334,84.5,6.341666666666666,188.75,3.5,962.2125,chiang_rai,6.895833333333333,9.629166666666666,7.104166666666667,9.700595238095238,6.520833333333333,0,1,7
2023-07-05,6.520833333333333,9.316666666666666,160.41666666666666,0.0,26.15833333333333,83.54166666666667,5.370833333333334,191.41666666666666,4.6,962.5916666666667,chiang_rai,6.520833333333333,6.895833333333333,7.0874999999999995,9.670833333333333,5.945833333333333,0,2,7
2023-07-06,5.945833333333333,8.408333333333333,159.45833333333334,0.08333333333333333,26.416666666666668,84.20833333333333,3.9375,220.58333333333334,4.8,963.5208333333334,chiang_rai,5.945833333333333,6.520833333333333,9.612499999999999,9.589880952380952,7.566666666666666,0,3,7
2023-07-07,7.566666666666666,10.820833333333333,169.04166666666666,0.375,27.920833333333334,78.58333333333333,3.795833333333333,242.08333333333334,0.5,963.3083333333334,chiang_rai,7.566666666666666,5.945833333333333,9.308333333333334,9.066071428571428,10.554166666666667,0,4,7
2023-07-08,10.554166666666667,15.266666666666666,177.0,0.125,27.825,82.08333333333333,3.9,206.79166666666666,8.9,963.4958333333334,chiang_rai,10.554166666666667,7.566666666666666,12.916666666666666,8.817261904761905,9.170833333333333,0,5,7
2023-07-09,9.170833333333333,12.862499999999999,183.08333333333334,0.0,26.22083333333333,85.0,2.9625,211.04166666666666,5.6000000000000005,963.3916666666668,chiang_rai,9.170833333333333,10.554166666666667,12.245833333333332,8.479761904761904,9.512500000000001,0,6,7
2023-07-10,9.512500000000001,13.483333333333334,181.875,0.0,25.65833333333333,86.875,4.033333333333333,165.41666666666666,11.4,963.8083333333334,chiang_rai,9.512500000000001,9.170833333333333,9.629166666666666,8.04047619047619,9.695833333333333,0,0,7
2023-07-11,9.695833333333333,13.770833333333334,184.66666666666666,0.125,26.241666666666664,83.33333333333333,4.05,200.79166666666666,4.3999999999999995,963.4166666666666,chiang_rai,9.695833333333333,9.512500000000001,6.895833333333333,8.023809523809524,8.154166666666667,0,1,7
2023-07-12,8.154166666666667,11.525,172.66666666666666,0.0,26.4375,80.75,4.716666666666667,221.20833333333334,1.1,963.6458333333334,chiang_rai,8.154166666666667,9.695833333333333,6.520833333333333,8.423809523809524,7.1625000000000005,0,2,7
2023-07-13,7.1625000000000005,10.220833333333333,174.58333333333334,0.0,26.891666666666666,80.54166666666667,3.4625,258.75,3.2,963.0791666666668,chiang_rai,7.1625000000000005,8.154166666666667,5.945833333333333,8.657142857142857,6.7375,0,3,7
2023-07-14,6.7375,9.5625,163.66666666666666,0.4583333333333333,27.954166666666666,71.70833333333333,3.9625,245.75,0.5,961.7291666666666,chiang_rai,6.7375,7.1625000000000005,7.566666666666666,8.83095238095238,9.454166666666667,0,4,7
2023-07-15,9.454166666666667,12.887500000000001,173.95833333333334,0.4166666666666667,26.820833333333336,79.29166666666667,5.329166666666667,261.75,9.8,960.775,chiang_rai,9.454166666666667,6.7375,10.554166666666667,8.7125,8.608333333333333,0,5,7
2023-07-16,8.608333333333333,12.325000000000001,183.04166666666666,1.2916666666666667,27.108333333333334,82.33333333333333,3.595833333333333,195.375,11.4,959.7458333333334,chiang_rai,8.608333333333333,9.454166666666667,9.170833333333333,8.555357142857144,13.670833333333334,0,6,7
2023-07-17,13.670833333333334,20.05,219.83333333333334,2.9166666666666665,27.675,81.29166666666667,3.2458333333333336,173.58333333333334,2.6,958.1833333333334,chiang_rai,13.670833333333334,8.608333333333333,9.512500000000001,8.475,15.020833333333334,0,0,7
2023-07-18,15.020833333333334,22.291666666666668,251.29166666666666,3.0416666666666665,28.954166666666666,74.58333333333333,3.6833333333333336,234.79166666666666,0.0,957.4041666666667,chiang_rai,15.020833333333334,13.670833333333334,9.695833333333333,9.06904761904762,15.004166666666668,0,1,7
2023-07-19,15.004166666666668,21.770833333333332,223.33333333333334,1.7916666666666667,26.704166666666666,82.79166666666667,4.6375,217.29166666666666,19.2,958.1999999999999,chiang_rai,15.004166666666668,15.020833333333334,8.154166666666667,9.829761904761906,11.970833333333333,0,2,7
2023-07-20,11.970833333333333,17.191666666666666,181.91666666666666,1.0833333333333333,26.125,84.54166666666667,3.545833333333333,169.5,4.1,960.7541666666666,chiang_rai,11.970833333333333,15.004166666666668,7.1625000000000005,10.808333333333334,9.3125,0,3,7
2023-07-21,9.3125,13.170833333333334,175.75,0.375,26.625,83.5,4.125,176.66666666666666,1.9000000000000001,963.3708333333334,chiang_rai,9.3125,11.970833333333333,6.7375,11.495238095238095,7.166666666666667,0,4,7
2023-07-22,7.166666666666667,10.233333333333333,203.04166666666666,0.0,27.912499999999998,79.54166666666667,3.8666666666666667,218.95833333333334,2.2,964.3625000000001,chiang_rai,7.166666666666667,9.3125,9.454166666666667,11.863095238095239,6.379166666666666,0,5,7
2023-07-23,6.379166666666666,9.145833333333334,191.375,0.0,28.454166666666666,73.91666666666667,4.333333333333333,188.375,5.1,963.9666666666667,chiang_rai,6.379166666666666,7.166666666666667,8.608333333333333,11.536309523809525,7.920833333333333,0,6,7
2023-07-24,7.920833333333333,11.358333333333334,195.41666666666666,0.0,27.59166666666667,76.33333333333333,4.1125,141.0,8.2,962.5541666666667,chiang_rai,7.920833333333333,6.379166666666666,13.670833333333334,11.217857142857143,12.1,0,0,7
2023-07-25,12.1,17.320833333333333,204.04166666666666,0.0,27.34583333333333,79.0,3.470833333333333,214.625,0.8,962.6041666666666,chiang_rai,12.1,7.920833333333333,15.020833333333334,10.396428571428572,10.983333333333334,0,1,7
2023-07-26,10.983333333333334,15.700000000000001,208.875,0.0,28.504166666666666,73.625,3.1916666666666664,242.91666666666666,0.2,962.0166666666668,chiang_rai,10.983333333333334,12.1,15.004166666666668,9.979166666666666,5.454166666666667,0,2,7
2023-07-27,5.454166666666667,7.754166666666666,150.20833333333334,0.0,29.349999999999998,64.25,7.104166666666667,267.625,0.7,960.0875,chiang_rai,5.454166666666667,10.983333333333334,11.970833333333333,9.404761904761907,4.608333333333333,0,3,7
2023-07-28,4.608333333333333,6.683333333333334,143.20833333333334,0.25,29.025000000000002,66.875,6.3875,271.5416666666667,1.0,957.6583333333333,chiang_rai,4.608333333333333,5.454166666666667,9.3125,8.473809523809525,6.779166666666666,0,4,7
2023-07-29,6.779166666666666,9.679166666666667,171.04166666666666,0.0,26.825,85.45833333333333,4.066666666666666,202.04166666666666,21.4,957.7541666666666,chiang_rai,6.779166666666666,4.608333333333333,7.166666666666667,7.801785714285714,6.316666666666666,0,5,7
2023-07-30,6.316666666666666,8.958333333333334,184.20833333333334,0.0,25.183333333333334,94.5,4.254166666666666,174.70833333333334,38.8,958.2833333333333,chiang_rai,6.316666666666666,6.779166666666666,6.379166666666666,7.746428571428572,5.4125000000000005,0,6,7
2023-07-31,5.4125000000000005,7.691666666666666,155.58333333333334,0.0,25.058333333333334,90.16666666666667,6.4375,181.375,23.8,960.1208333333334,chiang_rai,5.4125000000000005,6.316666666666666,7.920833333333333,7.7375,5.3125,0,0,7
2023-08-01,5.3125,7.604166666666667,161.66666666666666,0.0,25.15416666666667,91.08333333333333,5.0125,186.625,18.3,960.8833333333333,chiang_rai,5.3125,5.4125000000000005,12.1,7.379166666666667,6.9875,0,1,8
2023-08-02,6.9875,9.958333333333334,184.625,0.20833333333333334,25.745833333333334,90.25,3.9333333333333336,195.25,11.0,960.7416666666667,chiang_rai,6.9875,5.3125,10.983333333333334,6.40952380952381,6.266666666666667,0,2,8
2023-08-03,6.266666666666667,9.208333333333334,184.625,1.25,25.724999999999998,91.75,3.8083333333333336,200.0,28.4,960.0708333333333,chiang_rai,6.266666666666667,6.9875,5.454166666666667,5.838690476190476,6.870833333333334,0,3,8
2023-08-04,6.870833333333334,10.070833333333333,205.33333333333334,1.25,26.041666666666668,89.58333333333333,4.920833333333333,220.33333333333334,6.6,961.8208333333333,chiang_rai,6.870833333333334,6.266666666666667,4.608333333333333,5.954761904761905,6.8,0,4,8
2023-08-05,6.8,9.841666666666667,200.29166666666666,1.5,25.229166666666668,91.79166666666667,7.1000000000000005,196.45833333333334,10.9,962.5375,chiang_rai,6.8,6.870833333333334,6.779166666666666,6.27797619047619,7.375,0,5,8
2023-08-06,7.375,10.579166666666667,202.33333333333334,1.3333333333333333,24.416666666666668,95.0,5.979166666666667,196.45833333333334,31.0,960.7208333333333,chiang_rai,7.375,6.8,6.316666666666666,6.28095238095238,4.604166666666667,0,6,8
2023-08-07,4.604166666666667,6.533333333333334,193.91666666666666,0.5,24.579166666666666,92.83333333333333,7.2875000000000005,185.04166666666666,22.2,959.3708333333334,chiang_rai,4.604166666666667,7.375,5.4125000000000005,6.432142857142857,4.3999999999999995,0,0,8
2023-08-08,4.3999999999999995,6.2625,189.79166666666666,0.125,24.354166666666668,92.375,8.229166666666666,191.79166666666666,18.4,960.6791666666667,chiang_rai,4.3999999999999995,4.604166666666667,5.3125,6.316666666666667,5.491666666666667,0,1,8
2023-08-09,5.491666666666667,8.4625,191.20833333333334,2.2083333333333335,24.929166666666664,89.16666666666667,5.675,207.625,18.2,962.5333333333333,chiang_rai,5.491666666666667,4.3999999999999995,6.9875,6.186309523809524,8.833333333333334,0,2,8
2023-08-10,8.833333333333334,12.691666666666668,199.875,1.75,25.6875,87.54166666666667,4.1625000000000005,227.95833333333334,2.1,962.6333333333333,chiang_rai,8.833333333333334,5.491666666666667,6.266666666666667,5.972619047619048,12.341666666666667,0,3,8
2023-08-11,12.341666666666667,17.787499999999998,205.0,3.2916666666666665,26.354166666666668,83.75,4.166666666666667,243.58333333333334,0.7,960.9708333333333,chiang_rai,12.341666666666667,8.833333333333334,6.870833333333334,6.339285714285714,13.25,0,4,8
2023-08-12,13.25,19.483333333333334,198.75,5.291666666666667,26.495833333333334,83.95833333333333,4.370833333333334,233.70833333333334,2.6,959.8708333333334,chiang_rai,13.25,12.341666666666667,6.8,7.120833333333333,15.3125,0,5,8
2023-08-13,15.3125,23.083333333333332,213.33333333333334,6.708333333333333,26.241666666666664,85.0,4.083333333333333,241.83333333333334,3.0,960.1750000000001,chiang_rai,15.3125,13.25,7.375,8.042261904761904,17.545833333333334,0,6,8
2023-08-14,17.545833333333334,25.954166666666666,203.70833333333334,6.916666666666667,26.666666666666668,84.08333333333333,3.6166666666666667,224.66666666666666,23.3,960.3708333333334,chiang_rai,17.545833333333334,15.3125,4.604166666666667,9.176190476190476,13.133333333333333,0,0,8
2023-08-15,13.133333333333333,18.383333333333333,196.95833333333334,2.375,25.583333333333332,89.83333333333333,3.65,176.04166666666666,10.5,961.2666666666668,chiang_rai,13.133333333333333,17.545833333333334,4.3999999999999995,11.025,11.174999999999999,0,1,8
2023-08-16,11.174999999999999,15.695833333333333,196.375,1.625,25.183333333333334,90.5,2.9875000000000003,175.29166666666666,14.9,962.2666666666668,chiang_rai,11.174999999999999,13.133333333333333,5.491666666666667,12.272619047619047,10.4625,0,2,8
2023-08-17,10.4625,14.825000000000001,184.70833333333334,0.6666666666666666,25.9875,86.29166666666667,4.204166666666667,155.70833333333334,1.5,962.7875,chiang_rai,10.4625,11.174999999999999,8.833333333333334,13.08452380952381,10.879166666666668,0,3,8
2023-08-18,10.879166666666668,15.333333333333334,206.16666666666666,0.625,26.925,83.58333333333333,3.641666666666667,245.83333333333334,0.0,961.8874999999999,chiang_rai,10.879166666666668,10.4625,12.341666666666667,13.317261904761905,14.141666666666666,0,4,8
2023-08-19,14.141666666666666,19.870833333333334,210.79166666666666,1.8333333333333333,27.204166666666666,79.91666666666667,4.120833333333334,279.75,0.4,961.7166666666667,chiang_rai,14.141666666666666,10.879166666666668,13.25,13.108333333333334,19.095833333333335,0,5,8
2023-08-20,19.095833333333335,26.40833333333333,215.41666666666666,2.0,27.191666666666666,80.41666666666667,3.8625000000000003,257.0,0.0,961.2458333333334,chiang_rai,19.095833333333335,14.141666666666666,15.3125,13.235714285714286,12.008333333333333,0,6,8
2023-08-21,12.008333333333333,16.595833333333335,215.29166666666666,0.25,26.1125,86.375,3.845833333333333,202.70833333333334,6.2,962.1416666666668,chiang_rai,12.008333333333333,19.095833333333335,17.545833333333334,13.776190476190477,11.8375,0,0,8
2023-08-22,11.8375,16.691666666666666,216.29166666666666,0.0,26.037499999999998,86.25,4.6375,182.29166666666666,1.0,962.2833333333333,chiang_rai,11.8375,12.008333333333333,13.133333333333333,12.98511904761905,10.329166666666667,0,1,8
2023-08-23,10.329166666666667,14.595833333333333,210.625,0.6666666666666666,25.96666666666667,87.58333333333333,3.5208333333333335,226.25,5.2,961.3791666666666,chiang_rai,10.329166666666667,11.8375,11.174999999999999,12.8,10.450000000000001,0,2,8
2023-08-24,10.450000000000001,14.862499999999999,202.75,1.2083333333333333,25.995833333333334,87.66666666666667,4.625,220.625,4.9,961.0500000000001,chiang_rai,10.450000000000001,10.329166666666667,10.4625,12.679166666666665,10.275,0,3,8
2023-08-25,10.275,14.704166666666666,196.875,1.25,25.691666666666666,88.29166666666667,3.6458333333333335,191.58333333333334,11.299999999999999,961.7624999999999,chiang_rai,10.275,10.450000000000001,10.879166666666668,12.677380952380954,9.7125,0,4,8
2023-08-26,9.7125,13.929166666666667,196.04166666666666,1.25,25.316666666666666,91.58333333333333,4.129166666666666,244.5,26.4,961.5333333333333,chiang_rai,9.7125,10.275,14.141666666666666,12.591071428571428,9.325000000000001,0,5,8
2023-08-27,9.325000000000001,13.583333333333334,191.54166666666666,1.25,25.745833333333334,88.16666666666667,4.5249999999999995,234.45833333333334,7.300000000000001,960.4083333333333,chiang_rai,9.325000000000001,9.7125,19.095833333333335,11.958333333333332,10.420833333333333,0,6,8
2023-08-28,10.420833333333333,15.408333333333333,203.58333333333334,2.375,25.912499999999998,86.16666666666667,3.7541666666666664,243.66666666666666,5.7,959.6333333333333,chiang_rai,10.420833333333333,9.325000000000001,12.008333333333333,10.5625,10.929166666666667,0,0,8
2023-08-29,10.929166666666667,15.7125,193.75,0.75,25.429166666666664,89.5,3.975,209.125,15.9,960.6333333333333,chiang_rai,10.929166666666667,10.420833333333333,11.8375,10.335714285714287,6.241666666666667,0,1,8
2023-08-30,6.241666666666667,8.845833333333333,171.66666666666666,0.0,25.09166666666667,89.625,2.841666666666667,192.08333333333334,21.2,962.6125000000001,chiang_rai,6.241666666666667,10.929166666666667,10.329166666666667,10.205952380952382,8.658333333333333,0,2,8
2023-08-31,8.658333333333333,12.366666666666667,279.3333333333333,0.0,26.099999999999998,87.29166666666667,3.216666666666667,240.20833333333334,7.8,962.6958333333333,chiang_rai,8.658333333333333,6.241666666666667,10.450000000000001,9.62202380952381,10.795833333333334,0,3,8
2023-09-01,10.795833333333334,15.441666666666668,319.9583333333333,0.0,26.891666666666666,83.25,3.3375,247.125,1.0,961.7458333333334,chiang_rai,10.795833333333334,8.658333333333333,10.275,9.366071428571429,10.1375,0,4,9
2023-09-02,10.1375,14.570833333333333,313.4166666666667,0.0,26.858333333333334,81.29166666666667,4.1625000000000005,194.625,24.2,961.1125000000001,chiang_rai,10.1375,10.795833333333334,9.7125,9.44047619047619,11.75,0,5,9
2023-09-03,11.75,17.020833333333332,334.9166666666667,0.125,27.2,77.04166666666667,3.0833333333333335,222.875,0.0,959.6791666666667,chiang_rai,11.75,10.1375,9.325000000000001,9.501190476190475,13.116666666666667,0,6,9
2023-09-04,13.116666666666667,19.204166666666666,271.75,0.25,27.695833333333336,75.875,3.6125000000000003,158.375,4.6,959.2208333333333,chiang_rai,13.116666666666667,11.75,10.420833333333333,9.847619047619048,8.208333333333334,0,0,9
2023-09-05,8.208333333333334,11.791666666666666,243.95833333333334,0.0,25.483333333333334,87.5,3.829166666666667,201.25,39.4,961.6916666666666,chiang_rai,8.208333333333334,13.116666666666667,10.929166666666667,10.232738095238094,8.387500000000001,0,1,9
2023-09-06,8.387500000000001,11.9625,240.20833333333334,0.0,24.929166666666664,90.29166666666667,4.325,152.04166666666666,21.0,963.6125000000001,chiang_rai,8.387500000000001,8.208333333333334,6.241666666666667,9.844047619047618,8.674999999999999,0,2,9
2023-09-07,8.674999999999999,12.375,241.20833333333334,0.0,25.808333333333334,87.66666666666667,3.1291666666666664,210.04166666666666,8.9,963.7708333333334,chiang_rai,8.674999999999999,8.387500000000001,8.658333333333333,10.150595238095239,7.9375,0,3,9
2023-09-08,7.9375,11.4125,238.83333333333334,0.0,26.483333333333334,85.375,3.5041666666666664,198.95833333333334,1.2000000000000002,963.0124999999999,chiang_rai,7.9375,8.674999999999999,10.795833333333334,10.152976190476192,7.175,0,4,9
2023-09-09,7.175,10.299999999999999,225.5,0.0,26.075,88.29166666666667,3.9958333333333336,167.20833333333334,8.9,961.3208333333333,chiang_rai,7.175,7.9375,10.1375,9.744642857142859,6.316666666666666,0,5,9
2023-09-10,6.316666666666666,9.049999999999999,211.79166666666666,0.0,24.974999999999998,91.41666666666667,3.3625000000000003,112.66666666666667,21.4,960.9541666666668,chiang_rai,6.316666666666666,7.175,11.75,9.321428571428571,5.920833333333333,0,6,9
2023-09-11,5.920833333333333,8.4375,190.41666666666666,0.0,24.670833333333334,90.95833333333333,3.9416666666666664,170.83333333333334,16.0,961.1458333333334,chiang_rai,5.920833333333333,6.316666666666666,13.116666666666667,8.545238095238096,7.029166666666666,0,0,9
2023-09-12,7.029166666666666,9.995833333333334,174.33333333333334,0.0,25.05,89.75,3.658333333333333,216.875,14.200000000000001,961.7958333333335,chiang_rai,7.029166666666666,5.920833333333333,8.208333333333334,7.517261904761905,7.55,0,1,9
2023-09-13,7.55,10.737499999999999,193.41666666666666,0.0,24.745833333333334,91.625,3.1208333333333336,216.25,19.0,962.8208333333333,chiang_rai,7.55,7.029166666666666,8.387500000000001,7.348809523809523,9.5875,0,2,9
2023-09-14,9.5875,13.637500000000001,203.16666666666666,0.125,25.433333333333334,89.125,2.6791666666666667,252.16666666666666,9.2,962.8541666666666,chiang_rai,9.5875,7.55,8.674999999999999,7.229166666666665,8.166666666666666,0,3,9
2023-09-15,8.166666666666666,11.612499999999999,249.875,0.0,25.90833333333333,87.20833333333333,4.108333333333333,155.45833333333334,14.1,962.4666666666667,chiang_rai,8.166666666666666,9.5875,7.9375,7.359523809523809,8.329166666666667,0,4,9
2023-09-16,8.329166666666667,11.895833333333334,260.2083333333333,0.0,25.21666666666667,87.91666666666667,4.891666666666667,196.70833333333334,29.900000000000002,962.8958333333334,chiang_rai,8.329166666666667,8.166666666666666,7.175,7.392261904761904,8.6875,0,5,9
2023-09-17,8.6875,12.379166666666668,209.08333333333334,0.0,24.40416666666667,90.70833333333333,2.920833333333333,165.04166666666666,16.4,963.3291666666668,chiang_rai,8.6875,8.329166666666667,6.316666666666666,7.557142857142857,7.391666666666667,0,6,9
2023-09-18,7.391666666666667,10.566666666666666,188.875,0.0,24.058333333333334,91.70833333333333,3.4125,130.875,15.799999999999999,964.6999999999999,chiang_rai,7.391666666666667,8.6875,5.920833333333333,7.895833333333333,6.5,0,0,9
2023-09-19,6.5,9.299999999999999,179.16666666666666,0.0,24.65416666666667,90.625,3.65,182.875,11.9,966.275,chiang_rai,6.5,7.391666666666667,7.029166666666666,8.10595238095238,6.891666666666667,0,1,9
2023-09-20,6.891666666666667,9.908333333333333,198.54166666666666,0.0,25.2625,88.45833333333333,2.504166666666667,181.41666666666666,6.3,965.7666666666668,chiang_rai,6.891666666666667,6.5,7.55,8.030357142857143,7.854166666666667,0,2,9
2023-09-21,7.854166666666667,11.266666666666666,199.29166666666666,0.0,26.0625,85.58333333333333,3.1166666666666667,239.625,0.9,965.1541666666667,chiang_rai,7.854166666666667,6.891666666666667,9.5875,7.9363095238095225,7.770833333333333,0,3,9
2023-09-22,7.770833333333333,11.116666666666667,198.70833333333334,0.0,26.71666666666667,83.08333333333333,3.516666666666667,199.5,0.0,964.8166666666666,chiang_rai,7.770833333333333,7.854166666666667,8.166666666666666,7.688690476190476,7.816666666666666,0,4,9
2023-09-23,7.816666666666666,11.245833333333332,196.91666666666666,0.0,26.795833333333334,82.0,3.9291666666666667,204.58333333333334,0.1,964.6958333333333,chiang_rai,7.816666666666666,7.770833333333333,8.329166666666667,7.632142857142857,7.970833333333334,0,5,9
2023-09-24,7.970833333333334,11.441666666666668,194.25,0.0,27.104166666666668,82.29166666666667,3.4416666666666664,231.91666666666666,0.6,963.4541666666668,chiang_rai,7.970833333333334,7.816666666666666,8.6875,7.558928571428572,5.2375,0,6,9
2023-09-25,5.2375,7.529166666666666,194.08333333333334,0.0,26.8625,81.45833333333333,4.479166666666667,171.70833333333334,4.0,963.25,chiang_rai,5.2375,7.970833333333334,7.391666666666667,7.456547619047619,10.216666666666667,0,0,9
2023-09-26,10.216666666666667,15.033333333333333,218.41666666666666,0.0,26.120833333333334,82.04166666666667,5.7625,235.125,7.8999999999999995,962.5291666666667,chiang_rai,10.216666666666667,5.2375,6.5,7.148809523809525,9.479166666666666,0,1,9
2023-09-27,9.479166666666666,13.845833333333333,212.66666666666666,0.0,25.087500000000002,87.29166666666667,5.279166666666667,253.91666666666666,12.4,961.5291666666667,chiang_rai,9.479166666666666,10.216666666666667,6.891666666666667,7.6797619047619055,5.483333333333333,0,2,9
2023-09-28,5.483333333333333,7.841666666666666,170.83333333333334,0.0,24.125,92.20833333333333,4.2,222.70833333333334,69.9,963.4375,chiang_rai,5.483333333333333,9.479166666666666,7.854166666666667,8.049404761904762,5.483333333333333,0,3,9
2023-09-29,5.483333333333333,7.829166666666667,162.33333333333334,0.0,23.787499999999998,92.5,4.570833333333334,121.70833333333333,22.2,965.6916666666666,chiang_rai,5.483333333333333,5.483333333333333,7.770833333333333,7.710714285714286,4.245833333333334,0,4,9
2023-09-30,4.245833333333334,6.079166666666667,148.58333333333334,0.0,23.90833333333333,92.08333333333333,4.795833333333333,179.66666666666666,33.0,966.0708333333333,chiang_rai,4.245833333333334,5.483333333333333,7.816666666666666,7.383928571428571,5.629166666666666,0,5,9
2023-10-01,5.629166666666666,8.070833333333333,155.91666666666666,0.0,24.479166666666668,90.625,3.7125,148.58333333333334,6.9,964.9208333333332,chiang_rai,5.629166666666666,4.245833333333334,7.970833333333334,6.873809523809524,7.404166666666666,0,6,10
2023-10-02,7.404166666666666,10.616666666666667,172.75,0.0,25.27916666666667,90.5,3.5375,187.83333333333334,1.7000000000000002,965.3041666666667,chiang_rai,7.404166666666666,5.629166666666666,5.2375,6.5392857142857155,6.3374999999999995,0,0,10
2023-10-03,6.3374999999999995,9.083333333333334,199.625,0.0,26.27916666666667,84.75,2.654166666666667,221.95833333333334,0.1,965.3083333333334,chiang_rai,6.3374999999999995,7.404166666666666,10.216666666666667,6.848809523809523,4.45,0,1,10
2023-10-04,4.45,6.3500000000000005,195.75,0.0,27.0125,84.25,2.8833333333333333,170.75,2.4000000000000004,965.15,chiang_rai,4.45,6.3374999999999995,9.479166666666666,6.294642857142856,6.8999999999999995,0,2,10
2023-10-05,6.8999999999999995,9.9125,214.0,0.0,26.425,85.625,3.6125000000000003,201.41666666666666,11.5,964.3958333333334,chiang_rai,6.8999999999999995,4.45,5.483333333333333,5.576190476190476,6.616666666666667,0,3,10
2023-10-06,6.616666666666667,9.491666666666667,206.33333333333334,0.0,26.229166666666668,85.29166666666667,3.9125,238.20833333333334,3.0,963.6958333333333,chiang_rai,6.616666666666667,6.8999999999999995,5.483333333333333,5.778571428571428,4.145833333333333,0,4,10
2023-10-07,4.145833333333333,5.929166666666667,186.625,0.0,24.933333333333334,90.125,3.4375,179.70833333333334,17.7,964.7958333333332,chiang_rai,4.145833333333333,6.616666666666667,4.245833333333334,5.940476190476191,3.225,0,5,10
2023-10-08,3.225,4.604166666666667,203.83333333333334,0.0,24.141666666666666,91.29166666666667,4.316666666666666,121.54166666666667,29.6,966.2291666666666,chiang_rai,3.225,4.145833333333333,5.629166666666666,5.9261904761904765,5.9125000000000005,0,6,10
2023-10-09,5.9125000000000005,8.450000000000001,301.0833333333333,0.0,23.7,92.66666666666667,4.4875,216.75,20.3,967.3125,chiang_rai,5.9125000000000005,3.225,7.404166666666666,5.582738095238095,9.166666666666666,0,0,10
2023-10-10,9.166666666666666,13.141666666666666,318.4166666666667,0.0,23.704166666666666,91.375,5.175,239.16666666666666,12.700000000000001,968.1541666666667,chiang_rai,9.166666666666666,5.9125000000000005,6.3374999999999995,5.369642857142857,8.404166666666667,0,1,10
2023-10-11,8.404166666666667,12.041666666666666,328.125,0.0,24.15833333333333,87.45833333333333,4.358333333333333,243.08333333333334,4.3,968.7958333333332,chiang_rai,8.404166666666667,9.166666666666666,4.45,5.773809523809525,7.125,0,2,10
2023-10-12,7.125,10.220833333333333,270.75,0.0,24.608333333333334,87.45833333333333,2.8791666666666664,216.79166666666666,3.2,969.6,chiang_rai,7.125,8.404166666666667,6.8999999999999995,6.338690476190476,7.0625,0,3,10
2023-10-13,7.0625,10.1625,300.125,0.0,24.3625,89.20833333333333,3.6791666666666667,237.66666666666666,8.1,968.9499999999999,chiang_rai,7.0625,7.125,6.616666666666667,6.370833333333333,5.841666666666666,0,4,10
2023-10-14,5.841666666666666,8.387500000000001,258.7083333333333,0.0,24.150000000000002,88.875,3.0375,251.08333333333334,22.5,967.1125000000001,chiang_rai,5.841666666666666,7.0625,4.145833333333333,6.434523809523809,6.983333333333333,0,5,10
2023-10-15,6.983333333333333,10.012500000000001,237.66666666666666,0.0,24.295833333333334,88.54166666666667,3.670833333333333,126.5,6.0,966.2416666666667,chiang_rai,6.983333333333333,5.841666666666666,3.225,6.676785714285714,10.125,0,6,10
2023-10-16,10.125,14.475,312.9166666666667,0.0,23.925,89.16666666666667,4.2875000000000005,193.5,18.5,967.7541666666666,chiang_rai,10.125,6.983333333333333,5.9125000000000005,7.213690476190477,10.679166666666667,0,0,10
2023-10-17,10.679166666666667,15.308333333333332,377.0833333333333,0.0,24.662499999999998,85.08333333333333,2.891666666666667,209.875,0.30000000000000004,967.6916666666666,chiang_rai,10.679166666666667,10.125,9.166666666666666,7.815476190476191,11.616666666666667,0,1,10
2023-10-18,11.616666666666667,16.650000000000002,407.6666666666667,0.0,24.991666666666664,83.70833333333333,3.475,238.875,0.30000000000000004,967.4875000000001,chiang_rai,11.616666666666667,10.679166666666667,8.404166666666667,8.03154761904762,10.570833333333333,0,2,10
2023-10-19,10.570833333333333,15.133333333333333,324.25,0.0,25.474999999999998,85.625,3.358333333333333,234.91666666666666,2.8000000000000003,967.0583333333334,chiang_rai,10.570833333333333,11.616666666666667,7.125,8.49047619047619,10.1875,0,3,10
2023-10-20,10.1875,14.583333333333334,272.5,0.0,25.166666666666668,87.29166666666667,3.5625,183.70833333333334,4.9,968.2708333333334,chiang_rai,10.1875,10.570833333333333,7.0625,8.982738095238096,10.095833333333333,0,4,10
2023-10-21,10.095833333333333,14.4625,334.1666666666667,0.0,23.504166666666666,90.66666666666667,4.733333333333333,206.08333333333334,29.900000000000002,970.225,chiang_rai,10.095833333333333,10.1875,5.841666666666666,9.429166666666665,10.708333333333334,0,5,10
2023-10-22,10.708333333333334,15.329166666666666,362.7916666666667,0.0,24.212500000000002,85.45833333333333,3.6041666666666665,203.58333333333334,2.2,970.2875,chiang_rai,10.708333333333334,10.095833333333333,6.983333333333333,10.036904761904761,9.858333333333333,0,6,10
2023-10-23,9.858333333333333,14.120833333333332,323.75,0.0,24.604166666666668,83.375,2.970833333333333,225.20833333333334,0.4,969.3125,chiang_rai,9.858333333333333,10.708333333333334,10.125,10.56904761904762,8.141666666666667,0,0,10
2023-10-24,8.141666666666667,11.6625,293.75,0.0,24.8625,84.29166666666667,3.0208333333333335,236.08333333333334,0.30000000000000004,968.8125,chiang_rai,8.141666666666667,9.858333333333333,10.679166666666667,10.530952380952382,8.220833333333333,0,1,10
2023-10-25,8.220833333333333,11.8375,300.0,0.0,24.683333333333334,87.45833333333333,3.5083333333333333,257.7083333333333,8.0,968.5458333333332,chiang_rai,8.220833333333333,8.141666666666667,11.616666666666667,10.16845238095238,9.141666666666667,0,2,10
2023-10-26,9.141666666666667,13.333333333333334,291.7916666666667,0.0,25.337500000000002,86.41666666666667,2.9333333333333336,231.375,2.8000000000000003,967.8791666666666,chiang_rai,9.141666666666667,8.220833333333333,10.570833333333333,9.683333333333334,6.308333333333334,0,3,10
2023-10-27,6.308333333333334,9.15,214.54166666666666,0.0,24.929166666666664,87.16666666666667,3.745833333333333,182.79166666666666,3.4,967.5208333333334,chiang_rai,6.308333333333334,9.141666666666667,10.1875,9.479166666666668,7.058333333333334,0,4,10
2023-10-28,7.058333333333334,10.183333333333334,206.20833333333334,0.0,24.287499999999998,87.54166666666667,2.720833333333333,180.70833333333334,7.0,967.8083333333334,chiang_rai,7.058333333333334,6.308333333333334,10.095833333333333,8.925,5.729166666666667,0,5,10
2023-10-29,5.729166666666667,8.195833333333333,203.08333333333334,0.0,23.870833333333334,89.29166666666667,4.320833333333334,188.95833333333334,1.8,968.0458333333332,chiang_rai,5.729166666666667,7.058333333333334,10.708333333333334,8.491071428571429,5.175,0,6,10
2023-10-30,5.175,7.416666666666667,207.79166666666666,0.0,23.34583333333333,89.66666666666667,5.016666666666667,230.08333333333334,36.5,969.4041666666667,chiang_rai,5.175,5.729166666666667,9.858333333333333,7.779761904761905,9.504166666666666,0,0,10
2023-10-31,9.504166666666666,13.629166666666668,315.9583333333333,0.0,23.724999999999998,87.375,4.533333333333333,201.91666666666666,6.6000000000000005,970.8541666666666,chiang_rai,9.504166666666666,5.175,8.141666666666667,7.110714285714287,16.3625,0,1,10
2023-11-01,16.3625,23.566666666666666,431.625,0.0,23.854166666666668,81.95833333333333,4.075,221.75,0.0,970.2041666666668,chiang_rai,16.3625,9.504166666666666,8.220833333333333,7.305357142857143,11.620833333333332,0,2,11
2023-11-02,11.620833333333332,16.741666666666667,355.0833333333333,0.0,23.412499999999998,85.0,3.5375,243.29166666666666,0.0,968.3000000000001,chiang_rai,11.620833333333332,16.3625,9.141666666666667,8.468452380952382,10.362499999999999,0,3,11
2023-11-03,10.362499999999999,14.895833333333334,332.4166666666667,0.0,24.8125,85.41666666666667,3.016666666666667,248.75,0.7,966.0833333333334,chiang_rai,10.362499999999999,11.620833333333332,6.308333333333334,8.822619047619048,13.133333333333333,0,4,11
2023-11-04,13.133333333333333,18.858333333333334,301.9166666666667,0.0,24.120833333333334,90.04166666666667,3.9875000000000003,248.20833333333334,1.9,966.4916666666667,chiang_rai,13.133333333333333,10.362499999999999,7.058333333333334,9.401785714285714,8.754166666666666,0,5,11
2023-11-05,8.754166666666666,12.520833333333334,272.875,0.0,24.34166666666667,89.16666666666667,3.029166666666667,257.7916666666667,0.5,967.725,chiang_rai,8.754166666666666,13.133333333333333,5.729166666666667,10.269642857142857,12.733333333333334,0,6,11
2023-11-06,12.733333333333334,18.270833333333332,283.6666666666667,0.0,24.545833333333334,88.41666666666667,3.9250000000000003,251.625,0.2,968.1374999999999,chiang_rai,12.733333333333334,8.754166666666666,5.175,10.701785714285714,7.6499999999999995,0,0,11
2023-11-07,7.6499999999999995,11.049999999999999,250.29166666666666,0.0,24.2625,87.33333333333333,4.020833333333333,197.45833333333334,16.4,968.5916666666667,chiang_rai,7.6499999999999995,12.733333333333334,9.504166666666666,11.781547619047618,10.262500000000001,0,1,11
2023-11-08,10.262500000000001,14.9125,240.25,0.0,23.77916666666667,89.45833333333333,2.5875,259.7083333333333,3.2,967.5708333333333,chiang_rai,10.262500000000001,7.6499999999999995,16.3625,11.516666666666667,9.383333333333333,0,2,11
2023-11-09,9.383333333333333,13.6,268.4166666666667,0.0,24.474999999999998,89.04166666666667,2.5208333333333335,227.0,0.30000000000000004,967.6708333333332,chiang_rai,9.383333333333333,10.262500000000001,11.620833333333332,10.645238095238094,9.391666666666667,0,3,11
2023-11-10,9.391666666666667,13.637500000000001,273.875,0.0,24.733333333333334,86.875,3.254166666666667,230.25,0.30000000000000004,968.7958333333332,chiang_rai,9.391666666666667,9.383333333333333,10.362499999999999,10.325595238095238,12.358333333333334,0,4,11
2023-11-11,12.358333333333334,17.858333333333334,297.9166666666667,0.0,25.037499999999998,84.41666666666667,2.404166666666667,249.04166666666666,0.1,969.2791666666667,chiang_rai,12.358333333333334,9.391666666666667,13.133333333333333,10.186904761904762,10.170833333333333,0,5,11
2023-11-12,10.170833333333333,14.737499999999999,270.6666666666667,0.0,25.491666666666664,81.75,3.0375,225.33333333333334,0.0,969.9375,chiang_rai,10.170833333333333,12.358333333333334,8.754166666666666,10.076190476190476,8.016666666666667,0,6,11
2023-11-13,8.016666666666667,11.566666666666668,217.75,0.0,24.425,85.33333333333333,4.320833333333334,174.91666666666666,12.0,970.8958333333334,chiang_rai,8.016666666666667,10.170833333333333,12.733333333333334,10.278571428571428,5.179166666666666,0,0,11
2023-11-14,5.179166666666666,7.6125,259.6666666666667,0.0,23.787499999999998,85.54166666666667,3.9791666666666665,118.625,1.7,971.9791666666666,chiang_rai,5.179166666666666,8.016666666666667,7.6499999999999995,9.604761904761904,8.754166666666666,0,1,11
2023-11-15,8.754166666666666,12.770833333333334,343.1666666666667,0.0,23.879166666666666,85.45833333333333,3.6750000000000003,249.91666666666666,0.0,971.6374999999999,chiang_rai,8.754166666666666,5.179166666666666,10.262500000000001,9.251785714285715,9.049999999999999,0,2,11
2023-11-16,9.049999999999999,13.195833333333333,303.5833333333333,0.0,23.741666666666664,86.29166666666667,4.8625,217.0,6.9,972.9916666666667,chiang_rai,9.049999999999999,8.754166666666666,9.383333333333333,9.036309523809523,5.8999999999999995,0,3,11
2023-11-17,5.8999999999999995,8.529166666666667,351.2916666666667,0.0,20.591666666666665,65.91666666666667,10.704166666666666,100.625,0.3,975.3625000000001,chiang_rai,5.8999999999999995,9.049999999999999,9.391666666666667,8.988690476190476,6.8,0,4,11
2023-11-18,6.8,9.9125,318.3333333333333,0.25,19.570833333333333,72.125,5.104166666666667,231.125,0.0,973.1999999999999,chiang_rai,6.8,5.8999999999999995,12.358333333333334,8.489880952380952,6.479166666666667,0,5,11
2023-11-19,6.479166666666667,9.495833333333334,266.0,0.0,19.349999999999998,73.75,5.729166666666667,220.04166666666666,0.0,972.2833333333333,chiang_rai,6.479166666666667,6.8,10.170833333333333,7.695833333333333,10.85,0,6,11
2023-11-20,10.85,16.041666666666668,269.5,0.0,19.770833333333332,80.125,4.770833333333333,219.29166666666666,0.0,971.0875,chiang_rai,10.85,6.479166666666667,8.016666666666667,7.168452380952381,12.025,0,0,11
2023-11-21,12.025,17.575,308.7916666666667,0.25,19.974999999999998,85.04166666666667,3.6625,239.08333333333334,0.0,968.85,chiang_rai,12.025,10.85,5.179166666666666,7.573214285714286,9.983333333333333,0,1,11
2023-11-22,9.983333333333333,14.512500000000001,287.125,0.125,20.8625,84.75,2.970833333333333,237.79166666666666,0.0,967.4333333333334,chiang_rai,9.983333333333333,12.025,8.754166666666666,8.551190476190476,12.154166666666667,0,2,11
2023-11-23,12.154166666666667,17.625,308.7083333333333,0.125,21.90833333333333,81.79166666666667,3.4124999999999996,246.83333333333334,0.0,967.9833333333332,chiang_rai,12.154166666666667,9.983333333333333,9.049999999999999,8.726785714285715,11.541666666666666,0,3,11
2023-11-24,11.541666666666666,16.795833333333334,335.9583333333333,0.0,21.77916666666667,82.79166666666667,4.141666666666667,226.70833333333334,0.30000000000000004,969.5124999999999,chiang_rai,11.541666666666666,12.154166666666667,5.8999999999999995,9.170238095238094,13.970833333333333,0,4,11
2023-11-25,13.970833333333333,20.491666666666667,346.2083333333333,0.125,21.90833333333333,80.04166666666667,3.8791666666666664,227.45833333333334,0.0,970.1125000000001,chiang_rai,13.970833333333333,11.541666666666666,6.8,9.976190476190476,14.229166666666666,0,5,11
2023-11-26,14.229166666666666,20.733333333333334,300.4583333333333,0.25,20.974999999999998,82.29166666666667,5.158333333333333,239.33333333333334,0.0,971.0458333333332,chiang_rai,14.229166666666666,13.970833333333333,6.479166666666667,11.000595238095238,13.408333333333333,0,6,11
2023-11-27,13.408333333333333,19.904166666666665,297.5833333333333,0.25,20.462500000000002,80.625,5.8125,217.125,0.0,970.7083333333334,chiang_rai,13.408333333333333,14.229166666666666,10.85,12.107738095238094,13.700000000000001,0,0,11
2023-11-28,13.700000000000001,20.295833333333334,301.1666666666667,0.0,19.400000000000002,80.29166666666667,5.175,226.45833333333334,0.0,969.4458333333333,chiang_rai,13.700000000000001,13.408333333333333,12.025,12.473214285714286,15.291666666666666,0,1,11
2023-11-29,15.291666666666666,22.416666666666668,361.75,0.0,19.479166666666668,77.0,3.870833333333333,216.79166666666666,0.0,969.6125000000001,chiang_rai,15.291666666666666,13.700000000000001,9.983333333333333,12.7125,15.929166666666667,0,2,11
2023-11-30,15.929166666666667,23.27916666666667,398.9166666666667,0.0,20.625,80.0,3.6458333333333335,245.70833333333334,0.0,970.5166666666668,chiang_rai,15.929166666666667,15.291666666666666,12.154166666666667,13.470833333333333,16.191666666666666,0,3,11
2023-12-01,16.191666666666666,23.825,365.6666666666667,0.0,22.5,79.70833333333333,4.658333333333333,231.33333333333334,0.0,970.1791666666667,chiang_rai,16.191666666666666,15.929166666666667,11.541666666666666,14.010119047619046,9.833333333333334,0,4,12
2023-12-02,9.833333333333334,14.266666666666666,323.4583333333333,0.0,23.120833333333334,84.29166666666667,3.9583333333333335,162.70833333333334,2.9000000000000004,970.3625000000001,chiang_rai,9.833333333333334,16.191666666666666,13.970833333333333,14.674404761904762,5.6875,0,5,12
2023-12-03,5.6875,8.270833333333334,309.0416666666667,0.0,22.537499999999998,89.0,4.166666666666667,235.375,9.4,970.6291666666666,chiang_rai,5.6875,9.833333333333334,14.229166666666666,14.083333333333334,8.195833333333333,0,6,12
2023-12-04,8.195833333333333,11.9375,357.3333333333333,0.0,23.479166666666668,84.70833333333333,3.8083333333333336,249.91666666666666,0.1,969.0,chiang_rai,8.195833333333333,5.6875,13.408333333333333,12.863095238095239,10.158333333333333,0,0,12
2023-12-05,10.158333333333333,14.775,355.2083333333333,0.0,23.320833333333336,87.45833333333333,3.65,263.3333333333333,9.5,967.6875,chiang_rai,10.158333333333333,8.195833333333333,13.700000000000001,12.11845238095238,9.387500000000001,0,1,12
2023-12-06,9.387500000000001,13.483333333333334,282.0416666666667,0.0,23.420833333333334,86.25,3.891666666666667,210.5,0.4,968.9291666666667,chiang_rai,9.387500000000001,10.158333333333333,15.291666666666666,11.612499999999999,13.254166666666668,0,2,12
2023-12-07,13.254166666666668,19.033333333333335,388.25,0.0,22.679166666666664,86.83333333333333,4.516666666666667,139.20833333333334,2.1,969.6791666666667,chiang_rai,13.254166666666668,9.387500000000001,15.929166666666667,10.769047619047617,14.666666666666666,0,3,12
2023-12-08,14.666666666666666,21.008333333333333,417.5,0.0,23.229166666666668,87.04166666666667,4.958333333333333,247.16666666666666,4.0,968.0124999999999,chiang_rai,14.666666666666666,13.254166666666668,16.191666666666666,10.386904761904763,10.720833333333333,0,4,12
2023-12-09,10.720833333333333,15.4125,347.5,0.0,23.900000000000002,86.41666666666667,2.9333333333333336,247.58333333333334,1.0,966.7583333333333,chiang_rai,10.720833333333333,14.666666666666666,9.833333333333334,10.16904761904762,10.5875,0,5,12
2023-12-10,10.5875,15.245833333333332,336.3333333333333,0.0,24.28333333333333,83.375,3.6750000000000003,239.25,0.7999999999999999,965.5291666666667,chiang_rai,10.5875,10.720833333333333,5.6875,10.295833333333333,10.670833333333334,0,6,12
2023-12-11,10.670833333333334,15.408333333333333,351.6666666666667,0.0,24.008333333333336,84.95833333333333,2.9291666666666667,239.83333333333334,0.4,966.8874999999999,chiang_rai,10.670833333333334,10.5875,8.195833333333333,10.995833333333334,12.270833333333334,0,0,12
2023-12-12,12.270833333333334,17.7375,334.0833333333333,0.0,23.724999999999998,86.33333333333333,3.6625,240.75,2.7,967.25,chiang_rai,12.270833333333334,10.670833333333334,10.158333333333333,11.349404761904763,13.679166666666667,0,1,12
2023-12-13,13.679166666666667,20.845833333333335,294.4583333333333,0.0,23.358333333333334,85.83333333333333,4.629166666666666,243.875,2.0,968.6,chiang_rai,13.679166666666667,12.270833333333334,9.387500000000001,11.651190476190477,14.741666666666667,0,2,12
2023-12-14,14.741666666666667,22.570833333333336,324.4166666666667,0.0,23.391666666666666,79.04166666666667,4.595833333333333,235.125,0.1,969.2375000000001,chiang_rai,14.741666666666667,13.679166666666667,13.254166666666668,12.264285714285716,15.137500000000001,0,3,12
2023-12-15,15.137500000000001,22.541666666666668,299.4166666666667,0.0,22.40416666666667,82.83333333333333,4.0874999999999995,235.70833333333334,0.0,968.6333333333333,chiang_rai,15.137500000000001,14.741666666666667,14.666666666666666,12.476785714285715,13.2125,0,4,12
2023-12-16,13.2125,19.383333333333333,290.3333333333333,0.0,22.325,79.75,3.3249999999999997,223.70833333333334,0.0,968.7666666666668,chiang_rai,13.2125,15.137500000000001,10.720833333333333,12.54404761904762,13.424999999999999,0,5,12
2023-12-17,13.424999999999999,19.724999999999998,302.5833333333333,0.0,21.625,80.04166666666667,4.029166666666667,244.41666666666666,0.0,969.7875,chiang_rai,13.424999999999999,13.2125,10.5875,12.900000000000002,10.954166666666666,0,6,12
2023-12-18,10.954166666666666,16.079166666666666,370.0833333333333,0.0,21.900000000000002,77.16666666666667,3.5083333333333333,255.66666666666666,0.0,970.3208333333333,chiang_rai,10.954166666666666,13.424999999999999,10.670833333333334,13.305357142857144,11.420833333333334,0,0,12
2023-12-19,11.420833333333334,16.545833333333334,425.5833333333333,0.0,21.479166666666668,78.41666666666667,3.1791666666666667,244.91666666666666,0.0,970.1458333333334,chiang_rai,11.420833333333334,10.954166666666666,12.270833333333334,13.345833333333333,12.016666666666666,0,1,12
2023-12-20,12.016666666666666,17.483333333333334,421.2916666666667,0.0,21.416666666666668,78.0,3.641666666666667,230.29166666666666,0.0,969.8666666666667,chiang_rai,12.016666666666666,11.420833333333334,13.679166666666667,13.224404761904763,9.954166666666667,0,2,12
2023-12-21,9.954166666666667,14.362499999999999,369.375,0.0,21.066666666666666,80.29166666666667,5.079166666666667,212.58333333333334,0.1,970.8333333333334,chiang_rai,9.954166666666667,12.016666666666666,14.741666666666667,12.986904761904762,18.720833333333335,0,3,12
2023-12-22,18.720833333333335,27.545833333333334,374.875,0.0,18.675,79.45833333333333,6.454166666666667,122.20833333333333,4.9,974.2666666666668,chiang_rai,18.720833333333335,9.954166666666667,15.137500000000001,12.302976190476189,12.433333333333332,0,4,12
2023-12-23,12.433333333333332,18.8,359.9583333333333,0.0,16.716666666666665,71.08333333333333,7.05,213.66666666666666,0.0,976.0791666666668,chiang_rai,12.433333333333332,18.720833333333335,13.2125,12.814880952380955,11.579166666666666,0,5,12
2023-12-24,11.579166666666666,17.420833333333334,347.3333333333333,0.0,16.995833333333334,68.83333333333333,6.591666666666666,214.625,0.0,976.1833333333334,chiang_rai,11.579166666666666,12.433333333333332,13.424999999999999,12.703571428571427,18.495833333333334,0,6,12
2023-12-25,18.495833333333334,27.59166666666667,394.6666666666667,0.0,16.933333333333334,69.91666666666667,5.604166666666667,213.04166666666666,0.0,974.7083333333334,chiang_rai,18.495833333333334,11.579166666666666,10.954166666666666,12.439880952380951,16.412499999999998,0,0,12
2023-12-26,16.412499999999998,24.104166666666668,460.0416666666667,0.0,17.241666666666667,78.20833333333333,3.408333333333333,230.58333333333334,0.0,973.5666666666666,chiang_rai,16.412499999999998,18.495833333333334,11.420833333333334,13.517261904761906,12.775,0,1,12
2023-12-27,12.775,18.604166666666668,438.8333333333333,0.0,18.629166666666666,78.16666666666667,3.0875,227.33333333333334,0.0,973.6125000000001,chiang_rai,12.775,16.412499999999998,12.016666666666666,14.230357142857143,11.908333333333333,0,2,12
2023-12-28,11.908333333333333,17.287499999999998,419.7083333333333,0.0,19.3,78.125,2.5875,246.625,0.0,972.0625,chiang_rai,11.908333333333333,12.775,9.954166666666667,14.338690476190477,13.35,0,3,12
2023-12-29,13.35,19.454166666666666,394.5,0.4583333333333333,20.083333333333332,77.54166666666667,3.2458333333333336,237.20833333333334,0.0,970.7624999999999,chiang_rai,13.35,11.908333333333333,18.720833333333335,14.617857142857144,13.508333333333333,0,4,12
2023-12-30,13.508333333333333,19.683333333333334,344.0416666666667,0.375,20.295833333333334,75.5,3.1333333333333333,243.08333333333334,0.0,969.5416666666666,chiang_rai,13.508333333333333,13.35,12.433333333333332,13.850595238095236,10.883333333333333,0,5,12
2023-12-31,10.883333333333333,15.808333333333332,333.3333333333333,0.4583333333333333,20.258333333333333,74.875,3.108333333333333,244.75,0.0,969.2708333333334,chiang_rai,10.883333333333333,13.508333333333333,11.579166666666666,14.004166666666666,10.966666666666667,0,6,12
2024-01-01,10.966666666666667,15.966666666666667,315.5833333333333,0.375,20.3125,74.29166666666667,3.795833333333333,223.66666666666666,0.0,968.65,chiang_rai,10.966666666666667,10.883333333333333,18.495833333333334,13.904761904761903,10.1875,0,0,1
2024-01-02,10.1875,14.6625,283.0416666666667,0.0,20.2625,76.95833333333333,3.7375000000000003,222.75,0.0,968.3791666666666,chiang_rai,10.1875,10.966666666666667,16.412499999999998,12.829166666666666,10.0625,0,1,1
2024-01-03,10.0625,14.404166666666667,316.875,0.0,20.483333333333334,74.0,3.4416666666666664,233.45833333333334,0.0,968.7416666666667,chiang_rai,10.0625,10.1875,12.775,11.939880952380951,8.424999999999999,0,2,1
2024-01-04,8.424999999999999,12.299999999999999,313.6666666666667,0.0,21.441666666666666,69.91666666666667,4.541666666666667,254.125,0.0,968.8833333333333,chiang_rai,8.424999999999999,10.0625,11.908333333333333,11.552380952380952,9.820833333333333,0,3,1
2024-01-05,9.820833333333333,14.408333333333333,320.75,0.0,20.641666666666666,74.83333333333333,3.3625000000000003,226.25,0.0,968.9125,chiang_rai,9.820833333333333,8.424999999999999,13.35,11.054761904761904,9.995833333333334,0,4,1
2024-01-06,9.995833333333334,14.549999999999999,347.7916666666667,0.0,21.266666666666666,75.75,3.7583333333333333,233.875,0.0,969.4625,chiang_rai,9.995833333333334,9.820833333333333,13.508333333333333,10.550595238095239,13.729166666666666,0,5,1
2024-01-07,13.729166666666666,20.083333333333332,390.9583333333333,0.0,21.4875,79.25,3.533333333333333,234.29166666666666,0.30000000000000004,969.1833333333334,chiang_rai,13.729166666666666,9.995833333333334,10.883333333333333,10.048809523809524,16.320833333333333,0,6,1
2024-01-08,16.320833333333333,23.825,373.8333333333333,0.0,21.491666666666664,80.45833333333333,3.8874999999999997,231.41666666666666,0.1,968.5166666666668,chiang_rai,16.320833333333333,13.729166666666666,10.966666666666667,10.455357142857142,12.9375,0,0,1
2024-01-09,12.9375,18.829166666666666,366.4166666666667,0.0,21.708333333333332,78.0,3.9375,221.125,0.0,967.0875,chiang_rai,12.9375,16.320833333333333,10.1875,11.220238095238093,12.845833333333333,0,1,1
2024-01-10,12.845833333333333,18.641666666666666,373.3333333333333,0.0,21.829166666666666,75.875,4.070833333333334,243.79166666666666,0.0,966.3166666666666,chiang_rai,12.845833333333333,12.9375,10.0625,11.613095238095237,18.441666666666666,0,2,1
2024-01-11,18.441666666666666,26.629166666666666,371.8333333333333,0.0,21.4875,74.625,4.395833333333333,245.54166666666666,0.0,966.5375,chiang_rai,18.441666666666666,12.845833333333333,8.424999999999999,12.010714285714284,22.608333333333334,0,3,1
2024-01-12,22.608333333333334,32.49583333333333,379.0833333333333,0.0,21.712500000000002,73.70833333333333,4.079166666666667,225.70833333333334,0.0,966.1750000000001,chiang_rai,22.608333333333334,18.441666666666666,9.820833333333333,13.441666666666666,22.741666666666664,0,4,1
2024-01-13,22.741666666666664,32.74583333333333,362.7083333333333,0.0,21.570833333333336,77.29166666666667,3.841666666666667,219.41666666666666,0.30000000000000004,967.6416666666668,chiang_rai,22.741666666666664,22.608333333333334,9.995833333333334,15.26845238095238,15.083333333333334,0,5,1
2024-01-14,15.083333333333334,21.787499999999998,350.2916666666667,0.0,22.329166666666666,78.375,4.4875,177.70833333333334,1.6,969.7166666666667,chiang_rai,15.083333333333334,22.741666666666664,13.729166666666666,17.089285714285715,11.575000000000001,0,6,1
2024-01-15,11.575000000000001,16.825,337.8333333333333,0.0,21.77916666666667,81.5,4.545833333333333,247.20833333333334,1.0,969.6875,chiang_rai,11.575000000000001,15.083333333333334,16.320833333333333,17.282738095238095,11.5375,0,0,1
2024-01-16,11.5375,16.9375,296.4166666666667,0.0,20.741666666666667,84.54166666666667,3.920833333333333,240.25,17.8,969.4541666666668,chiang_rai,11.5375,11.575000000000001,12.9375,16.604761904761904,12.433333333333332,0,1,1
2024-01-17,12.433333333333332,18.258333333333333,304.6666666666667,0.0,20.587500000000002,83.70833333333333,3.908333333333333,252.08333333333334,0.8,968.7833333333333,chiang_rai,12.433333333333332,11.5375,12.845833333333333,16.404761904761905,15.416666666666666,0,2,1
2024-01-18,15.416666666666666,22.46666666666667,332.4166666666667,0.0,20.958333333333332,79.33333333333333,3.5041666666666664,228.5,0.5,968.0958333333333,chiang_rai,15.416666666666666,12.433333333333332,18.441666666666666,16.345833333333335,10.645833333333334,0,3,1
2024-01-19,10.645833333333334,15.466666666666667,297.2083333333333,0.125,20.3,70.41666666666667,3.6458333333333335,247.83333333333334,0.0,967.0,chiang_rai,10.645833333333334,15.416666666666666,22.608333333333334,15.913690476190476,9.7125,0,4,1
2024-01-20,9.7125,14.0625,287.2916666666667,0.0,19.616666666666667,68.33333333333333,4.766666666666667,224.91666666666666,0.0,967.0749999999999,chiang_rai,9.7125,10.645833333333334,22.741666666666664,14.204761904761904,10.0375,0,5,1
2024-01-21,10.0375,14.475,306.1666666666667,0.0,19.433333333333334,66.20833333333333,5.6125,244.66666666666666,0.0,967.1208333333334,chiang_rai,10.0375,9.7125,15.083333333333334,12.343452380952382,10.641666666666667,0,6,1
2024-01-22,10.641666666666667,15.670833333333334,327.8333333333333,0.7083333333333334,19.495833333333334,66.54166666666667,4.258333333333334,237.04166666666666,0.0,968.5291666666667,chiang_rai,10.641666666666667,10.0375,11.575000000000001,11.622619047619049,16.108333333333334,0,0,1
2024-01-23,16.108333333333334,23.59583333333333,371.3333333333333,0.75,19.95,71.08333333333333,5.229166666666667,231.70833333333334,0.0,969.1374999999999,chiang_rai,16.108333333333334,10.641666666666667,11.5375,11.489285714285714,18.120833333333334,0,1,1
2024-01-24,18.120833333333334,26.275000000000002,476.875,0.0,20.8625,72.5,4.795833333333333,211.83333333333334,1.8,971.4541666666668,chiang_rai,18.120833333333334,16.108333333333334,12.433333333333332,12.142261904761906,18.599999999999998,0,2,1
2024-01-25,18.599999999999998,27.020833333333332,511.5416666666667,0.0,20.970833333333335,76.16666666666667,6.079166666666667,206.20833333333334,1.1,972.8958333333334,chiang_rai,18.599999999999998,18.120833333333334,15.416666666666666,12.954761904761906,14.583333333333334,0,3,1
2024-01-26,14.583333333333334,21.158333333333335,415.0416666666667,0.0,20.175,79.33333333333333,6.270833333333333,204.375,0.0,973.3916666666668,chiang_rai,14.583333333333334,18.599999999999998,10.645833333333334,13.409523809523808,15.862499999999999,0,4,1
2024-01-27,15.862499999999999,23.02916666666667,403.1666666666667,0.0,20.179166666666667,78.875,5.170833333333333,233.91666666666666,0.0,972.1291666666666,chiang_rai,15.862499999999999,14.583333333333334,9.7125,13.972023809523808,16.016666666666666,0,5,1
2024-01-28,16.016666666666666,23.229166666666668,387.4583333333333,0.0,19.787499999999998,86.125,5.791666666666667,232.0,8.3,971.5166666666668,chiang_rai,16.016666666666666,15.862499999999999,10.0375,14.850595238095236,15.9375,0,6,1
2024-01-29,15.9375,23.116666666666664,376.625,0.0,20.633333333333333,85.75,4.154166666666667,206.625,13.7,971.1,chiang_rai,15.9375,16.016666666666666,10.641666666666667,15.704761904761906,19.320833333333333,0,0,1
2024-01-30,19.320833333333333,27.995833333333334,374.9583333333333,0.125,21.425,82.20833333333333,5.2749999999999995,201.0,0.30000000000000004,970.1,chiang_rai,19.320833333333333,15.9375,16.108333333333334,16.461309523809522,12.450000000000001,0,1,1
2024-01-31,12.450000000000001,17.891666666666666,340.0833333333333,0.0,21.3125,76.41666666666667,5.3999999999999995,227.375,0.1,969.725,chiang_rai,12.450000000000001,19.320833333333333,18.120833333333334,16.920238095238094,8.450000000000001,0,2,1
2024-02-01,8.450000000000001,12.1625,298.7916666666667,0.0,20.787499999999998,64.66666666666667,4.283333333333333,248.625,0.0,969.2624999999999,chiang_rai,8.450000000000001,12.450000000000001,18.599999999999998,16.110119047619047,6.883333333333333,0,3,2
2024-02-02,6.883333333333333,9.904166666666667,270.8333333333333,0.125,20.3,61.25,4.608333333333333,248.25,0.0,968.1458333333334,chiang_rai,6.883333333333333,8.450000000000001,14.583333333333334,14.660119047619048,13.220833333333333,0,4,2
2024-02-03,13.220833333333333,19.575,306.75,0.3333333333333333,20.816666666666666,58.833333333333336,5.195833333333334,264.7083333333333,0.0,967.8083333333334,chiang_rai,13.220833333333333,6.883333333333333,15.862499999999999,13.560119047619049,18.083333333333332,0,5,2
2024-02-04,18.083333333333332,27.629166666666666,340.6666666666667,1.375,21.170833333333334,56.333333333333336,5.133333333333334,251.625,0.0,968.5833333333334,chiang_rai,18.083333333333332,13.220833333333333,16.016666666666666,13.182738095238095,18.758333333333333,0,6,2
2024-02-05,18.758333333333333,28.245833333333334,365.0833333333333,1.0833333333333333,21.108333333333334,60.166666666666664,3.970833333333333,242.83333333333334,0.0,968.4666666666667,chiang_rai,18.758333333333333,18.083333333333332,15.9375,13.47797619047619,14.504166666666668,0,0,2
2024-02-06,14.504166666666668,21.870833333333334,370.875,2.625,21.275000000000002,64.25,4.254166666666666,237.83333333333334,0.0,968.5625,chiang_rai,14.504166666666668,18.758333333333333,19.320833333333333,13.88095238095238,20.658333333333335,0,1,2
2024-02-07,20.658333333333335,32.079166666666666,361.0416666666667,7.0,21.920833333333334,62.916666666666664,5.170833333333333,257.3333333333333,0.0,967.4666666666667,chiang_rai,20.658333333333335,14.504166666666668,12.450000000000001,13.192857142857141,20.158333333333335,0,2,2
2024-02-08,20.158333333333335,31.866666666666664,344.1666666666667,7.125,22.5,63.541666666666664,5.45,246.83333333333334,0.0,965.8416666666667,chiang_rai,20.158333333333335,20.658333333333335,8.450000000000001,14.36547619047619,20.0625,0,3,2
2024-02-09,20.0625,30.766666666666666,371.0416666666667,3.7083333333333335,22.929166666666664,66.66666666666667,4.179166666666666,230.16666666666666,0.0,967.25,chiang_rai,20.0625,20.158333333333335,6.883333333333333,16.038095238095238,30.53333333333333,0,4,2
2024-02-10,30.53333333333333,44.44583333333333,446.875,0.5,22.504166666666666,72.0,7.325,113.95833333333333,2.5,972.0625,chiang_rai,30.53333333333333,20.0625,13.220833333333333,17.920833333333334,34.63333333333333,0,5,2
2024-02-11,34.63333333333333,50.666666666666664,504.875,0.625,20.349999999999998,76.04166666666667,6.070833333333333,79.91666666666667,2.1,975.6458333333334,chiang_rai,34.63333333333333,30.53333333333333,18.083333333333332,20.39404761904762,32.475,0,6,2
2024-02-12,32.475,47.75833333333333,496.75,0.8333333333333334,21.295833333333334,73.41666666666667,4.483333333333333,239.83333333333334,0.0,973.2916666666666,chiang_rai,32.475,34.63333333333333,18.758333333333333,22.758333333333333,18.587500000000002,0,0,2
2024-02-13,18.587500000000002,27.5,447.7083333333333,1.0416666666666667,22.545833333333334,68.41666666666667,4.8999999999999995,230.20833333333334,0.0,970.7125,chiang_rai,18.587500000000002,32.475,14.504166666666668,24.717857142857145,16.695833333333333,0,1,2
2024-02-14,16.695833333333333,24.558333333333334,423.0833333333333,0.5,22.900000000000002,63.333333333333336,4.683333333333334,248.25,0.0,969.0708333333333,chiang_rai,16.695833333333333,18.587500000000002,20.658333333333335,25.301190476190477,16.966666666666665,0,2,2
2024-02-15,16.966666666666665,25.054166666666664,404.8333333333333,0.375,22.825,59.208333333333336,5.316666666666666,225.95833333333334,0.0,969.35,chiang_rai,16.966666666666665,16.695833333333333,20.158333333333335,24.735119047619047,19.825,0,3,2
2024-02-16,19.825,29.129166666666666,403.5416666666667,0.25,23.150000000000002,61.0,4.541666666666667,246.08333333333334,0.0,968.5875,chiang_rai,19.825,16.966666666666665,20.0625,24.27916666666667,17.720833333333335,0,4,2
2024-02-17,17.720833333333335,26.09166666666667,382.0,0.4583333333333333,23.650000000000002,55.875,5.491666666666667,239.5,0.0,965.7958333333332,chiang_rai,17.720833333333335,19.825,30.53333333333333,24.245238095238097,14.541666666666666,0,5,2
2024-02-18,14.541666666666666,21.641666666666666,327.875,0.9166666666666666,21.954166666666666,54.541666666666664,5.691666666666666,250.54166666666666,0.0,965.625,chiang_rai,14.541666666666666,17.720833333333335,34.63333333333333,22.41488095238095,11.866666666666667,0,6,2
2024-02-19,11.866666666666667,17.391666666666666,320.9166666666667,0.0,22.21666666666667,54.5,5.241666666666666,243.79166666666666,0.0,965.9041666666667,chiang_rai,11.866666666666667,14.541666666666666,32.475,19.544642857142858,12.9375,0,0,2
2024-02-20,12.9375,18.954166666666666,337.125,0.0,22.308333333333334,60.5,6.7124999999999995,240.54166666666666,0.0,964.7416666666667,chiang_rai,12.9375,11.866666666666667,18.587500000000002,16.60059523809524,11.129166666666668,0,1,2
2024-02-21,11.129166666666668,16.283333333333335,312.0416666666667,0.375,21.866666666666664,58.083333333333336,5.233333333333333,255.375,0.0,965.0791666666668,chiang_rai,11.129166666666668,12.9375,16.695833333333333,15.793452380952383,18.087500000000002,0,2,2
2024-02-22,18.087500000000002,26.8625,329.25,1.0416666666666667,22.087500000000002,59.625,5.8875,230.04166666666666,0.0,966.5083333333333,chiang_rai,18.087500000000002,11.129166666666668,16.966666666666665,14.998214285714285,14.529166666666667,0,3,2
2024-02-23,14.529166666666667,21.683333333333334,314.4583333333333,0.5,22.416666666666668,60.541666666666664,5.179166666666666,228.875,0.0,966.9958333333334,chiang_rai,14.529166666666667,18.087500000000002,19.825,15.158333333333335,13.720833333333333,0,4,2
2024-02-24,13.720833333333333,20.266666666666666,320.9166666666667,0.125,22.391666666666666,57.5,4.895833333333333,242.33333333333334,0.0,967.0458333333332,chiang_rai,13.720833333333333,14.529166666666667,17.720833333333335,14.401785714285717,18.7625,0,5,2
2024-02-25,18.7625,27.541666666666668,377.375,0.0,23.645833333333332,55.75,3.733333333333333,259.3333333333333,0.0,967.2875,chiang_rai,18.7625,13.720833333333333,14.541666666666666,13.830357142857142,24.170833333333334,0,6,2
2024-02-26,24.170833333333334,35.46666666666667,366.8333333333333,0.0,24.266666666666666,56.25,4.0249999999999995,226.54166666666666,0.0,967.6875,chiang_rai,24.170833333333334,18.7625,11.866666666666667,14.433333333333334,27.90416666666667,0,0,2
2024-02-27,27.90416666666667,40.949999999999996,402.1666666666667,0.0,25.133333333333336,61.666666666666664,5.829166666666667,227.95833333333334,0.0,966.7958333333332,chiang_rai,27.90416666666667,24.170833333333334,12.9375,16.19107142857143,25.333333333333332,0,1,2
2024-02-28,25.333333333333332,37.104166666666664,392.875,0.0,25.991666666666664,62.083333333333336,6.6875,221.5,0.0,965.125,chiang_rai,25.333333333333332,27.90416666666667,11.129166666666668,18.32916666666667,17.8125,0,2,2
2024-02-29,17.8125,26.191666666666666,383.9166666666667,0.5,25.508333333333336,52.958333333333336,5.3125,250.41666666666666,0.0,964.9125,chiang_rai,17.8125,25.333333333333332,18.087500000000002,20.35833333333333,19.570833333333333,0,3,2
2024-03-01,19.570833333333333,28.858333333333334,409.25,1.2916666666666667,25.175,51.708333333333336,4.1875,247.375,0.0,965.5291666666667,chiang_rai,19.570833333333333,17.8125,14.529166666666667,20.319047619047616,26.84166666666667,0,4,3
2024-03-02,26.84166666666667,39.13333333333333,416.9583333333333,0.3333333333333333,25.349999999999998,52.583333333333336,5.754166666666666,236.33333333333334,0.0,965.8583333333332,chiang_rai,26.84166666666667,19.570833333333333,13.720833333333333,21.039285714285715,24.170833333333334,0,5,3
2024-03-03,24.170833333333334,35.4375,397.2916666666667,0.125,25.954166666666666,52.833333333333336,6.625,243.0,0.0,965.3208333333333,chiang_rai,24.170833333333334,26.84166666666667,18.7625,22.913690476190478,16.066666666666666,0,6,3
2024-03-04,16.066666666666666,23.866666666666664,356.625,0.875,25.316666666666666,48.625,5.041666666666667,266.125,0.0,963.9166666666666,chiang_rai,16.066666666666666,24.170833333333334,24.170833333333334,23.686309523809523,22.2625,0,0,3
2024-03-05,22.2625,33.32083333333333,428.25,1.7916666666666667,25.708333333333332,47.208333333333336,6.895833333333333,281.8333333333333,0.0,963.5208333333334,chiang_rai,22.2625,16.066666666666666,27.90416666666667,22.52857142857143,20.670833333333334,0,1,3
2024-03-06,20.670833333333334,30.708333333333332,458.6666666666667,1.5416666666666667,24.633333333333336,46.416666666666664,5.095833333333333,260.9166666666667,0.0,963.3000000000001,chiang_rai,20.670833333333334,22.2625,25.333333333333332,21.722619047619048,37.958333333333336,1,2,3
2024-03-07,37.958333333333336,56.425000000000004,530.625,2.375,24.212500000000002,55.458333333333336,4.983333333333333,234.91666666666666,0.0,963.2666666666668,chiang_rai,37.958333333333336,20.670833333333334,17.8125,21.05654761904762,40.550000000000004,1,3,3
2024-03-08,40.550000000000004,60.104166666666664,605.5,0.7083333333333334,25.03333333333333,60.583333333333336,5.316666666666666,225.45833333333334,0.0,963.4375,chiang_rai,40.550000000000004,37.958333333333336,19.570833333333333,23.934523809523814,27.429166666666664,0,4,3
2024-03-09,27.429166666666664,40.49583333333333,450.25,0.25,25.766666666666666,54.5,5.6375,228.79166666666666,0.0,963.775,chiang_rai,27.429166666666664,40.550000000000004,26.84166666666667,26.93154761904762,26.554166666666664,0,5,3
2024-03-10,26.554166666666664,39.550000000000004,451.1666666666667,1.3333333333333333,25.412499999999998,52.625,5.8500000000000005,243.625,0.0,966.0291666666667,chiang_rai,26.554166666666664,27.429166666666664,24.170833333333334,27.015476190476193,22.0125,0,6,3
2024-03-11,22.0125,32.725,419.875,0.875,24.974999999999998,56.125,4.5375000000000005,208.83333333333334,0.0,967.3375,chiang_rai,22.0125,26.554166666666664,16.066666666666666,27.35595238095238,34.31666666666667,0,0,3
2024-03-12,34.31666666666667,50.65416666666667,397.1666666666667,0.25,25.354166666666668,53.25,5.945833333333333,245.625,0.0,965.9541666666668,chiang_rai,34.31666666666667,22.0125,22.2625,28.205357142857142,21.275000000000002,0,1,3
2024-03-13,21.275000000000002,31.375,354.8333333333333,0.5,24.775000000000002,54.458333333333336,5.004166666666666,245.375,0.0,965.1916666666666,chiang_rai,21.275000000000002,34.31666666666667,20.670833333333334,29.927380952380954,25.983333333333334,0,2,3
2024-03-14,25.983333333333334,38.5,504.75,1.7916666666666667,24.566666666666666,51.5,4.0375,259.4583333333333,0.0,965.1166666666667,chiang_rai,25.983333333333334,21.275000000000002,37.958333333333336,30.013690476190476,43.875,1,3,3
2024-03-15,43.875,65.09583333333333,715.7083333333334,3.9583333333333335,23.933333333333334,52.875,4.241666666666666,229.70833333333334,0.0,965.5124999999999,chiang_rai,43.875,25.983333333333334,40.550000000000004,28.302976190476187,53.229166666666664,1,4,3
2024-03-16,53.229166666666664,79.46249999999999,766.25,3.4166666666666665,24.858333333333334,55.25,4.5,227.75,0.0,966.3125,chiang_rai,53.229166666666664,43.875,27.429166666666664,28.77797619047619,55.862500000000004,1,5,3
2024-03-17,55.862500000000004,84.74583333333334,675.5,2.4166666666666665,26.78333333333333,55.916666666666664,3.170833333333333,232.95833333333334,0.0,966.1,chiang_rai,55.862500000000004,53.229166666666664,26.554166666666664,32.46369047619048,46.083333333333336,1,6,3
2024-03-18,46.083333333333336,69.71249999999999,611.2916666666666,1.4583333333333333,26.441666666666666,53.083333333333336,4.208333333333333,272.1666666666667,0.0,965.2208333333333,chiang_rai,46.083333333333336,55.862500000000004,22.0125,36.65059523809524,49.520833333333336,1,0,3
2024-03-19,49.520833333333336,75.27499999999999,629.9583333333334,1.8333333333333333,26.224999999999998,56.083333333333336,5.316666666666666,208.875,0.0,966.3791666666666,chiang_rai,49.520833333333336,46.083333333333336,34.31666666666667,40.089285714285715,36.65,0,1,3
2024-03-20,36.65,53.17916666666667,499.2916666666667,0.25,24.120833333333334,81.75,5.625,162.20833333333334,7.6000000000000005,970.7458333333334,chiang_rai,36.65,49.520833333333336,21.275000000000002,42.26130952380952,30.954166666666666,0,2,3
2024-03-21,30.954166666666666,44.81666666666666,512.5,0.0,24.379166666666666,79.20833333333333,4.575,193.95833333333334,0.1,967.8041666666667,chiang_rai,30.954166666666666,36.65,25.983333333333334,44.4577380952381,22.308333333333334,0,3,3
2024-03-22,22.308333333333334,32.69166666666667,434.5833333333333,0.25,24.729166666666668,71.375,4.704166666666667,244.58333333333334,0.7,963.6875,chiang_rai,22.308333333333334,30.954166666666666,43.875,45.167857142857144,18.683333333333334,0,4,3
2024-03-23,18.683333333333334,27.337500000000002,408.5,0.8333333333333334,24.349999999999998,60.541666666666664,5.7,236.20833333333334,0.0,962.6125000000001,chiang_rai,18.683333333333334,22.308333333333334,53.229166666666664,42.08690476190476,16.058333333333334,0,5,3
2024-03-24,16.058333333333334,24.204166666666666,309.2916666666667,1.7083333333333333,24.766666666666666,50.375,4.875,255.91666666666666,0.0,964.4958333333334,chiang_rai,16.058333333333334,18.683333333333334,55.862500000000004,37.151785714285715,14.933333333333332,0,6,3
2024-03-25,14.933333333333332,22.958333333333332,316.875,3.0,24.4375,52.791666666666664,5.529166666666666,228.08333333333334,0.0,965.7083333333334,chiang_rai,14.933333333333332,16.058333333333334,46.083333333333336,31.46547619047619,26.070833333333336,0,0,3
2024-03-26,26.070833333333336,39.541666666666664,414.6666666666667,3.7916666666666665,25.162499999999998,54.375,4.708333333333333,224.875,0.0,966.5958333333333,chiang_rai,26.070833333333336,14.933333333333332,49.520833333333336,27.015476190476193,36.94166666666667,0,1,3
2024-03-27,36.94166666666667,55.208333333333336,407.2083333333333,2.4166666666666665,27.09583333333333,54.25,6.3500000000000005,214.58333333333334,0.0,967.6708333333332,chiang_rai,36.94166666666667,26.070833333333336,36.65,23.66547619047619,32.40416666666667,0,2,3
2024-03-28,32.40416666666667,48.93333333333334,442.7916666666667,2.7916666666666665,26.458333333333332,53.0,3.225,215.91666666666666,0.0,965.3541666666666,chiang_rai,32.40416666666667,36.94166666666667,30.954166666666666,23.707142857142856,34.15,0,3,3
2024-03-29,34.15,52.31666666666666,452.4166666666667,2.5833333333333335,26.020833333333332,49.416666666666664,5.154166666666667,241.25,0.0,964.5666666666666,chiang_rai,34.15,32.40416666666667,22.308333333333334,23.914285714285715,25.991666666666664,0,4,3
2024-03-30,25.991666666666664,40.895833333333336,363.9583333333333,3.5416666666666665,26.083333333333332,53.541666666666664,5.258333333333334,239.33333333333334,0.0,965.0291666666667,chiang_rai,25.991666666666664,34.15,18.683333333333334,25.60595238095238,31.070833333333336,0,5,3
2024-03-31,31.070833333333336,50.65833333333333,410.6666666666667,5.791666666666667,26.787499999999998,55.291666666666664,4.695833333333334,251.20833333333334,0.0,964.2458333333334,chiang_rai,31.070833333333336,25.991666666666664,16.058333333333334,26.650000000000002,26.325,0,6,3
2024-04-01,26.325,42.49166666666667,405.3333333333333,3.4583333333333335,27.166666666666668,48.541666666666664,6.333333333333333,258.5416666666667,0.0,962.1208333333334,chiang_rai,26.325,31.070833333333336,14.933333333333332,28.794642857142858,33.1875,0,0,4
2024-04-02,33.1875,52.45416666666667,481.8333333333333,3.0833333333333335,27.670833333333334,48.208333333333336,6.504166666666666,269.375,0.0,960.9166666666666,chiang_rai,33.1875,26.325,26.070833333333336,30.422023809523807,37.9625,1,1,4
2024-04-03,37.9625,59.54583333333333,487.0416666666667,4.25,27.454166666666666,52.833333333333336,5.3999999999999995,247.95833333333334,0.0,961.6958333333333,chiang_rai,37.9625,33.1875,36.94166666666667,31.438690476190477,32.5,0,2,4
2024-04-04,32.5,51.708333333333336,473.25,4.125,28.133333333333336,53.041666666666664,5.2375,262.4166666666667,0.0,961.7666666666668,chiang_rai,32.5,37.9625,32.40416666666667,31.58452380952381,40.125,1,3,4
2024-04-05,40.125,63.72083333333333,497.0833333333333,6.5,28.454166666666666,55.375,4.445833333333334,248.20833333333334,0.0,961.1541666666667,chiang_rai,40.125,32.5,34.15,31.598214285714285,47.125,1,4,4
2024-04-06,47.125,73.82083333333334,537.9166666666666,4.916666666666667,29.150000000000002,55.5,5.020833333333333,249.54166666666666,0.0,961.6333333333333,chiang_rai,47.125,40.125,25.991666666666664,32.45178571428571,46.44583333333333,1,5,4
2024-04-07,46.44583333333333,71.85833333333333,551.4166666666666,1.5,30.095833333333335,57.25,3.9125,233.25,0.0,961.6541666666667,chiang_rai,46.44583333333333,47.125,31.070833333333336,35.47083333333333,46.637499999999996,1,6,4
2024-04-08,46.637499999999996,71.53333333333333,531.8333333333334,1.6666666666666667,29.579166666666666,59.083333333333336,4.541666666666667,231.625,0.0,962.9083333333333,chiang_rai,46.637499999999996,46.44583333333333,26.325,37.66726190476191,48.44166666666666,1,0,4
2024-04-09,48.44166666666666,74.12083333333334,586.75,1.4166666666666667,28.075,62.625,4.8625,241.04166666666666,1.0,964.3208333333333,chiang_rai,48.44166666666666,46.637499999999996,33.1875,40.56904761904762,45.020833333333336,1,1,4
2024-04-10,45.020833333333336,67.10833333333333,491.1666666666667,0.4583333333333333,26.941666666666666,69.04166666666667,5.991666666666667,253.91666666666666,0.0,966.6708333333332,chiang_rai,45.020833333333336,48.44166666666666,37.9625,42.74821428571429,38.291666666666664,1,2,4
2024-04-11,38.291666666666664,56.46666666666667,526.0833333333334,0.375,27.587500000000002,70.125,5.083333333333333,208.83333333333334,0.2,966.6208333333334,chiang_rai,38.291666666666664,45.020833333333336,32.5,43.756547619047616,29.079166666666666,0,3,4
2024-04-12,29.079166666666666,42.92083333333333,474.7083333333333,0.125,26.933333333333334,67.375,5.3,246.04166666666666,4.0,965.7291666666666,chiang_rai,29.079166666666666,38.291666666666664,40.125,44.583928571428565,40.675000000000004,1,4,4
2024-04-13,40.675000000000004,60.27916666666667,491.7083333333333,0.375,27.587500000000002,64.33333333333333,5.716666666666666,280.875,0.0,964.7416666666667,chiang_rai,40.675000000000004,29.079166666666666,47.125,43.00595238095237,29.4375,0,5,4
2024-04-14,29.4375,43.854166666666664,556.7916666666666,0.625,27.808333333333334,56.833333333333336,6.908333333333332,264.7916666666667,0.0,964.8000000000001,chiang_rai,29.4375,40.675000000000004,46.44583333333333,42.084523809523816,28.204166666666666,0,6,4
2024-04-15,28.204166666666666,41.75,537.5833333333334,0.625,25.483333333333334,75.20833333333333,4.716666666666667,242.16666666666666,12.2,965.5,chiang_rai,28.204166666666666,29.4375,46.637499999999996,39.65476190476191,27.058333333333334,0,0,4
2024-04-16,27.058333333333334,40.35,522.5,1.2083333333333333,26.662499999999998,71.625,4.541666666666667,244.25,1.0,963.7916666666666,chiang_rai,27.058333333333334,28.204166666666666,48.44166666666666,37.021428571428565,20.645833333333332,0,1,4
2024-04-17,20.645833333333332,31.416666666666668,390.2916666666667,1.625,27.666666666666668,65.79166666666667,5.225,221.625,0.0,962.275,chiang_rai,20.645833333333332,27.058333333333334,45.020833333333336,33.96666666666666,39.391666666666666,1,2,4
2024-04-18,39.391666666666666,60.60833333333333,498.0416666666667,3.8333333333333335,27.0125,68.58333333333333,4.566666666666666,271.3333333333333,1.8,961.7541666666666,chiang_rai,39.391666666666666,20.645833333333332,38.291666666666664,30.48452380952381,42.30416666666667,1,3,4
2024-04-19,42.30416666666667,67.4875,453.2083333333333,8.0,26.691666666666666,72.08333333333333,5.316666666666666,265.9166666666667,1.1,960.1333333333333,chiang_rai,42.30416666666667,39.391666666666666,29.079166666666666,30.64166666666667,27.016666666666666,0,4,4
2024-04-20,27.016666666666666,44.112500000000004,380.0416666666667,6.375,27.8875,66.83333333333333,5.241666666666666,244.0,0.0,959.4291666666667,chiang_rai,27.016666666666666,42.30416666666667,40.675000000000004,32.53095238095238,21.695833333333336,0,5,4
2024-04-21,21.695833333333336,36.50833333333333,349.8333333333333,11.916666666666666,28.77916666666667,53.375,6.0375000000000005,262.5833333333333,0.0,959.9916666666667,chiang_rai,21.695833333333336,27.016666666666666,29.4375,30.579761904761906,27.5125,0,6,4
2024-04-22,27.5125,45.25,366.7916666666667,10.166666666666666,28.833333333333332,50.625,6.220833333333334,272.6666666666667,0.0,960.0291666666667,chiang_rai,27.5125,21.695833333333336,28.204166666666666,29.473809523809525,27.883333333333336,0,0,4
2024-04-23,27.883333333333336,44.925000000000004,375.2083333333333,6.75,29.05,52.0,4.979166666666667,240.875,0.0,959.8958333333334,chiang_rai,27.883333333333336,27.5125,27.058333333333334,29.375,29.708333333333332,0,1,4
2024-04-24,29.708333333333332,46.425000000000004,415.0416666666667,2.375,28.695833333333336,64.20833333333333,5.216666666666667,258.125,0.5,960.8083333333334,chiang_rai,29.708333333333332,27.883333333333336,20.645833333333332,29.492857142857144,32.8125,0,2,4
2024-04-25,32.8125,51.79583333333333,383.6666666666667,3.7916666666666665,27.412499999999998,73.20833333333333,4.9624999999999995,263.5416666666667,3.2,961.6708333333332,chiang_rai,32.8125,29.708333333333332,39.391666666666666,30.787499999999998,29.308333333333334,0,3,4
2024-04-26,29.308333333333334,45.925000000000004,410.1666666666667,2.4166666666666665,28.095833333333335,67.20833333333333,5.945833333333333,275.5416666666667,0.2,960.8083333333334,chiang_rai,29.308333333333334,32.8125,42.30416666666667,29.847619047619048,33.99583333333333,0,4,4
2024-04-27,33.99583333333333,54.550000000000004,378.9166666666667,7.625,28.65833333333333,60.375,6.6000000000000005,277.2083333333333,0.0,960.1625,chiang_rai,33.99583333333333,29.308333333333334,27.016666666666666,27.991071428571427,29.28333333333333,0,5,4
2024-04-28,29.28333333333333,46.69166666666666,399.5833333333333,6.791666666666667,29.333333333333332,55.583333333333336,5.120833333333334,261.9583333333333,0.0,960.5583333333334,chiang_rai,29.28333333333333,33.99583333333333,21.695833333333336,28.988095238095237,30.941666666666666,0,6,4
2024-04-29,30.941666666666666,48.887499999999996,394.2916666666667,4.083333333333333,29.3,59.708333333333336,5.420833333333333,259.6666666666667,0.0,961.1791666666667,chiang_rai,30.941666666666666,29.28333333333333,27.5125,30.07202380952381,31.583333333333332,0,0,4
2024-04-30,31.583333333333332,49.32083333333333,413.6666666666667,3.75,29.47083333333333,56.75,5.183333333333334,275.25,0.0,958.8041666666667,chiang_rai,31.583333333333332,30.941666666666666,27.883333333333336,30.561904761904763,29.633333333333336,0,1,4
2024-05-01,29.633333333333336,45.550000000000004,394.0416666666667,3.9583333333333335,29.845833333333335,51.583333333333336,5.933333333333334,264.375,0.0,958.0749999999999,chiang_rai,29.633333333333336,31.583333333333332,29.708333333333332,31.09047619047619,45.87916666666666,1,2,5
2024-05-02,45.87916666666666,69.5625,412.5,2.75,29.75,55.416666666666664,4.6375,246.25,0.0,959.3249999999999,chiang_rai,45.87916666666666,29.633333333333336,32.8125,31.079761904761906,41.454166666666666,1,3,5
2024-05-03,41.454166666666666,63.020833333333336,373.5,2.0833333333333335,28.241666666666664,66.83333333333333,4.104166666666667,248.95833333333334,2.1,962.3041666666667,chiang_rai,41.454166666666666,45.87916666666666,29.308333333333334,32.94642857142857,31.133333333333336,0,4,5
2024-05-04,31.133333333333336,47.88333333333333,417.75,4.375,28.508333333333336,62.0,5.204166666666667,243.08333333333334,0.0,961.3416666666667,chiang_rai,31.133333333333336,41.454166666666666,33.99583333333333,34.68154761904761,29.041666666666668,0,5,5
2024-05-05,29.041666666666668,44.26666666666667,395.375,2.0,29.537499999999998,59.125,4.879166666666666,236.08333333333334,0.1,960.6791666666667,chiang_rai,29.041666666666668,31.133333333333336,29.28333333333333,34.272619047619045,33.925000000000004,0,6,5
2024-05-06,33.925000000000004,52.225,405.25,3.25,29.770833333333332,58.041666666666664,4.033333333333333,216.33333333333334,0.1,963.3375,chiang_rai,33.925000000000004,29.041666666666668,30.941666666666666,34.238095238095234,46.791666666666664,1,0,5
2024-05-07,46.791666666666664,70.14166666666667,451.5416666666667,2.1666666666666665,27.758333333333336,66.41666666666667,5.108333333333333,193.79166666666666,6.199999999999999,966.1458333333334,chiang_rai,46.791666666666664,33.925000000000004,31.583333333333332,34.66428571428572,49.5875,1,1,5
2024-05-08,49.5875,73.25416666666666,418.875,2.375,26.724999999999998,75.33333333333333,4.345833333333333,205.16666666666666,0.0,966.2125,chiang_rai,49.5875,46.791666666666664,29.633333333333336,36.83690476190476,30.25,0,2,5
2024-05-09,30.25,44.425000000000004,346.125,1.125,27.520833333333332,75.41666666666667,6.1375,215.79166666666666,22.9,964.8291666666668,chiang_rai,30.25,49.5875,45.87916666666666,39.6875,20.329166666666666,0,3,5
2024-05-10,20.329166666666666,29.625,307.0416666666667,0.5833333333333334,26.633333333333336,80.25,4.441666666666666,136.54166666666666,15.9,965.975,chiang_rai,20.329166666666666,30.25,41.454166666666666,37.4547619047619,19.849999999999998,0,4,5
2024-05-11,19.849999999999998,28.916666666666668,318.375,0.25,26.2,81.625,3.6875,220.04166666666666,10.5,966.6333333333333,chiang_rai,19.849999999999998,20.329166666666666,31.133333333333336,34.43690476190476,16.120833333333334,0,5,5
2024-05-12,16.120833333333334,23.483333333333334,329.3333333333333,0.25,27.254166666666666,77.70833333333333,4.566666666666666,233.41666666666666,4.8,965.7208333333333,chiang_rai,16.120833333333334,19.849999999999998,29.041666666666668,32.825,19.3625,0,6,5
2024-05-13,19.3625,28.670833333333334,340.3333333333333,1.4583333333333333,28.02916666666667,75.125,5.175,209.54166666666666,2.6,964.3166666666666,chiang_rai,19.3625,16.120833333333334,33.925000000000004,30.979166666666668,16.458333333333332,0,0,5
2024-05-14,16.458333333333332,24.270833333333332,308.375,0.7916666666666666,27.854166666666668,75.83333333333333,5.358333333333333,157.0,1.1,964.9958333333334,chiang_rai,16.458333333333332,19.3625,46.791666666666664,28.898809523809522,16.945833333333333,0,1,5
2024-05-15,16.945833333333333,24.579166666666666,331.625,0.2916666666666667,28.375,78.5,4.258333333333334,180.66666666666666,6.7,965.25,chiang_rai,16.945833333333333,16.458333333333332,49.5875,24.565476190476193,17.970833333333335,0,2,5
2024-05-16,17.970833333333335,26.037499999999998,341.5416666666667,0.6666666666666666,28.55,76.20833333333333,5.0,185.75,6.6,965.15,chiang_rai,17.970833333333335,16.945833333333333,30.25,19.902380952380952,15.6625,0,3,5
2024-05-17,15.6625,22.5125,336.2916666666667,0.0,27.47083333333333,81.83333333333333,5.533333333333334,212.75,21.1,964.15,chiang_rai,15.6625,17.970833333333335,20.329166666666666,18.148214285714285,14.066666666666668,0,4,5
2024-05-18,14.066666666666668,20.370833333333334,322.7916666666667,0.0,27.358333333333334,85.66666666666667,4.066666666666667,216.625,8.6,961.8625000000001,chiang_rai,14.066666666666668,15.6625,19.849999999999998,17.48154761904762,15.475,0,5,5
2024-05-19,15.475,22.633333333333336,299.3333333333333,0.25,28.545833333333334,77.20833333333333,5.5125,234.54166666666666,0.2,959.5916666666667,chiang_rai,15.475,14.066666666666668,16.120833333333334,16.655357142857145,23.270833333333332,0,6,5
2024-05-20,23.270833333333332,34.74166666666667,299.8333333333333,2.5,27.879166666666666,81.0,3.641666666666667,200.79166666666666,45.800000000000004,960.5416666666666,chiang_rai,23.270833333333332,15.475,19.3625,16.563095238095237,19.412499999999998,0,0,5
2024-05-21,19.412499999999998,27.84166666666667,333.5416666666667,0.625,25.912499999999998,84.70833333333333,3.9458333333333333,191.58333333333334,11.200000000000001,963.3375,chiang_rai,19.412499999999998,23.270833333333332,16.458333333333332,17.12142857142857,12.504166666666668,0,1,5
2024-05-22,12.504166666666668,17.974999999999998,290.875,0.25,25.758333333333336,83.45833333333333,4.695833333333334,102.83333333333333,10.600000000000001,963.8208333333333,chiang_rai,12.504166666666668,19.412499999999998,16.945833333333333,17.54345238095238,18.408333333333335,0,2,5
2024-05-23,18.408333333333335,26.391666666666666,325.625,0.25,25.770833333333332,84.25,5.208333333333333,125.58333333333333,7.9,963.1333333333333,chiang_rai,18.408333333333335,12.504166666666668,17.970833333333335,16.90892857142857,8.737499999999999,0,3,5
2024-05-24,8.737499999999999,12.512500000000001,227.16666666666666,0.0,24.670833333333334,90.95833333333333,3.1833333333333336,115.125,13.7,962.9083333333333,chiang_rai,8.737499999999999,18.408333333333335,15.6625,16.97142857142857,5.4750000000000005,0,4,5
2024-05-25,5.4750000000000005,7.833333333333333,174.5,0.0,24.704166666666666,91.04166666666667,6.854166666666667,164.04166666666666,30.0,963.0166666666668,chiang_rai,5.4750000000000005,8.737499999999999,14.066666666666668,15.982142857142858,5.1875,0,5,5
2024-05-26,5.1875,7.45,166.08333333333334,0.0,25.033333333333335,91.75,4.495833333333333,195.20833333333334,24.3,963.2416666666667,chiang_rai,5.1875,5.4750000000000005,15.475,14.754761904761905,5.291666666666667,0,6,5
2024-05-27,5.291666666666667,7.625,163.25,0.0,25.84583333333333,90.41666666666667,5.108333333333333,208.95833333333334,16.9,961.9250000000001,chiang_rai,5.291666666666667,5.1875,23.270833333333332,13.285119047619048,7.154166666666666,0,0,5
2024-05-28,7.154166666666666,10.3125,189.83333333333334,0.20833333333333334,26.912499999999998,84.95833333333333,5.454166666666667,204.66666666666666,9.9,961.1083333333332,chiang_rai,7.154166666666666,5.291666666666667,19.412499999999998,10.716666666666667,10.408333333333333,0,1,5
2024-05-29,10.408333333333333,15.0625,210.29166666666666,0.2916666666666667,27.258333333333336,83.70833333333333,6.3125,204.20833333333334,3.5999999999999996,960.3416666666667,chiang_rai,10.408333333333333,7.154166666666666,12.504166666666668,8.96547619047619,16.041666666666668,0,2,5
2024-05-30,16.041666666666668,25.40833333333333,236.625,4.708333333333333,28.666666666666668,78.25,4.058333333333334,246.70833333333334,0.0,959.8708333333334,chiang_rai,16.041666666666668,10.408333333333333,18.408333333333335,8.66607142857143,23.645833333333332,0,3,5
2024-05-31,23.645833333333332,39.71666666666667,268.2916666666667,10.541666666666666,29.004166666666666,76.20833333333333,4.345833333333333,228.54166666666666,11.6,960.0124999999999,chiang_rai,23.645833333333332,16.041666666666668,8.737499999999999,8.32797619047619,13.066666666666668,0,4,5
2024-06-01,13.066666666666668,19.7625,236.75,2.4583333333333335,25.537499999999998,91.875,4.929166666666666,155.25,33.3,963.4291666666667,chiang_rai,13.066666666666668,23.645833333333332,5.4750000000000005,10.457738095238096,6.95,0,5,6
2024-06-02,6.95,9.954166666666667,176.0,0.0,25.808333333333334,89.125,3.579166666666667,173.20833333333334,14.9,964.5666666666666,chiang_rai,6.95,13.066666666666668,5.1875,11.542261904761904,7.008333333333333,0,6,6
2024-06-03,7.008333333333333,9.979166666666666,176.70833333333334,0.0,25.808333333333334,88.91666666666667,4.641666666666667,207.375,4.4,962.8125,chiang_rai,7.008333333333333,6.95,5.291666666666667,11.794047619047618,10.4,0,0,6
2024-06-04,10.4,15.870833333333332,210.20833333333334,3.0,26.879166666666666,84.75,3.8666666666666667,198.04166666666666,5.9,961.9208333333332,chiang_rai,10.4,7.008333333333333,7.154166666666666,12.039285714285715,18.025000000000002,0,1,6
2024-06-05,18.025000000000002,26.95,244.75,4.625,27.1375,84.5,4.7250000000000005,197.79166666666666,8.1,962.1291666666666,chiang_rai,18.025000000000002,10.4,10.408333333333333,12.502976190476192,9.533333333333333,0,2,6
2024-06-06,9.533333333333333,13.816666666666668,194.08333333333334,1.0416666666666667,26.27916666666667,86.625,4.954166666666667,197.08333333333334,14.299999999999999,963.15,chiang_rai,9.533333333333333,18.025000000000002,16.041666666666668,13.591071428571428,8.016666666666667,0,3,6
2024-06-07,8.016666666666667,11.408333333333333,197.29166666666666,0.08333333333333333,25.787499999999998,87.875,3.9958333333333336,183.45833333333334,7.6000000000000005,961.5083333333333,chiang_rai,8.016666666666667,9.533333333333333,23.645833333333332,12.661309523809523,8.691666666666666,0,4,6
2024-06-08,8.691666666666666,12.408333333333333,228.20833333333334,0.4166666666666667,25.920833333333334,88.79166666666667,3.454166666666667,176.95833333333334,6.8,959.875,chiang_rai,8.691666666666666,8.016666666666667,13.066666666666668,10.428571428571429,9.083333333333334,0,5,6
2024-06-09,9.083333333333334,13.445833333333333,253.29166666666666,2.5416666666666665,26.316666666666666,87.41666666666667,4.020833333333333,205.875,21.5,959.6208333333334,chiang_rai,9.083333333333334,8.691666666666666,6.95,9.803571428571429,9.383333333333333,0,6,6
2024-06-10,9.383333333333333,13.450000000000001,218.83333333333334,1.0,25.45,91.16666666666667,3.8041666666666667,163.83333333333334,20.7,961.0500000000001,chiang_rai,9.383333333333333,9.083333333333334,7.008333333333333,10.108333333333334,8.879166666666666,0,0,6
2024-06-11,8.879166666666666,12.633333333333333,175.66666666666666,0.2916666666666667,25.287499999999998,90.25,4.966666666666667,174.04166666666666,15.6,962.1875,chiang_rai,8.879166666666666,9.383333333333333,10.4,10.447619047619048,6.1875,0,1,6
2024-06-12,6.1875,8.7875,166.45833333333334,0.0,25.970833333333335,86.29166666666667,6.133333333333333,190.95833333333334,1.8,963.3125,chiang_rai,6.1875,8.879166666666666,18.025000000000002,10.230357142857143,5.591666666666666,0,2,6
2024-06-13,5.591666666666666,7.970833333333334,171.0,0.0,26.620833333333334,80.54166666666667,6.545833333333333,212.08333333333334,0.9,962.3208333333333,chiang_rai,5.591666666666666,6.1875,9.533333333333333,8.539285714285715,5.616666666666667,0,3,6
2024-06-14,5.616666666666667,8.054166666666667,178.125,0.0,26.1875,83.79166666666667,6.370833333333334,206.375,1.5,960.75,chiang_rai,5.616666666666667,5.591666666666666,8.016666666666667,7.976190476190475,7.7,0,4,6
2024-06-15,7.7,11.095833333333333,199.875,0.5,26.833333333333332,84.45833333333333,4.791666666666667,209.08333333333334,1.5,960.3291666666668,chiang_rai,7.7,5.616666666666667,8.691666666666666,7.633333333333333,14.25,0,5,6
2024-06-16,14.25,21.545833333333334,238.25,3.1666666666666665,26.8875,85.70833333333333,4.245833333333334,211.41666666666666,0.9,961.2333333333332,chiang_rai,14.25,7.7,9.083333333333334,7.491666666666666,10.883333333333333,0,6,6
2024-06-17,10.883333333333333,15.862499999999999,224.5,1.2916666666666667,26.75,86.29166666666667,3.7541666666666664,226.875,4.5,961.0583333333334,chiang_rai,10.883333333333333,14.25,9.383333333333333,8.229761904761904,9.608333333333333,0,0,6
2024-06-18,9.608333333333333,13.866666666666667,221.91666666666666,1.2083333333333333,26.537499999999998,86.33333333333333,3.9125,191.0,8.2,960.475,chiang_rai,9.608333333333333,10.883333333333333,8.879166666666666,8.44404761904762,9.35,0,1,6
2024-06-19,9.35,13.741666666666667,210.41666666666666,1.875,26.8625,84.70833333333333,4.504166666666666,213.70833333333334,1.2,959.8416666666667,chiang_rai,9.35,9.608333333333333,6.1875,8.548214285714286,9.879166666666666,0,2,6
2024-06-20,9.879166666666666,14.079166666666666,193.20833333333334,0.4166666666666667,27.933333333333334,75.70833333333333,5.1375,223.875,0.8,959.4166666666666,chiang_rai,9.879166666666666,9.35,5.591666666666666,9.0,8.200000000000001,0,3,6
2024-06-21,8.200000000000001,11.7875,194.45833333333334,0.0,27.554166666666664,81.66666666666667,3.6166666666666667,225.20833333333334,1.3,959.125,chiang_rai,8.200000000000001,9.879166666666666,5.616666666666667,9.612499999999999,14.3375,0,4,6
2024-06-22,14.3375,20.791666666666668,217.29166666666666,0.4166666666666667,28.329166666666666,81.375,2.954166666666667,234.625,0.2,958.6916666666666,chiang_rai,14.3375,8.200000000000001,7.7,9.98154761904762,11.65,0,5,6
2024-06-23,11.65,16.595833333333335,200.66666666666666,0.0,27.295833333333334,85.29166666666667,3.8000000000000003,177.125,3.8,959.6374999999999,chiang_rai,11.65,14.3375,14.25,10.929761904761904,9.9125,0,6,6
2024-06-24,9.9125,14.058333333333332,200.625,0.0,26.758333333333336,85.875,3.641666666666667,203.5,5.6000000000000005,959.1958333333333,chiang_rai,9.9125,11.65,10.883333333333333,10.558333333333334,7.95,0,0,6
2024-06-25,7.95,11.2875,203.125,0.0,24.895833333333332,91.66666666666667,2.725,146.375,22.4,959.7958333333332,chiang_rai,7.95,9.9125,9.608333333333333,10.419642857142858,5.870833333333334,0,1,6
2024-06-26,5.870833333333334,8.316666666666666,160.125,0.0,25.03333333333333,89.91666666666667,4.075,198.29166666666666,36.5,961.8041666666667,chiang_rai,5.870833333333334,7.95,9.35,10.182738095238095,6.7749999999999995,0,2,6
2024-06-27,6.7749999999999995,9.658333333333333,166.16666666666666,0.0,25.804166666666664,87.45833333333333,3.85,164.625,9.0,963.7125,chiang_rai,6.7749999999999995,5.870833333333334,9.879166666666666,9.685714285714287,6.216666666666666,0,3,6
2024-06-28,6.216666666666666,8.895833333333334,169.75,0.0,26.695833333333336,86.54166666666667,3.7624999999999997,206.70833333333334,1.6,962.4791666666666,chiang_rai,6.216666666666666,6.7749999999999995,8.200000000000001,9.242261904761905,7.920833333333333,0,4,6
2024-06-29,7.920833333333333,11.2125,160.70833333333334,0.0,27.6375,80.54166666666667,5.445833333333333,191.41666666666666,7.8999999999999995,962.1791666666667,chiang_rai,7.920833333333333,6.216666666666666,14.3375,8.95892857142857,8.495833333333334,0,5,6
2024-06-30,8.495833333333334,12.054166666666667,173.875,0.4583333333333333,25.883333333333336,88.91666666666667,5.2250000000000005,188.375,9.0,963.0708333333333,chiang_rai,8.495833333333334,7.920833333333333,11.65,8.042261904761904,8.762500000000001,0,6,6
2024-07-01,8.762500000000001,12.941666666666668,176.20833333333334,1.7083333333333333,26.837500000000002,83.04166666666667,5.145833333333333,207.08333333333334,3.1,961.5916666666667,chiang_rai,8.762500000000001,8.495833333333334,9.9125,7.591666666666667,8.049999999999999,0,0,7
2024-07-02,8.049999999999999,12.016666666666666,170.29166666666666,1.5833333333333333,26.40416666666667,84.83333333333333,4.8999999999999995,207.16666666666666,2.4,960.8000000000001,chiang_rai,8.049999999999999,8.762500000000001,7.95,7.427380952380952,9.4625,0,1,7
2024-07-03,9.4625,13.845833333333333,173.29166666666666,1.5833333333333333,26.650000000000002,83.83333333333333,4.316666666666666,197.41666666666666,7.5,962.2291666666666,chiang_rai,9.4625,8.049999999999999,5.870833333333334,7.4416666666666655,7.358333333333333,0,2,7
2024-07-04,7.358333333333333,10.504166666666666,151.58333333333334,0.7083333333333334,25.395833333333332,89.41666666666667,3.1291666666666664,167.0,15.200000000000001,964.4125,chiang_rai,7.358333333333333,9.4625,6.7749999999999995,7.954761904761905,5.795833333333333,0,3,7
2024-07-05,5.795833333333333,8.254166666666666,168.08333333333334,0.0,25.508333333333336,88.08333333333333,3.216666666666667,209.41666666666666,6.0,962.4041666666667,chiang_rai,5.795833333333333,7.358333333333333,6.216666666666666,8.038095238095238,7.308333333333334,0,4,7
2024-07-06,7.308333333333334,10.4,169.83333333333334,0.041666666666666664,25.879166666666666,86.91666666666667,3.4166666666666665,174.29166666666666,2.5,961.6125000000001,chiang_rai,7.308333333333334,5.795833333333333,7.920833333333333,7.97797619047619,6.458333333333333,0,5,7
2024-07-07,6.458333333333333,9.129166666666666,163.625,0.0,26.7375,82.75,4.325,199.41666666666666,2.9,961.9458333333333,chiang_rai,6.458333333333333,7.308333333333334,8.495833333333334,7.890476190476191,6.095833333333334,0,6,7
2024-07-08,6.095833333333334,8.658333333333333,168.20833333333334,0.0,26.40416666666667,85.54166666666667,4.1499999999999995,191.125,7.800000000000001,962.1,chiang_rai,6.095833333333334,6.458333333333333,8.762500000000001,7.599404761904762,7.929166666666667,0,0,7
2024-07-09,7.929166666666667,11.304166666666667,178.58333333333334,0.4583333333333333,26.704166666666666,84.0,4.116666666666666,227.20833333333334,14.600000000000001,962.5833333333334,chiang_rai,7.929166666666667,6.095833333333334,8.049999999999999,7.218452380952381,12.383333333333333,0,1,7
2024-07-10,12.383333333333333,17.370833333333334,185.0,0.7916666666666666,26.641666666666666,85.20833333333333,4.0874999999999995,195.75,15.7,962.85,chiang_rai,12.383333333333333,7.929166666666667,9.4625,7.201190476190477,9.612499999999999,0,2,7
2024-07-11,9.612499999999999,13.483333333333334,194.125,0.5,25.941666666666666,87.70833333333333,4.066666666666666,206.91666666666666,8.4,961.4791666666666,chiang_rai,9.612499999999999,12.383333333333333,7.358333333333333,7.618452380952382,9.2125,0,3,7
2024-07-12,9.2125,12.924999999999999,179.08333333333334,0.25,25.879166666666666,88.70833333333333,3.4458333333333333,189.41666666666666,22.4,959.6999999999999,chiang_rai,9.2125,9.612499999999999,5.795833333333333,7.940476190476191,9.7125,0,4,7
2024-07-13,9.7125,13.6,173.33333333333334,0.7083333333333334,26.77916666666667,85.91666666666667,3.8333333333333335,168.25,5.0,958.0625,chiang_rai,9.7125,9.2125,7.308333333333334,8.428571428571429,8.3375,0,5,7
2024-07-14,8.3375,11.820833333333333,158.125,0.125,26.491666666666664,86.33333333333333,4.320833333333334,208.58333333333334,5.7,959.3000000000001,chiang_rai,8.3375,9.7125,6.458333333333333,8.77202380952381,4.883333333333334,0,6,7
2024-07-15,4.883333333333334,6.916666666666667,159.625,0.0,26.75,83.75,3.795833333333333,151.83333333333334,7.300000000000001,961.3416666666667,chiang_rai,4.883333333333334,8.3375,6.095833333333334,9.040476190476191,9.091666666666667,0,0,7
2024-07-16,9.091666666666667,13.049999999999999,197.125,0.0,27.2375,84.375,4.8125,160.5,13.8,960.35,chiang_rai,9.091666666666667,4.883333333333334,7.929166666666667,8.867261904761905,7.533333333333334,0,1,7
2024-07-17,7.533333333333334,10.8375,160.625,0.0,26.84166666666667,85.29166666666667,4.104166666666667,149.91666666666666,6.0,960.1166666666667,chiang_rai,7.533333333333334,9.091666666666667,12.383333333333333,9.033333333333333,6.433333333333334,0,2,7
2024-07-18,6.433333333333334,9.200000000000001,156.29166666666666,0.0,26.504166666666666,86.79166666666667,3.470833333333333,153.75,5.1,959.9333333333334,chiang_rai,6.433333333333334,7.533333333333334,9.612499999999999,8.34047619047619,6.429166666666667,0,3,7
2024-07-19,6.429166666666667,9.183333333333334,179.58333333333334,0.0,25.916666666666668,88.25,3.65,184.125,19.6,959.4416666666666,chiang_rai,6.429166666666667,6.433333333333334,9.2125,7.8863095238095235,7.145833333333333,0,4,7
2024-07-20,7.145833333333333,10.216666666666667,167.5,0.0,25.941666666666666,88.25,4.066666666666666,170.66666666666666,18.3,961.0666666666666,chiang_rai,7.145833333333333,6.429166666666667,9.7125,7.4886904761904765,5.283333333333333,0,5,7
2024-07-21,5.283333333333333,7.558333333333334,176.66666666666666,0.0,25.420833333333334,91.75,2.920833333333333,202.75,12.5,962.0666666666666,chiang_rai,5.283333333333333,7.145833333333333,8.3375,7.122023809523809,7.208333333333333,0,6,7
2024-07-22,7.208333333333333,10.304166666666667,190.20833333333334,0.0,25.870833333333334,89.20833333333333,3.4375,226.08333333333334,19.5,961.8208333333333,chiang_rai,7.208333333333333,5.283333333333333,4.883333333333334,6.685714285714285,7.216666666666666,0,0,7
2024-07-23,7.216666666666666,10.441666666666666,187.79166666666666,0.5416666666666666,26.8,83.625,5.204166666666667,238.41666666666666,0.8,959.2375000000001,chiang_rai,7.216666666666666,7.208333333333333,9.091666666666667,7.017857142857143,7.45,0,1,7
2024-07-24,7.45,10.816666666666668,183.20833333333334,1.0416666666666667,26.9375,82.04166666666667,5.766666666666667,216.08333333333334,8.3,956.1166666666667,chiang_rai,7.45,7.216666666666666,7.533333333333334,6.75,6.8625,0,2,7
2024-07-25,6.8625,9.762500000000001,178.45833333333334,0.0,26.34166666666667,86.91666666666667,5.866666666666667,194.58333333333334,3.8,955.7333333333332,chiang_rai,6.8625,7.45,6.433333333333334,6.738095238095238,5.5,0,3,7
2024-07-26,5.5,7.8875,176.04166666666666,0.16666666666666666,26.224999999999998,86.25,5.441666666666666,198.41666666666666,6.7,957.3625000000001,chiang_rai,5.5,6.8625,6.429166666666667,6.7994047619047615,6.520833333333333,0,4,7
2024-07-27,6.520833333333333,9.258333333333333,176.45833333333334,0.0,26.370833333333334,85.79166666666667,5.425,195.16666666666666,1.7,959.9875000000001,chiang_rai,6.520833333333333,5.5,7.145833333333333,6.666666666666667,6.745833333333334,0,5,7
2024-07-28,6.745833333333334,9.595833333333333,169.70833333333334,0.0,26.337500000000002,85.20833333333333,5.679166666666667,208.5,8.7,959.7833333333333,chiang_rai,6.745833333333334,6.520833333333333,5.283333333333333,6.577380952380952,6.9750000000000005,0,6,7
2024-07-29,6.9750000000000005,9.954166666666667,181.20833333333334,0.08333333333333333,25.854166666666668,88.70833333333333,5.208333333333333,192.125,22.7,959.3916666666668,chiang_rai,6.9750000000000005,6.745833333333334,7.208333333333333,6.786309523809524,6.241666666666667,0,0,7
2024-07-30,6.241666666666667,8.966666666666667,196.625,0.7083333333333334,24.724999999999998,93.70833333333333,6.583333333333333,194.79166666666666,17.2,960.475,chiang_rai,6.241666666666667,6.9750000000000005,7.216666666666666,6.75297619047619,4.979166666666667,0,1,7
2024-07-31,4.979166666666667,7.033333333333332,189.95833333333334,0.25,24.204166666666666,95.5,7.179166666666667,192.375,27.900000000000002,961.6583333333333,chiang_rai,4.979166666666667,6.241666666666667,7.45,6.6136904761904765,3.404166666666667,0,2,7
2024-08-01,3.404166666666667,4.8,184.95833333333334,0.0,24.03333333333333,94.45833333333333,6.958333333333333,195.33333333333334,29.8,962.8916666666668,chiang_rai,3.404166666666667,4.979166666666667,6.8625,6.260714285714286,4.033333333333333,0,3,8
2024-08-02,4.033333333333333,5.7375,198.625,0.0,24.1375,93.375,6.5625,188.66666666666666,25.3,962.7375000000001,chiang_rai,4.033333333333333,3.404166666666667,5.5,5.7666666666666675,6.3625,0,4,8
2024-08-03,6.3625,9.0625,183.79166666666666,0.4583333333333333,25.379166666666666,87.70833333333333,5.520833333333333,190.83333333333334,23.8,962.9625,chiang_rai,6.3625,4.033333333333333,6.520833333333333,5.557142857142858,8.408333333333333,0,5,8
2024-08-04,8.408333333333333,11.9375,191.0,0.375,25.133333333333336,88.91666666666667,4.795833333333333,186.41666666666666,10.0,963.3291666666668,chiang_rai,8.408333333333333,6.3625,6.745833333333334,5.53452380952381,8.895833333333334,0,6,8
2024-08-05,8.895833333333334,12.670833333333334,193.29166666666666,0.375,25.295833333333334,88.08333333333333,3.4625,183.20833333333334,10.7,963.0833333333334,chiang_rai,8.895833333333334,8.408333333333333,6.9750000000000005,5.77202380952381,6.929166666666667,0,0,8
2024-08-06,6.929166666666667,9.633333333333333,173.20833333333334,0.20833333333333334,24.8875,90.45833333333333,3.775,186.125,7.4,962.6374999999999,chiang_rai,6.929166666666667,8.895833333333334,6.241666666666667,6.046428571428572,7.5125,0,1,8
2024-08-07,7.5125,10.366666666666667,171.16666666666666,0.5,25.804166666666664,86.5,4.429166666666666,229.45833333333334,17.8,962.8874999999999,chiang_rai,7.5125,6.929166666666667,4.979166666666667,6.144642857142857,10.491666666666667,0,2,8
2024-08-08,10.491666666666667,14.533333333333333,197.04166666666666,0.6666666666666666,25.712500000000002,87.66666666666667,3.608333333333333,240.45833333333334,5.5,963.6958333333333,chiang_rai,10.491666666666667,7.5125,3.404166666666667,6.506547619047619,9.637500000000001,0,3,8
2024-08-09,9.637500000000001,13.5625,191.16666666666666,0.9583333333333334,27.583333333333332,77.375,3.5583333333333336,254.0,0.0,962.4375,chiang_rai,9.637500000000001,10.491666666666667,4.033333333333333,7.51904761904762,8.487499999999999,0,4,8
2024-08-10,8.487499999999999,12.3375,178.75,0.75,27.745833333333334,77.95833333333333,4.108333333333333,256.875,0.6,960.8083333333334,chiang_rai,8.487499999999999,9.637500000000001,6.3625,8.319642857142858,10.454166666666667,0,5,8
2024-08-11,10.454166666666667,15.125,188.0,1.2916666666666667,27.5,80.16666666666667,5.195833333333334,242.91666666666666,0.1,959.5958333333333,chiang_rai,10.454166666666667,8.487499999999999,8.408333333333333,8.623214285714285,12.625,0,6,8
2024-08-12,12.625,17.916666666666668,223.70833333333334,1.125,25.395833333333332,92.04166666666667,3.454166666666667,212.70833333333334,10.4,959.4250000000001,chiang_rai,12.625,10.454166666666667,8.895833333333334,8.915476190476191,9.354166666666666,0,0,8
2024-08-13,9.354166666666666,12.933333333333332,224.08333333333334,0.4166666666666667,24.84583333333333,93.83333333333333,2.575,182.25,59.6,960.7666666666668,chiang_rai,9.354166666666666,12.625,6.929166666666667,9.448214285714286,9.558333333333334,0,1,8
2024-08-14,9.558333333333334,13.325000000000001,220.5,0.08333333333333333,25.141666666666666,90.41666666666667,2.9958333333333336,188.20833333333334,16.6,962.1875,chiang_rai,9.558333333333334,9.354166666666666,7.5125,9.794642857142858,7.4875,0,2,8
2024-08-15,7.4875,10.558333333333334,188.66666666666666,0.041666666666666664,25.054166666666664,92.20833333333333,2.7541666666666664,198.16666666666666,6.1,961.8541666666666,chiang_rai,7.4875,9.558333333333334,10.491666666666667,10.086904761904762,6.2250000000000005,0,3,8
2024-08-16,6.2250000000000005,8.745833333333334,191.58333333333334,0.0,25.316666666666666,90.75,3.5541666666666667,198.04166666666666,21.900000000000002,961.5333333333333,chiang_rai,6.2250000000000005,7.4875,9.637500000000001,9.657738095238093,9.75,0,4,8
2024-08-17,9.75,13.695833333333333,202.79166666666666,0.0,25.84583333333333,89.0,3.1166666666666667,183.16666666666666,18.1,962.9250000000001,chiang_rai,9.75,6.2250000000000005,8.487499999999999,9.170238095238094,8.295833333333333,0,5,8
2024-08-18,8.295833333333333,11.725,187.5,0.0,25.375,91.125,2.7458333333333336,195.625,16.4,963.6374999999999,chiang_rai,8.295833333333333,9.75,10.454166666666667,9.350595238095238,7.254166666666666,0,6,8
2024-08-19,7.254166666666666,10.320833333333333,191.125,0.0,25.541666666666668,91.79166666666667,3.6125000000000003,200.375,17.1,962.8625000000001,chiang_rai,7.254166666666666,8.295833333333333,12.625,9.042261904761904,10.683333333333332,0,0,8
2024-08-20,10.683333333333332,15.320833333333333,216.29166666666666,0.0,25.129166666666666,90.41666666666667,4.179166666666666,220.95833333333334,18.1,963.4208333333332,chiang_rai,10.683333333333332,7.254166666666666,9.354166666666666,8.275,7.616666666666667,0,1,8
2024-08-21,7.616666666666667,10.795833333333334,215.125,0.0,24.775000000000002,94.08333333333333,4.1875,185.54166666666666,25.5,963.5749999999999,chiang_rai,7.616666666666667,10.683333333333332,9.558333333333334,8.464880952380952,6.075,0,2,8
2024-08-22,6.075,8.654166666666667,194.41666666666666,0.0,24.7375,92.75,3.625,226.29166666666666,24.5,963.9541666666668,chiang_rai,6.075,7.616666666666667,7.4875,8.187499999999998,6.633333333333333,0,3,8
2024-08-23,6.633333333333333,9.416666666666666,175.91666666666666,0.0,24.2625,92.08333333333333,3.4250000000000003,201.41666666666666,21.6,965.3791666666666,chiang_rai,6.633333333333333,6.075,6.2250000000000005,7.985714285714286,7.7625,0,4,8
2024-08-24,7.7625,11.174999999999999,162.5,0.0,24.02916666666667,92.66666666666667,2.6916666666666664,176.54166666666666,30.0,965.4499999999999,chiang_rai,7.7625,6.633333333333333,9.75,8.04404761904762,9.0,0,5,8
2024-08-25,9.0,12.895833333333334,181.20833333333334,0.0,24.870833333333334,90.08333333333333,3.9958333333333336,193.33333333333334,11.600000000000001,963.7083333333334,chiang_rai,9.0,7.7625,8.295833333333333,7.760119047619047,6.445833333333333,0,6,8
2024-08-26,6.445833333333333,9.158333333333333,176.79166666666666,0.0,25.666666666666668,87.125,3.654166666666667,211.625,1.8,962.8708333333334,chiang_rai,6.445833333333333,9.0,7.254166666666666,7.860714285714285,8.654166666666667,0,0,8
2024-08-27,8.654166666666667,12.216666666666667,189.75,0.0,24.625,92.45833333333333,3.275,197.25,15.0,963.3541666666666,chiang_rai,8.654166666666667,6.445833333333333,10.683333333333332,7.745238095238095,8.200000000000001,0,1,8
2024-08-28,8.200000000000001,11.5375,192.08333333333334,0.0,24.270833333333332,90.25,3.7083333333333335,162.95833333333334,23.5,962.5749999999999,chiang_rai,8.200000000000001,8.654166666666667,7.616666666666667,7.455357142857143,6.329166666666667,0,2,8
2024-08-29,6.329166666666667,8.95,188.25,0.0,25.166666666666668,87.54166666666667,3.5,154.25,8.4,962.3791666666666,chiang_rai,6.329166666666667,8.200000000000001,6.075,7.538690476190476,10.5375,0,3,8
2024-08-30,10.5375,15.125,210.125,0.0,25.766666666666666,87.45833333333333,3.5124999999999997,227.33333333333334,1.5,962.6666666666666,chiang_rai,10.5375,6.329166666666667,6.633333333333333,7.575,11.1625,0,4,8
2024-08-31,11.1625,15.987499999999999,208.125,0.0,25.891666666666666,87.0,3.591666666666667,222.58333333333334,5.1,962.9,chiang_rai,11.1625,10.5375,7.7625,8.132738095238095,7.0874999999999995,0,5,8
2024-09-01,7.0874999999999995,10.070833333333333,196.16666666666666,0.0,26.354166666666668,84.95833333333333,4.166666666666667,123.66666666666667,5.8,962.8958333333334,chiang_rai,7.0874999999999995,11.1625,9.0,8.618452380952382,8.683333333333334,0,6,9
2024-09-02,8.683333333333334,12.470833333333333,218.5,0.0,26.333333333333332,85.79166666666667,3.870833333333333,181.83333333333334,1.1,963.0958333333333,chiang_rai,8.683333333333334,7.0874999999999995,6.445833333333333,8.345238095238095,11.341666666666667,0,0,9
2024-09-03,11.341666666666667,16.375,212.04166666666666,0.0,25.754166666666666,84.91666666666667,2.983333333333333,232.75,3.8000000000000003,963.9458333333333,chiang_rai,11.341666666666667,8.683333333333334,8.654166666666667,8.664880952380953,12.65,0,1,9
2024-09-04,12.65,18.233333333333334,264.875,0.0,26.087500000000002,83.75,3.591666666666667,242.375,0.2,961.1875,chiang_rai,12.65,11.341666666666667,8.200000000000001,9.048809523809524,9.5875,0,2,9
2024-09-05,9.5875,13.783333333333333,229.91666666666666,0.0,26.925,83.04166666666667,2.879166666666667,227.0,0.7000000000000001,960.1125000000001,chiang_rai,9.5875,12.65,6.329166666666667,9.68452380952381,11.058333333333332,0,3,9
2024-09-06,11.058333333333332,15.862499999999999,280.9583333333333,0.0,27.087500000000002,83.5,3.2708333333333335,199.08333333333334,0.1,959.9499999999999,chiang_rai,11.058333333333332,9.5875,10.5375,10.15,12.887500000000001,0,4,9
2024-09-07,12.887500000000001,18.420833333333334,259.5,0.0,27.758333333333336,79.91666666666667,4.2875000000000005,251.375,0.0,959.4541666666668,chiang_rai,12.887500000000001,11.058333333333332,11.1625,10.224404761904761,12.108333333333334,0,5,9
2024-09-08,12.108333333333334,17.275000000000002,240.375,0.0,25.837500000000002,89.125,3.025,233.125,8.0,959.9416666666666,chiang_rai,12.108333333333334,12.887500000000001,7.0874999999999995,10.470833333333333,5.795833333333333,0,6,9
2024-09-09,5.795833333333333,8.262500000000001,217.83333333333334,0.0,25.141666666666666,94.83333333333333,5.8,204.45833333333334,32.8,959.1166666666667,chiang_rai,5.795833333333333,12.108333333333334,8.683333333333334,11.18809523809524,3.3000000000000003,0,0,9
2024-09-10,3.3000000000000003,4.654166666666667,179.58333333333334,0.0,23.941666666666666,95.875,10.608333333333333,174.29166666666666,108.7,958.9791666666666,chiang_rai,3.3000000000000003,5.795833333333333,11.341666666666667,10.775595238095239,4.75,0,1,9
2024-09-11,4.75,6.779166666666666,174.5,0.0,24.337500000000002,91.375,5.729166666666667,172.33333333333334,48.7,962.4458333333333,chiang_rai,4.75,3.3000000000000003,12.65,9.626785714285715,7.875,0,2,9
2024-09-12,7.875,11.262500000000001,189.625,0.20833333333333334,25.087500000000002,88.5,4.066666666666666,224.04166666666666,0.7,963.4916666666667,chiang_rai,7.875,4.75,9.5875,8.498214285714285,7.941666666666666,0,3,9
2024-09-13,7.941666666666666,11.325000000000001,212.08333333333334,0.0,25.25,88.16666666666667,2.9625,259.3333333333333,0.5,962.0749999999999,chiang_rai,7.941666666666666,7.875,11.058333333333332,8.253571428571428,9.362499999999999,0,4,9
2024-09-14,9.362499999999999,13.358333333333334,211.125,0.375,25.241666666666664,89.58333333333333,2.7541666666666664,219.33333333333334,22.4,960.6458333333334,chiang_rai,9.362499999999999,7.941666666666666,12.887500000000001,7.808333333333333,14.033333333333333,0,5,9
2024-09-15,14.033333333333333,20.141666666666666,233.04166666666666,0.5,25.96666666666667,85.58333333333333,3.4375,229.41666666666666,3.6,959.7958333333332,chiang_rai,14.033333333333333,9.362499999999999,12.108333333333334,7.304761904761905,14.112499999999999,0,6,9
2024-09-16,14.112499999999999,20.183333333333334,259.375,0.4583333333333333,26.162499999999998,85.29166666666667,3.5666666666666664,249.0,7.5,960.4791666666666,chiang_rai,14.112499999999999,14.033333333333333,5.795833333333333,7.579761904761904,14.620833333333332,0,0,9
2024-09-17,14.620833333333332,20.845833333333335,277.0833333333333,0.0,26.558333333333334,85.41666666666667,5.345833333333334,216.04166666666666,4.8,960.775,chiang_rai,14.620833333333332,14.112499999999999,3.3000000000000003,8.767857142857142,10.004166666666666,0,1,9
2024-09-18,10.004166666666666,14.495833333333332,273.375,0.0,26.366666666666664,84.70833333333333,5.8625,218.625,15.299999999999999,960.3958333333334,chiang_rai,10.004166666666666,14.620833333333332,4.75,10.385119047619046,12.120833333333332,0,2,9
2024-09-19,12.120833333333332,17.625,304.5,0.0,26.916666666666668,82.08333333333333,4.491666666666666,200.125,0.3,959.475,chiang_rai,12.120833333333332,10.004166666666666,7.875,11.135714285714284,12.908333333333333,0,3,9
2024-09-20,12.908333333333333,18.720833333333335,343.5416666666667,0.0,25.9375,85.20833333333333,3.3791666666666664,246.83333333333334,0.39999999999999997,959.2291666666666,chiang_rai,12.908333333333333,12.120833333333332,7.941666666666666,11.742261904761904,17.075,0,4,9
2024-09-21,17.075,24.72083333333333,335.7083333333333,0.0,26.366666666666664,85.79166666666667,6.0625,202.58333333333334,11.600000000000001,959.9916666666667,chiang_rai,17.075,12.908333333333333,9.362499999999999,12.451785714285714,11.924999999999999,0,5,9
2024-09-22,11.924999999999999,17.1125,270.5416666666667,0.0,25.25,90.29166666666667,4.341666666666667,211.25,20.099999999999998,961.3249999999999,chiang_rai,11.924999999999999,17.075,14.033333333333333,13.553571428571429,7.6875,0,6,9
2024-09-23,7.6875,10.983333333333334,247.20833333333334,0.0,24.691666666666666,91.75,3.6166666666666667,219.75,25.5,963.9916666666667,chiang_rai,7.6875,11.924999999999999,14.112499999999999,13.252380952380951,8.129166666666666,0,0,9
2024-09-24,8.129166666666666,11.608333333333334,255.91666666666666,0.0,24.358333333333334,88.91666666666667,3.4916666666666667,213.75,13.3,965.4875000000001,chiang_rai,8.129166666666666,7.6875,14.620833333333332,12.334523809523807,9.741666666666667,0,1,9
2024-09-25,9.741666666666667,13.916666666666666,254.45833333333334,0.0,24.8625,86.41666666666667,3.908333333333333,162.0,1.9,966.2291666666666,chiang_rai,9.741666666666667,8.129166666666666,10.004166666666666,11.407142857142857,9.950000000000001,0,2,9
2024-09-26,9.950000000000001,14.174999999999999,214.58333333333334,0.0,25.099999999999998,87.25,4.5625,155.625,0.30000000000000004,966.5875,chiang_rai,9.950000000000001,9.741666666666667,12.120833333333332,11.369642857142859,8.674999999999999,0,3,9
2024-09-27,8.674999999999999,12.387500000000001,205.66666666666666,0.0,25.59166666666667,85.75,3.1166666666666667,243.5,0.6,966.1416666666668,chiang_rai,8.674999999999999,9.950000000000001,12.908333333333333,11.05952380952381,10.299999999999999,0,4,9
2024-09-28,10.299999999999999,14.670833333333334,240.83333333333334,0.0,26.474999999999998,85.29166666666667,3.858333333333333,237.54166666666666,0.4,964.6999999999999,chiang_rai,10.299999999999999,8.674999999999999,17.075,10.454761904761906,12.941666666666668,0,5,9
2024-09-29,12.941666666666668,18.433333333333334,243.20833333333334,0.0,26.075,88.20833333333333,4.5125,230.33333333333334,8.799999999999999,963.5083333333333,chiang_rai,12.941666666666668,10.299999999999999,11.924999999999999,9.486904761904762,14.904166666666667,0,6,9
2024-09-30,14.904166666666667,21.241666666666667,273.25,0.0,26.808333333333334,85.875,3.5416666666666665,228.79166666666666,9.899999999999999,961.9041666666667,chiang_rai,14.904166666666667,12.941666666666668,7.6875,9.632142857142856,8.620833333333334,0,0,9
2024-10-01,8.620833333333334,12.229166666666666,206.08333333333334,0.0,23.8625,94.91666666666667,3.7624999999999997,124.625,80.8,962.6041666666666,chiang_rai,8.620833333333334,14.904166666666667,8.129166666666666,10.663095238095238,6.925,0,1,10
2024-10-02,6.925,9.825000000000001,214.5,0.0,23.59166666666667,91.79166666666667,5.233333333333333,90.66666666666667,48.1,966.0291666666667,chiang_rai,6.925,8.620833333333334,9.741666666666667,10.733333333333334,8.016666666666667,0,2,10
2024-10-03,8.016666666666667,11.450000000000001,232.54166666666666,0.0,23.27916666666667,93.54166666666667,3.829166666666667,145.95833333333334,24.7,967.0416666666666,chiang_rai,8.016666666666667,6.925,9.950000000000001,10.33095238095238,12.862499999999999,0,3,10
2024-10-04,12.862499999999999,18.420833333333334,252.375,0.0,24.195833333333336,88.20833333333333,3.9375,182.91666666666666,0.9,967.875,chiang_rai,12.862499999999999,8.016666666666667,8.674999999999999,10.054761904761904,12.683333333333332,0,4,10
2024-10-05,12.683333333333332,18.204166666666666,277.2083333333333,0.0,25.016666666666666,84.625,3.108333333333333,204.58333333333334,0.1,967.4041666666667,chiang_rai,12.683333333333332,12.862499999999999,10.299999999999999,10.65297619047619,12.545833333333334,0,5,10
2024-10-06,12.545833333333334,17.979166666666668,286.75,0.0,25.195833333333336,83.33333333333333,4.558333333333334,207.83333333333334,1.1,968.0208333333334,chiang_rai,12.545833333333334,12.683333333333332,12.941666666666668,10.99345238095238,11.887500000000001,0,6,10
2024-10-07,11.887500000000001,17.045833333333334,336.25,0.0,24.991666666666664,83.75,4.0,220.625,0.9,968.9125,chiang_rai,11.887500000000001,12.545833333333334,14.904166666666667,10.936904761904762,13.470833333333333,0,0,10
2024-10-08,13.470833333333333,19.3,383.4166666666667,0.0,24.95,80.875,3.566666666666667,209.91666666666666,0.30000000000000004,968.3791666666666,chiang_rai,13.470833333333333,11.887500000000001,8.620833333333334,10.505952380952381,14.737499999999999,0,1,10
2024-10-09,14.737499999999999,21.233333333333334,292.0,0.0,25.445833333333336,80.75,2.966666666666667,194.08333333333334,0.6000000000000001,967.1875,chiang_rai,14.737499999999999,13.470833333333333,6.925,11.198809523809524,13.4625,0,2,10
2024-10-10,13.4625,19.4375,303.75,0.0,24.4875,88.83333333333333,2.6750000000000003,191.33333333333334,1.9000000000000001,967.0541666666667,chiang_rai,13.4625,14.737499999999999,8.016666666666667,12.314880952380951,13.9,0,3,10
2024-10-11,13.9,20.0625,335.5,0.0,24.52916666666667,87.91666666666667,3.0416666666666665,244.20833333333334,4.3,966.7416666666667,chiang_rai,13.9,13.4625,12.862499999999999,13.092857142857143,19.566666666666666,0,4,10
2024-10-12,19.566666666666666,28.275000000000002,383.625,0.0,24.820833333333336,86.25,3.0083333333333333,231.20833333333334,2.3,967.2916666666666,chiang_rai,19.566666666666666,13.9,12.683333333333332,13.241071428571429,18.4375,0,5,10
2024-10-13,18.4375,26.8125,378.7916666666667,0.0,25.59583333333333,80.75,3.529166666666667,232.625,0.0,967.1958333333333,chiang_rai,18.4375,19.566666666666666,12.545833333333334,14.224404761904761,9.7125,0,6,10
2024-10-14,9.7125,14.079166666666666,320.5,0.0,25.400000000000002,83.95833333333333,3.4416666666666664,232.66666666666666,1.7,966.4499999999999,chiang_rai,9.7125,18.4375,11.887500000000001,15.06607142857143,12.262500000000001,0,0,10
2024-10-15,12.262500000000001,17.766666666666666,324.75,0.0,25.295833333333334,84.91666666666667,3.0833333333333335,245.75,2.2,966.5833333333334,chiang_rai,12.262500000000001,9.7125,13.470833333333333,14.755357142857141,13.1,0,1,10
2024-10-16,13.1,18.962500000000002,305.0,0.0,25.079166666666666,87.33333333333333,3.2291666666666665,267.5,2.1,966.9625,chiang_rai,13.1,12.262500000000001,14.737499999999999,14.582738095238096,8.075000000000001,0,2,10
2024-10-17,8.075000000000001,11.633333333333333,272.9166666666667,0.0,24.808333333333334,88.79166666666667,3.858333333333333,207.91666666666666,22.4,966.7291666666666,chiang_rai,8.075000000000001,13.1,13.4625,14.348809523809523,14.141666666666666,0,3,10
2024-10-18,14.141666666666666,20.279166666666665,350.1666666666667,0.0,25.329166666666666,87.75,2.8541666666666665,242.08333333333334,6.0,966.0124999999999,chiang_rai,14.141666666666666,8.075000000000001,13.9,13.579166666666666,11.75,0,4,10
2024-10-19,11.75,16.875,295.8333333333333,0.0,25.566666666666666,86.0,3.2416666666666667,211.75,1.9000000000000001,966.8666666666667,chiang_rai,11.75,14.141666666666666,19.566666666666666,13.613690476190476,7.341666666666668,0,5,10
2024-10-20,7.341666666666668,10.604166666666666,226.70833333333334,0.0,24.349999999999998,89.91666666666667,4.575,159.08333333333334,26.2,968.8583333333332,chiang_rai,7.341666666666668,11.75,18.4375,12.497023809523808,8.0375,0,6,10
2024-10-21,8.0375,11.875,187.41666666666666,0.0,24.708333333333332,85.79166666666667,3.7624999999999997,208.83333333333334,1.3,968.525,chiang_rai,8.0375,7.341666666666668,9.7125,10.911904761904761,7.595833333333334,0,0,10
2024-10-22,7.595833333333334,10.941666666666668,214.79166666666666,0.0,24.795833333333334,85.875,5.066666666666666,209.79166666666666,4.7,967.9666666666667,chiang_rai,7.595833333333334,8.0375,12.262500000000001,10.67261904761905,8.158333333333333,0,1,10
2024-10-23,8.158333333333333,11.770833333333334,273.625,0.0,24.541666666666668,85.5,4.0249999999999995,224.625,18.900000000000002,968.65,chiang_rai,8.158333333333333,7.595833333333334,13.1,10.005952380952381,14.616666666666667,0,2,10
2024-10-24,14.616666666666667,21.0625,355.25,0.0,24.72083333333333,82.25,2.7916666666666665,214.16666666666666,0.0,967.0875,chiang_rai,14.616666666666667,8.158333333333333,8.075000000000001,9.299999999999999,13.0375,0,3,10
2024-10-25,13.0375,18.783333333333335,393.2083333333333,0.0,25.3875,83.33333333333333,2.920833333333333,221.70833333333334,0.0,965.1791666666667,chiang_rai,13.0375,14.616666666666667,14.141666666666666,10.23452380952381,13.683333333333332,0,4,10
2024-10-26,13.683333333333332,20.070833333333333,439.25,0.0,26.141666666666666,79.54166666666667,4.2875000000000005,202.0,0.0,963.1666666666666,chiang_rai,13.683333333333332,13.0375,11.75,10.076785714285714,11.104166666666666,0,5,10
2024-10-27,11.104166666666666,16.125,411.6666666666667,0.25,26.15833333333333,81.20833333333333,4.7250000000000005,232.58333333333334,0.0,962.1999999999999,chiang_rai,11.104166666666666,13.683333333333332,7.341666666666668,10.35297619047619,11.904166666666667,0,6,10
2024-10-28,11.904166666666667,17.2,390.7083333333333,0.0,24.808333333333334,76.33333333333333,5.770833333333333,219.04166666666666,0.0,963.2041666666668,chiang_rai,11.904166666666667,11.104166666666666,8.0375,10.890476190476189,9.6625,0,0,10
2024-10-29,9.6625,14.020833333333334,400.625,0.0,24.604166666666668,71.41666666666667,4.020833333333333,193.58333333333334,0.0,964.4916666666667,chiang_rai,9.6625,11.904166666666667,7.595833333333334,11.442857142857141,10.629166666666666,0,1,10
2024-10-30,10.629166666666666,15.295833333333334,443.75,0.0,24.75,76.08333333333333,2.6916666666666664,236.5,0.0,965.7916666666666,chiang_rai,10.629166666666666,9.6625,8.158333333333333,11.738095238095239,12.479166666666666,0,2,10
2024-10-31,12.479166666666666,18.037499999999998,418.6666666666667,0.25,25.25,78.29166666666667,2.7458333333333336,232.83333333333334,0.0,965.3666666666667,chiang_rai,12.479166666666666,10.629166666666666,14.616666666666667,12.091071428571428,9.545833333333333,0,3,10
2024-11-01,9.545833333333333,13.908333333333333,479.125,0.25,25.5,79.125,2.966666666666667,197.41666666666666,0.0,966.25,chiang_rai,9.545833333333333,12.479166666666666,13.0375,11.785714285714286,11.387500000000001,0,4,11
2024-11-02,11.387500000000001,16.720833333333335,410.5,0.0,24.766666666666666,78.79166666666667,4.5249999999999995,189.83333333333334,14.700000000000001,968.5583333333334,chiang_rai,11.387500000000001,9.545833333333333,13.683333333333332,11.286904761904761,9.245833333333334,0,5,11
2024-11-03,9.245833333333334,13.575000000000001,397.375,0.0,22.866666666666664,68.41666666666667,5.054166666666666,230.625,0.0,968.9958333333334,chiang_rai,9.245833333333334,11.387500000000001,11.104166666666666,10.95892857142857,9.291666666666666,0,6,11
2024-11-04,9.291666666666666,13.608333333333334,396.75,0.0,22.983333333333334,68.66666666666667,6.3374999999999995,185.5,0.0,969.1333333333333,chiang_rai,9.291666666666666,9.245833333333334,11.904166666666667,10.693452380952381,14.2125,0,0,11
2024-11-05,14.2125,21.075,365.2083333333333,0.0,23.608333333333334,75.54166666666667,7.245833333333334,148.0,13.8,970.7083333333334,chiang_rai,14.2125,9.291666666666666,9.6625,10.320238095238096,12.166666666666666,0,1,11
2024-11-06,12.166666666666666,17.525,357.2083333333333,0.0,22.375,82.58333333333333,6.720833333333334,222.20833333333334,12.1,971.2291666666666,chiang_rai,12.166666666666666,14.2125,10.629166666666666,10.970238095238097,17.8125,0,2,11
2024-11-07,17.8125,25.995833333333334,474.4166666666667,0.0,21.641666666666666,89.83333333333333,3.8125,103.08333333333333,9.6,970.8166666666666,chiang_rai,17.8125,12.166666666666666,12.479166666666666,11.189880952380951,18.5,0,3,11
2024-11-08,18.5,26.883333333333336,616.4166666666666,0.0,20.795833333333334,91.33333333333333,4.1125,243.29166666666666,9.0,970.9583333333334,chiang_rai,18.5,17.8125,9.545833333333333,11.951785714285714,19.462500000000002,0,4,11
2024-11-09,19.462500000000002,28.445833333333336,598.5,0.0,21.916666666666668,84.29166666666667,4.954166666666667,215.54166666666666,0.0,969.7958333333332,chiang_rai,19.462500000000002,18.5,11.387500000000001,13.230952380952383,17.9375,0,5,11
2024-11-10,17.9375,26.254166666666666,478.0833333333333,0.0,22.775000000000002,82.16666666666667,4.141666666666667,214.70833333333334,0.0,968.8874999999999,chiang_rai,17.9375,19.462500000000002,9.245833333333334,14.38452380952381,14.904166666666667,0,6,11
2024-11-11,14.904166666666667,21.84166666666667,482.875,0.0,23.1375,80.75,3.3625000000000003,227.875,0.0,967.9958333333334,chiang_rai,14.904166666666667,17.9375,9.291666666666666,15.626190476190475,16.916666666666668,0,0,11
2024-11-12,16.916666666666668,22.45,548.7083333333334,0.0,23.7625,81.20833333333333,3.0749999999999997,244.0,0.0,966.9458333333333,chiang_rai,16.916666666666668,14.904166666666667,14.2125,16.42797619047619,18.554166666666667,0,1,11
2024-11-13,18.554166666666667,18.70416666666667,465.5,0.0,24.40416666666667,84.20833333333333,2.4166666666666665,249.83333333333334,0.5,965.9916666666667,chiang_rai,18.554166666666667,16.916666666666668,12.166666666666666,16.814285714285713,9.158333333333333,0,2,11
2024-11-14,9.158333333333333,9.25,389.9583333333333,0.0,24.59166666666667,83.16666666666667,3.408333333333333,209.875,0.2,966.1333333333333,chiang_rai,9.158333333333333,18.554166666666667,17.8125,17.726785714285715,7.991666666666667,0,3,11
2024-11-15,7.991666666666667,8.0875,376.9166666666667,0.0,23.183333333333334,78.125,3.766666666666667,224.41666666666666,0.0,965.6750000000001,chiang_rai,7.991666666666667,9.158333333333333,18.5,16.490476190476194,7.979166666666667,0,4,11
2024-11-16,7.979166666666667,8.091666666666667,356.6666666666667,0.0,22.008333333333336,74.25,4.304166666666666,214.79166666666666,0.0,965.9166666666666,chiang_rai,7.979166666666667,7.991666666666667,19.462500000000002,14.989285714285714,7.729166666666667,0,5,11
2024-11-17,7.729166666666667,7.883333333333333,369.7083333333333,0.0,22.616666666666664,74.625,4.7875000000000005,208.20833333333334,0.0,966.7208333333333,chiang_rai,7.729166666666667,7.979166666666667,17.9375,13.348809523809525,9.404166666666667,0,6,11
2024-11-18,9.404166666666667,9.504166666666666,390.7916666666667,0.0,23.558333333333334,78.25,3.029166666666667,198.54166666666666,0.30000000000000004,968.6833333333334,chiang_rai,9.404166666666667,7.729166666666667,14.904166666666667,11.890476190476193,17.308333333333334,0,0,11
2024-11-19,17.308333333333334,17.433333333333334,385.125,0.0,23.070833333333336,79.20833333333333,3.470833333333333,198.25,0.0,969.5375,chiang_rai,17.308333333333334,9.404166666666667,16.916666666666668,11.104761904761904,14.854166666666666,0,1,11
2024-11-20,14.854166666666666,14.920833333333334,505.5,0.0,23.079166666666666,78.79166666666667,2.0791666666666666,211.70833333333334,0.4,969.1416666666668,chiang_rai,14.854166666666666,17.308333333333334,18.554166666666667,11.160714285714286,14.766666666666666,0,2,11
2024-11-21,14.766666666666666,14.8375,486.9583333333333,0.0,22.108333333333334,84.16666666666667,3.3208333333333333,209.41666666666666,1.7000000000000002,968.9833333333332,chiang_rai,14.766666666666666,14.854166666666666,9.158333333333333,10.632142857142856,17.983333333333334,0,3,11
2024-11-22,17.983333333333334,18.045833333333334,441.25,0.0,22.170833333333334,81.125,4.558333333333333,228.54166666666666,2.4000000000000004,969.0916666666667,chiang_rai,17.983333333333334,14.766666666666666,7.991666666666667,11.433333333333334,13.879166666666668,0,4,11
2024-11-23,13.879166666666668,13.954166666666666,482.0416666666667,0.0,22.3,80.25,3.025,236.08333333333334,0.2,969.5583333333334,chiang_rai,13.879166666666668,17.983333333333334,7.979166666666667,12.860714285714284,16.875,0,5,11
2024-11-24,16.875,17.045833333333334,515.4166666666666,0.0,22.866666666666664,79.54166666666667,3.0666666666666664,236.625,0.1,969.1708333333332,chiang_rai,16.875,13.879166666666668,7.729166666666667,13.703571428571427,15.645833333333334,0,6,11
2024-11-25,15.645833333333334,15.879166666666668,503.0,0.20833333333333334,23.34166666666667,78.33333333333333,2.5166666666666666,215.91666666666666,0.5,968.6416666666668,chiang_rai,15.645833333333334,16.875,9.404166666666667,15.010119047619046,12.908333333333333,0,0,11
2024-11-26,12.908333333333333,13.141666666666666,436.0,0.2916666666666667,23.195833333333336,81.91666666666667,3.35,235.08333333333334,0.4,968.7916666666666,chiang_rai,12.908333333333333,15.645833333333334,17.308333333333334,15.901785714285714,10.112499999999999,0,1,11
2024-11-27,10.112499999999999,10.333333333333334,402.1666666666667,0.0,22.308333333333334,86.625,4.904166666666667,181.16666666666666,26.9,969.4041666666667,chiang_rai,10.112499999999999,12.908333333333333,14.854166666666666,15.273214285714285,12.545833333333334,0,2,11
2024-11-28,12.545833333333334,12.654166666666667,423.9166666666667,0.0,22.099999999999998,85.33333333333333,5.0,221.66666666666666,12.2,971.1958333333333,chiang_rai,12.545833333333334,10.112499999999999,14.766666666666666,14.595833333333333,17.825,0,3,11
2024-11-29,17.825,17.9875,389.9166666666667,0.0,21.291666666666668,72.58333333333333,7.420833333333333,149.20833333333334,0.4,971.7166666666667,chiang_rai,17.825,12.545833333333334,17.983333333333334,14.278571428571428,11.6,0,4,11
2024-11-30,11.6,11.716666666666667,401.4166666666667,0.0,21.070833333333333,74.5,3.6208333333333336,216.0,0.0,968.7208333333333,chiang_rai,11.6,17.825,13.879166666666668,14.255952380952381,16.075,0,5,11
2024-12-01,16.075,16.345833333333335,402.75,0.2916666666666667,21.59166666666667,76.91666666666667,3.3249999999999997,235.79166666666666,0.0,966.2375000000001,chiang_rai,16.075,11.6,16.875,13.930357142857144,16.837500000000002,0,6,12
2024-12-02,16.837500000000002,17.145833333333332,425.5833333333333,0.5,22.883333333333336,79.95833333333333,3.204166666666667,228.20833333333334,0.0,965.9833333333332,chiang_rai,16.837500000000002,16.075,15.645833333333334,13.816071428571428,13.133333333333333,0,0,12
2024-12-03,13.133333333333333,13.35,425.2916666666667,0.0,23.875,76.875,3.841666666666667,232.54166666666666,0.0,966.3583333333332,chiang_rai,13.133333333333333,16.837500000000002,12.908333333333333,13.986309523809524,15.387500000000001,0,1,12
2024-12-04,15.387500000000001,15.637500000000001,415.9583333333333,0.0,24.308333333333334,79.125,3.079166666666667,236.04166666666666,0.1,966.0416666666666,chiang_rai,15.387500000000001,13.133333333333333,10.112499999999999,14.01845238095238,22.5125,0,2,12
2024-12-05,22.5125,22.712500000000002,456.2083333333333,0.0,23.729166666666668,85.83333333333333,3.408333333333333,233.58333333333334,2.2,966.0749999999999,chiang_rai,22.5125,15.387500000000001,12.545833333333334,14.77202380952381,16.829166666666666,0,3,12
2024-12-06,16.829166666666666,16.983333333333334,487.7916666666667,0.0,23.75,82.5,4.004166666666666,186.66666666666666,2.8000000000000003,965.6416666666668,chiang_rai,16.829166666666666,22.5125,17.825,16.195833333333333,18.091666666666665,0,4,12
2024-12-07,18.091666666666665,18.295833333333334,497.3333333333333,0.0,23.808333333333334,79.08333333333333,2.9166666666666665,247.95833333333334,0.30000000000000004,967.2583333333333,chiang_rai,18.091666666666665,16.829166666666666,11.6,16.053571428571427,16.404166666666665,0,5,12
2024-12-08,16.404166666666665,16.670833333333334,425.5,0.0,23.820833333333336,78.54166666666667,4.133333333333334,246.16666666666666,0.0,968.4250000000001,chiang_rai,16.404166666666665,18.091666666666665,16.075,16.98095238095238,19.195833333333333,0,6,12
2024-12-09,19.195833333333333,19.366666666666667,518.2916666666666,0.0,23.683333333333334,77.95833333333333,3.9791666666666665,242.5,1.1,967.7624999999999,chiang_rai,19.195833333333333,16.404166666666665,16.837500000000002,17.02797619047619,17.1375,0,0,12
2024-12-10,17.1375,17.1875,451.4583333333333,0.0,23.183333333333334,81.91666666666667,2.8333333333333335,247.875,1.0,966.2666666666668,chiang_rai,17.1375,19.195833333333333,13.133333333333333,17.36488095238095,18.337500000000002,0,1,12
2024-12-11,18.337500000000002,18.554166666666667,387.0416666666667,0.0,22.90416666666667,76.25,3.658333333333333,205.625,0.0,966.6833333333334,chiang_rai,18.337500000000002,17.1375,15.387500000000001,17.936904761904763,17.854166666666668,0,2,12
2024-12-12,17.854166666666668,18.208333333333332,403.125,0.4166666666666667,21.7625,76.08333333333333,3.1166666666666667,244.66666666666666,0.0,966.6625,chiang_rai,17.854166666666668,18.337500000000002,22.5125,18.35833333333333,10.525,0,3,12
2024-12-13,10.525,10.616666666666667,424.3333333333333,0.0,22.545833333333334,74.79166666666667,3.154166666666667,199.41666666666666,0.0,967.7416666666667,chiang_rai,10.525,17.854166666666668,16.829166666666666,17.692857142857143,17.1125,0,4,12
2024-12-14,17.1125,17.145833333333332,481.625,0.0,23.008333333333336,83.625,3.045833333333333,182.875,2.1999999999999997,970.0916666666667,chiang_rai,17.1125,10.525,18.091666666666665,16.792261904761904,17.166666666666668,0,5,12
2024-12-15,17.166666666666668,17.233333333333334,414.5416666666667,0.0,19.1875,84.54166666666667,8.145833333333334,110.91666666666667,7.2,972.9458333333333,chiang_rai,17.166666666666668,17.1125,16.404166666666665,16.652380952380952,16.229166666666668,0,6,12
2024-12-16,16.229166666666668,16.316666666666666,435.5,0.0,18.683333333333334,80.66666666666667,6.495833333333334,151.625,0.0,972.9166666666666,chiang_rai,16.229166666666668,17.166666666666668,19.195833333333333,16.761309523809523,13.883333333333333,0,0,12
2024-12-17,13.883333333333333,13.916666666666666,444.625,0.0,19.175,81.20833333333333,2.954166666666667,200.375,0.0,970.3333333333334,chiang_rai,13.883333333333333,16.229166666666668,17.1375,16.337500000000002,13.1625,0,1,12
2024-12-18,13.1625,13.170833333333334,462.25,0.0,20.429166666666667,81.5,2.908333333333333,202.875,0.1,969.6916666666666,chiang_rai,13.1625,13.883333333333333,18.337500000000002,15.872619047619049,18.279166666666665,0,2,12
2024-12-19,18.279166666666665,18.329166666666666,449.0416666666667,0.0,20.908333333333335,80.29166666666667,3.4375,169.70833333333334,0.2,970.2125,chiang_rai,18.279166666666665,13.1625,17.854166666666668,15.133333333333335,18.45,0,3,12
2024-12-20,18.45,18.504166666666666,471.6666666666667,0.0,20.745833333333334,74.41666666666667,2.720833333333333,217.0,0.0,968.8708333333334,chiang_rai,18.45,18.279166666666665,10.525,15.19404761904762,20.070833333333333,0,4,12
2024-12-21,20.070833333333333,20.145833333333332,439.125,0.0,20.1375,75.0,2.8125,236.75,0.0,968.9208333333332,chiang_rai,20.070833333333333,18.45,17.1125,16.326190476190476,24.59583333333333,0,5,12
2024-12-22,24.59583333333333,24.75,515.125,0.0,20.3625,72.20833333333333,2.766666666666667,241.54166666666666,0.0,969.3458333333333,chiang_rai,24.59583333333333,20.070833333333333,17.166666666666668,16.748809523809523,25.141666666666666,0,6,12
2024-12-23,25.141666666666666,25.333333333333332,745.75,0.0,19.7375,78.45833333333333,2.841666666666667,203.66666666666666,0.0,969.3166666666666,chiang_rai,25.141666666666666,24.59583333333333,16.229166666666668,17.810119047619047,24.1375,0,0,12
2024-12-24,24.1375,24.52916666666667,463.7083333333333,0.5,19.891666666666666,75.33333333333333,3.2916666666666665,204.375,0.0,970.1166666666667,chiang_rai,24.1375,25.141666666666666,13.883333333333333,19.083333333333336,18.354166666666668,0,1,12
2024-12-25,18.354166666666668,18.795833333333334,487.9583333333333,0.9166666666666666,19.366666666666667,72.33333333333333,2.8208333333333333,225.66666666666666,0.0,971.0791666666668,chiang_rai,18.354166666666668,24.1375,13.1625,20.548214285714284,20.683333333333334,0,2,12
2024-12-26,20.683333333333334,21.154166666666665,507.0416666666667,0.7916666666666666,19.879166666666666,72.875,3.4875000000000003,197.29166666666666,0.0,972.0500000000001,chiang_rai,20.683333333333334,18.354166666666668,18.279166666666665,21.28988095238095,14.424999999999999,0,3,12
2024-12-27,14.424999999999999,14.570833333333333,453.4583333333333,0.0,20.579166666666666,71.29166666666667,3.033333333333333,235.75,0.0,972.2458333333334,chiang_rai,14.424999999999999,20.683333333333334,18.45,21.633333333333333,8.625,0,4,12
2024-12-28,8.625,8.654166666666667,421.0833333333333,0.0,21.216666666666665,71.125,4.7749999999999995,212.0,0.0,972.8375,chiang_rai,8.625,14.424999999999999,20.070833333333333,21.058333333333334,13.420833333333334,0,5,12
2024-12-29,13.420833333333334,13.450000000000001,466.4583333333333,0.0,20.545833333333334,73.70833333333333,2.720833333333333,247.58333333333334,0.0,971.1,chiang_rai,13.420833333333334,8.625,24.59583333333333,19.423214285714288,16.395833333333332,0,6,12
2024-12-30,16.395833333333332,16.404166666666665,465.8333333333333,0.0,20.908333333333335,73.95833333333333,2.629166666666667,243.33333333333334,0.0,970.0708333333333,chiang_rai,16.395833333333332,13.420833333333334,25.141666666666666,17.826785714285716,19.0625,0,0,12
2024-12-31,19.0625,19.116666666666667,525.25,0.041666666666666664,21.275000000000002,73.91666666666667,2.620833333333333,233.91666666666666,0.0,969.725,chiang_rai,19.0625,16.395833333333332,24.1375,16.577380952380953,18.7,0,1,12
2025-01-01,18.7,19.508333333333333,573.8333333333334,1.4583333333333333,21.079166666666666,73.29166666666667,2.225,259.5,0.0,968.5,chiang_rai,18.7,19.0625,18.354166666666668,15.852380952380953,21.0125,0,2,1
2025-01-02,21.0125,22.7,492.3333333333333,3.125,20.724999999999998,73.625,2.475,247.5,0.0,968.5166666666668,chiang_rai,21.0125,18.7,20.683333333333334,15.901785714285714,20.908333333333335,0,3,1
2025-01-03,20.908333333333335,22.195833333333336,469.6666666666667,2.5416666666666665,20.658333333333335,72.66666666666667,3.891666666666667,226.45833333333334,0.1,970.0833333333334,chiang_rai,20.908333333333335,21.0125,14.424999999999999,15.94880952380952,15.254166666666668,0,4,1
2025-01-04,15.254166666666668,15.741666666666667,515.0416666666666,0.875,19.666666666666668,70.41666666666667,2.7125,195.70833333333334,0.0,969.1541666666667,chiang_rai,15.254166666666668,20.908333333333335,8.625,16.875,24.558333333333334,0,5,1
2025-01-05,24.558333333333334,25.275000000000002,482.0833333333333,1.4583333333333333,18.995833333333334,68.54166666666667,3.975,222.20833333333334,0.0,971.0,chiang_rai,24.558333333333334,15.254166666666668,13.420833333333334,17.82202380952381,25.729166666666668,0,6,1
2025-01-06,25.729166666666668,26.125,536.2916666666666,0.7916666666666666,18.541666666666668,70.0,2.5,233.875,0.0,969.3166666666666,chiang_rai,25.729166666666668,24.558333333333334,16.395833333333332,19.413095238095234,29.741666666666664,0,0,1
2025-01-07,29.741666666666664,30.145833333333332,535.625,1.0,18.758333333333333,71.70833333333333,2.4708333333333337,234.75,0.0,968.1833333333334,chiang_rai,29.741666666666664,25.729166666666668,19.0625,20.74642857142857,29.645833333333332,0,1,1
2025-01-08,29.645833333333332,29.97083333333333,562.2916666666666,0.5,19.720833333333335,69.125,2.779166666666667,241.20833333333334,0.0,968.1166666666667,chiang_rai,29.645833333333332,29.741666666666664,18.7,22.27202380952381,27.0625,0,2,1
2025-01-09,27.0625,27.3625,576.5,0.25,20.216666666666665,73.125,2.433333333333333,267.0,0.1,970.0291666666667,chiang_rai,27.0625,29.645833333333332,21.0125,23.83571428571429,28.879166666666666,0,3,1
2025-01-10,28.879166666666666,30.46666666666667,550.7083333333334,3.0833333333333335,21.25,70.45833333333333,2.904166666666667,242.95833333333334,0.30000000000000004,972.6999999999999,chiang_rai,28.879166666666666,27.0625,20.908333333333335,24.7,29.4375,0,4,1
2025-01-11,29.4375,30.0625,522.75,1.1666666666666667,19.504166666666666,70.25,6.325,162.70833333333334,1.0,975.0041666666666,chiang_rai,29.4375,28.879166666666666,15.254166666666668,25.838690476190475,18.5,0,5,1
2025-01-12,18.5,18.745833333333334,443.8333333333333,0.375,16.275000000000002,62.625,7.4750000000000005,219.5,0.0,975.4541666666668,chiang_rai,18.5,29.4375,24.558333333333334,27.864880952380954,16.587500000000002,0,6,1
2025-01-13,16.587500000000002,16.766666666666666,490.2916666666667,0.0,16.133333333333333,68.29166666666667,3.029166666666667,202.5,0.0,971.3208333333333,chiang_rai,16.587500000000002,18.5,25.729166666666668,26.999404761904763,14.445833333333333,0,0,1
2025-01-14,14.445833333333333,14.5625,489.4583333333333,0.0,16.629166666666666,70.41666666666667,2.891666666666667,218.375,0.0,971.375,chiang_rai,14.445833333333333,16.587500000000002,29.741666666666664,25.693452380952383,17.724999999999998,0,1,1
2025-01-15,17.724999999999998,17.833333333333332,426.5,0.0,18.0125,67.83333333333333,5.804166666666667,201.0,0.0,972.75,chiang_rai,17.724999999999998,14.445833333333333,29.645833333333332,23.508333333333333,16.308333333333334,0,2,1
2025-01-16,16.308333333333334,16.375,441.7083333333333,0.0,17.837500000000002,70.125,7.3125,222.875,0.0,973.1916666666666,chiang_rai,16.308333333333334,17.724999999999998,27.0625,21.80535714285714,23.195833333333336,0,3,1
2025-01-17,23.195833333333336,23.233333333333334,483.625,0.0,18.408333333333335,71.41666666666667,2.795833333333333,237.08333333333334,0.0,970.8708333333334,chiang_rai,23.195833333333336,16.308333333333334,28.879166666666666,20.26904761904762,27.28333333333333,0,4,1
2025-01-18,27.28333333333333,27.3,499.625,0.0,18.729166666666668,75.70833333333333,3.1624999999999996,231.08333333333334,0.0,968.6125000000001,chiang_rai,27.28333333333333,23.195833333333336,29.4375,19.45714285714286,19.866666666666667,0,5,1
2025-01-19,19.866666666666667,19.929166666666667,470.7916666666667,0.0,20.029166666666665,69.95833333333333,2.966666666666667,251.04166666666666,0.0,967.1875,chiang_rai,19.866666666666667,27.28333333333333,18.5,19.149404761904766,22.620833333333334,0,6,1
2025-01-20,22.620833333333334,22.675,483.2083333333333,0.0,20.0625,73.0,2.9499999999999997,231.33333333333334,0.0,965.8000000000001,chiang_rai,22.620833333333334,19.866666666666667,16.587500000000002,19.344642857142862,23.816666666666666,0,0,1
2025-01-21,23.816666666666666,23.849999999999998,494.0833333333333,0.0,20.412499999999998,73.875,3.5041666666666664,239.125,0.0,965.6791666666667,chiang_rai,23.816666666666666,22.620833333333334,14.445833333333333,20.20654761904762,26.2625,0,1,1
2025-01-22,26.2625,26.34166666666667,485.9166666666667,0.0,20.3375,75.375,2.6,240.5,0.0,966.1791666666667,chiang_rai,26.2625,23.816666666666666,17.724999999999998,21.545238095238094,32.108333333333334,0,2,1
2025-01-23,32.108333333333334,32.21666666666667,474.4583333333333,0.0,20.670833333333334,75.20833333333333,3.525,223.20833333333334,0.0,966.4583333333334,chiang_rai,32.108333333333334,26.2625,16.308333333333334,22.764880952380953,23.483333333333334,0,3,1
2025-01-24,23.483333333333334,23.554166666666664,474.1666666666667,0.0,20.870833333333334,74.45833333333333,3.3708333333333336,223.125,0.0,964.8708333333334,chiang_rai,23.483333333333334,32.108333333333334,23.195833333333336,25.02202380952381,21.158333333333335,0,4,1
2025-01-25,21.158333333333335,21.25,434.3333333333333,0.0,21.004166666666666,70.58333333333333,3.3541666666666665,221.625,0.0,964.8666666666667,chiang_rai,21.158333333333335,23.483333333333334,27.28333333333333,25.063095238095237,21.279166666666665,0,5,1
2025-01-26,21.279166666666665,21.358333333333334,501.375,0.0,21.629166666666666,68.375,3.0541666666666667,221.875,0.0,966.125,chiang_rai,21.279166666666665,21.158333333333335,19.866666666666667,24.18809523809524,17.2625,0,6,1
2025-01-27,17.2625,18.004166666666666,472.5,1.2916666666666667,15.341666666666667,71.79166666666667,13.045833333333334,96.0,2.7,970.3208333333333,chiang_rai,17.2625,21.279166666666665,22.620833333333334,24.389880952380956,36.53333333333333,0,0,1
2025-01-28,36.53333333333333,38.07083333333333,498.2083333333333,2.5416666666666665,17.316666666666666,71.375,5.379166666666666,177.45833333333334,0.0,971.3166666666666,chiang_rai,36.53333333333333,17.2625,23.816666666666666,23.624404761904763,27.945833333333336,0,1,1
2025-01-29,27.945833333333336,28.6125,741.7916666666666,1.125,19.345833333333335,71.66666666666667,3.3708333333333336,216.29166666666666,0.0,971.2458333333334,chiang_rai,27.945833333333336,36.53333333333333,26.2625,25.44107142857143,29.133333333333336,0,2,1
2025-01-30,29.133333333333336,29.599999999999998,594.0833333333334,0.875,20.033333333333335,72.54166666666667,4.941666666666666,241.875,0.0,967.225,chiang_rai,29.133333333333336,27.945833333333336,32.108333333333334,25.68154761904762,20.204166666666666,0,3,1
2025-01-31,20.204166666666666,20.633333333333333,495.4166666666667,0.5833333333333334,21.229166666666668,72.0,3.029166666666667,213.25,0.0,965.6416666666668,chiang_rai,20.204166666666666,29.133333333333336,23.483333333333334,25.25654761904762,22.445833333333336,0,4,1
2025-02-01,22.445833333333336,22.875,406.375,0.875,21.025000000000002,68.70833333333333,3.1166666666666667,240.45833333333334,0.0,964.8874999999999,chiang_rai,22.445833333333336,20.204166666666666,21.158333333333335,24.788095238095234,26.141666666666666,0,5,2
2025-02-02,26.141666666666666,26.5625,391.0,0.625,20.516666666666666,68.75,3.9499999999999997,237.08333333333334,0.0,964.6166666666667,chiang_rai,26.141666666666666,22.445833333333336,21.279166666666665,24.97202380952381,23.741666666666664,0,6,2
2025-02-03,23.741666666666664,24.045833333333334,425.8333333333333,0.4166666666666667,21.054166666666667,64.79166666666667,3.5833333333333335,211.16666666666666,0.0,965.9625,chiang_rai,23.741666666666664,26.141666666666666,17.2625,25.666666666666668,24.754166666666666,0,0,2
2025-02-04,24.754166666666666,24.90416666666667,542.7916666666666,0.0,21.879166666666666,66.58333333333333,4.4125000000000005,189.75,0.0,967.1708333333332,chiang_rai,24.754166666666666,23.741666666666664,36.53333333333333,26.592261904761905,30.629166666666666,0,1,2
2025-02-05,30.629166666666666,30.833333333333332,585.375,0.0,22.254166666666666,72.5,5.3374999999999995,214.66666666666666,0.0,965.4666666666667,chiang_rai,30.629166666666666,24.754166666666666,27.945833333333336,24.90952380952381,28.054166666666664,0,2,2
2025-02-06,28.054166666666664,28.383333333333336,500.9166666666667,0.16666666666666666,22.15833333333333,70.375,4.55,221.45833333333334,0.0,965.1416666666668,chiang_rai,28.054166666666664,30.629166666666666,29.133333333333336,25.292857142857144,34.354166666666664,0,3,2
2025-02-07,34.354166666666664,34.65833333333333,475.375,0.0,22.116666666666664,69.41666666666667,3.658333333333333,246.5,0.0,966.5708333333333,chiang_rai,34.354166666666664,28.054166666666664,20.204166666666666,25.138690476190476,33.729166666666664,0,4,2
2025-02-08,33.729166666666664,33.99166666666667,553.9583333333334,0.0,23.09166666666667,71.625,3.970833333333333,239.91666666666666,1.8,967.8166666666666,chiang_rai,33.729166666666664,34.354166666666664,22.445833333333336,27.160119047619048,40.300000000000004,1,5,2
2025-02-09,40.300000000000004,40.512499999999996,597.2083333333334,0.0,22.7,69.5,5.204166666666667,199.375,0.1,968.6333333333333,chiang_rai,40.300000000000004,33.729166666666664,26.141666666666666,28.772023809523805,19.058333333333334,0,6,2
2025-02-10,19.058333333333334,19.1375,583.0833333333334,0.0,22.175,66.16666666666667,4.3,200.0,0.0,968.2458333333334,chiang_rai,19.058333333333334,40.300000000000004,23.741666666666664,30.794642857142858,21.370833333333334,0,0,2
2025-02-11,21.370833333333334,21.445833333333336,536.7083333333334,0.0,22.558333333333334,65.79166666666667,4.0,212.25,0.0,967.3333333333334,chiang_rai,21.370833333333334,19.058333333333334,24.754166666666666,30.125595238095237,23.474999999999998,0,1,2
2025-02-12,23.474999999999998,23.541666666666668,504.2083333333333,0.0,22.816666666666666,65.58333333333333,3.75,221.58333333333334,0.0,966.9708333333333,chiang_rai,23.474999999999998,21.370833333333334,30.629166666666666,29.642261904761906,28.575,0,2,2
2025-02-13,28.575,28.65833333333333,438.625,0.0,22.3125,62.291666666666664,4.458333333333333,239.5,0.0,966.4416666666666,chiang_rai,28.575,23.474999999999998,28.054166666666664,28.620238095238097,25.912499999999998,0,3,2
2025-02-14,25.912499999999998,26.420833333333334,356.0833333333333,0.875,21.724999999999998,56.375,4.925,236.5,0.0,965.4958333333334,chiang_rai,25.912499999999998,28.575,34.354166666666664,28.694642857142856,32.1375,0,4,2
2025-02-15,32.1375,33.449999999999996,447.4166666666667,2.4166666666666665,21.7375,58.666666666666664,3.779166666666667,235.0,0.0,964.775,chiang_rai,32.1375,25.912499999999998,33.729166666666664,27.488690476190474,36.85,0,5,2
2025-02-16,36.85,38.18333333333333,436.3333333333333,2.5833333333333335,21.858333333333334,60.291666666666664,4.883333333333334,228.95833333333334,0.0,965.4333333333334,chiang_rai,36.85,32.1375,40.300000000000004,27.261309523809526,39.27916666666667,1,6,2
2025-02-17,39.27916666666667,42.31666666666667,469.2083333333333,5.833333333333333,22.025000000000002,61.833333333333336,4.4624999999999995,232.75,0.0,967.3375,chiang_rai,39.27916666666667,36.85,19.058333333333334,26.76845238095238,50.44583333333333,1,0,2
2025-02-18,50.44583333333333,52.94583333333333,520.9583333333334,4.541666666666667,22.691666666666666,63.0,3.4875000000000003,220.04166666666666,0.0,967.5708333333333,chiang_rai,50.44583333333333,39.27916666666667,21.370833333333334,29.657142857142855,36.90416666666667,0,1,2
2025-02-19,36.90416666666667,37.6625,552.125,1.0,22.9375,67.79166666666667,4.591666666666667,210.41666666666666,0.0,967.7291666666666,chiang_rai,36.90416666666667,50.44583333333333,23.474999999999998,33.81071428571429,36.579166666666666,0,2,2
2025-02-20,36.579166666666666,37.93333333333333,533.8333333333334,2.0833333333333335,23.020833333333332,72.625,3.4250000000000003,217.70833333333334,0.4,968.4333333333334,chiang_rai,36.579166666666666,36.90416666666667,28.575,35.72916666666667,35.454166666666666,0,3,2
2025-02-21,35.454166666666666,37.574999999999996,466.125,4.125,23.5,71.25,5.5,224.54166666666666,0.0,968.6041666666666,chiang_rai,35.454166666666666,36.579166666666666,25.912499999999998,36.87261904761905,33.61666666666667,0,4,2
2025-02-22,33.61666666666667,35.354166666666664,602.625,3.0416666666666665,23.05,75.875,2.1416666666666666,233.5,0.0,969.4458333333333,chiang_rai,33.61666666666667,35.454166666666666,32.1375,38.23571428571429,30.441666666666666,0,5,2
2025-02-23,30.441666666666666,31.833333333333332,572.8333333333334,2.125,23.420833333333334,73.25,2.8249999999999997,202.20833333333334,0.0,970.8416666666667,chiang_rai,30.441666666666666,33.61666666666667,36.85,38.447023809523806,18.154166666666665,0,6,2
2025-02-24,18.154166666666665,18.866666666666667,553.875,1.2083333333333333,22.183333333333334,82.0,3.829166666666667,179.91666666666666,5.3,972.6875,chiang_rai,18.154166666666665,30.441666666666666,39.27916666666667,37.53154761904762,21.070833333333333,0,0,2
2025-02-25,21.070833333333333,21.34583333333333,505.9166666666667,0.0,21.4375,84.125,4.020833333333333,199.75,2.7,973.5375,chiang_rai,21.070833333333333,18.154166666666665,50.44583333333333,34.513690476190476,14.529166666666667,0,1,2
2025-02-26,14.529166666666667,15.154166666666667,563.7083333333334,0.875,21.9375,82.33333333333333,3.6208333333333336,258.1666666666667,6.8,972.2624999999999,chiang_rai,14.529166666666667,21.070833333333333,36.90416666666667,30.3172619047619,20.216666666666665,0,2,2
2025-02-27,20.216666666666665,21.037499999999998,463.875,1.3333333333333333,23.03333333333333,73.70833333333333,2.8958333333333335,227.33333333333334,0.0,968.9958333333334,chiang_rai,20.216666666666665,14.529166666666667,36.579166666666666,27.120833333333334,22.504166666666666,0,3,2
2025-02-28,22.504166666666666,23.670833333333334,450.5,1.75,24.47083333333333,61.333333333333336,3.829166666666667,228.91666666666666,0.0,966.7666666666668,chiang_rai,22.504166666666666,20.216666666666665,35.454166666666666,24.78333333333333,21.570833333333336,0,4,2
2025-03-01,21.570833333333336,22.78333333333333,426.0416666666667,2.0,24.212500000000002,60.0,3.716666666666667,257.8333333333333,0.0,964.7208333333333,chiang_rai,21.570833333333336,22.504166666666666,33.61666666666667,22.93333333333333,22.833333333333332,0,5,3
2025-03-02,22.833333333333332,27.104166666666668,421.0416666666667,8.333333333333334,23.925,58.458333333333336,3.9333333333333336,248.04166666666666,0.0,963.3041666666667,chiang_rai,22.833333333333332,21.570833333333336,30.441666666666666,21.212500000000002,37.72083333333333,1,6,3
2025-03-03,37.72083333333333,42.30833333333333,450.3333333333333,8.416666666666666,23.84583333333333,56.083333333333336,4.683333333333333,283.2916666666667,0.0,963.125,chiang_rai,37.72083333333333,22.833333333333332,18.154166666666665,20.125595238095237,48.7875,1,0,3
2025-03-04,48.7875,53.550000000000004,424.875,9.708333333333334,23.575,54.958333333333336,3.4916666666666667,250.66666666666666,0.0,962.4625,chiang_rai,48.7875,37.72083333333333,21.070833333333333,22.92083333333333,47.47083333333333,1,1,3
2025-03-05,47.47083333333333,51.104166666666664,407.2916666666667,7.166666666666667,23.2375,55.708333333333336,4.5875,245.375,0.0,962.0541666666667,chiang_rai,47.47083333333333,48.7875,14.529166666666667,26.880357142857143,50.925000000000004,1,2,3
2025-03-06,50.925000000000004,53.47083333333333,467.7916666666667,5.083333333333333,23.125,57.833333333333336,4.95,231.625,0.0,963.8958333333334,chiang_rai,50.925000000000004,47.47083333333333,20.216666666666665,31.586309523809522,51.4625,1,3,3
2025-03-07,51.4625,53.24583333333334,445.875,3.125,23.34166666666667,64.41666666666667,7.145833333333333,232.66666666666666,0.1,964.525,chiang_rai,51.4625,50.925000000000004,22.504166666666666,35.973214285714285,41.550000000000004,1,4,3
2025-03-08,41.550000000000004,42.725,574.5,2.0416666666666665,23.5,75.83333333333333,6.045833333333333,165.29166666666666,3.3000000000000003,966.8083333333334,chiang_rai,41.550000000000004,51.4625,21.570833333333336,40.110119047619044,36.19166666666667,0,5,3
2025-03-09,36.19166666666667,37.0625,603.4583333333334,1.5,23.704166666666666,77.70833333333333,3.725,221.70833333333334,0.2,968.8874999999999,chiang_rai,36.19166666666667,41.550000000000004,22.833333333333332,42.964285714285715,42.55833333333333,1,6,3
2025-03-10,42.55833333333333,44.63333333333333,527.75,3.6666666666666665,24.554166666666664,73.58333333333333,3.7875,229.20833333333334,0.0,969.0208333333334,chiang_rai,42.55833333333333,36.19166666666667,37.72083333333333,44.87261904761905,34.22083333333333,0,0,3
2025-03-11,34.22083333333333,36.824999999999996,469.9583333333333,5.0,26.395833333333332,63.333333333333336,3.016666666666667,225.5,0.0,966.4083333333333,chiang_rai,34.22083333333333,42.55833333333333,48.7875,45.56369047619047,32.50833333333333,0,1,3
2025-03-12,32.50833333333333,35.141666666666666,449.5416666666667,4.958333333333333,25.4375,59.166666666666664,4.829166666666667,237.25,0.0,963.4208333333332,chiang_rai,32.50833333333333,34.22083333333333,47.47083333333333,43.4827380952381,23.925,0,2,3
2025-03-13,23.925,26.116666666666664,395.9583333333333,4.291666666666667,24.945833333333336,61.083333333333336,6.0249999999999995,236.25,0.0,963.0541666666667,chiang_rai,23.925,32.50833333333333,50.925000000000004,41.345238095238095,27.40416666666667,0,3,3
2025-03-14,27.40416666666667,31.2375,453.25,7.583333333333333,25.8125,56.375,3.4791666666666665,201.83333333333334,0.0,964.875,chiang_rai,27.40416666666667,23.925,51.4625,37.48809523809524,41.84583333333334,1,4,3
2025-03-15,41.84583333333334,46.72083333333333,523.75,9.875,24.729166666666668,58.458333333333336,3.641666666666667,226.95833333333334,0.0,965.2333333333332,chiang_rai,41.84583333333334,27.40416666666667,41.550000000000004,34.05119047619048,70.62083333333334,1,5,3
2025-03-16,70.62083333333334,78.11666666666666,592.8333333333334,14.833333333333334,25.025000000000002,58.5,4.25,224.25,0.0,964.4250000000001,chiang_rai,70.62083333333334,41.84583333333334,36.19166666666667,34.093452380952385,62.81666666666666,1,6,3
2025-03-17,62.81666666666666,66.8625,568.375,7.958333333333333,26.141666666666666,54.875,4.675,227.25,0.0,964.3708333333334,chiang_rai,62.81666666666666,70.62083333333334,42.55833333333333,39.01190476190476,45.23333333333333,1,0,3
2025-03-18,45.23333333333333,46.59583333333333,593.25,2.7083333333333335,24.90833333333333,74.5,5.216666666666667,131.25,3.2,967.25,chiang_rai,45.23333333333333,62.81666666666666,34.22083333333333,41.90595238095238,43.98333333333333,1,1,3
2025-03-19,43.98333333333333,44.87083333333334,604.0416666666666,1.8333333333333333,19.8125,68.91666666666667,10.229166666666666,80.875,0.2,973.3291666666668,chiang_rai,43.98333333333333,45.23333333333333,32.50833333333333,43.47916666666667,57.987500000000004,1,2,3
2025-03-20,57.987500000000004,61.3375,707.9583333333334,6.125,20.254166666666666,67.0,6.391666666666667,172.79166666666666,0.0,973.975,chiang_rai,57.987500000000004,43.98333333333333,23.925,45.11845238095238,60.833333333333336,1,3,3
2025-03-21,60.833333333333336,64.14166666666667,668.0416666666666,6.5,21.895833333333332,72.25,3.6916666666666664,254.375,0.1,972.1791666666667,chiang_rai,60.833333333333336,57.987500000000004,27.40416666666667,49.98452380952381,79.85833333333333,1,4,3
2025-03-22,79.85833333333333,84.075,653.9583333333334,8.0,23.84166666666667,72.875,4.270833333333333,238.83333333333334,0.0,969.7958333333332,chiang_rai,79.85833333333333,60.833333333333336,41.84583333333334,54.76011904761905,79.1125,1,5,3
2025-03-23,79.1125,82.25833333333334,650.75,6.166666666666667,25.15416666666667,70.875,4.8,233.08333333333334,0.4,968.275,chiang_rai,79.1125,79.85833333333333,70.62083333333334,60.1904761904762,83.49166666666666,1,6,3
2025-03-24,83.49166666666666,86.40416666666665,700.1666666666666,5.375,25.40416666666667,66.95833333333333,2.591666666666667,231.54166666666666,0.0,965.7583333333333,chiang_rai,83.49166666666666,79.1125,62.81666666666666,61.403571428571425,57.15,1,0,3
2025-03-25,57.15,59.29583333333333,587.25,3.9583333333333335,24.8625,64.0,3.8791666666666664,250.08333333333334,0.0,961.9666666666667,chiang_rai,57.15,83.49166666666666,45.23333333333333,64.35714285714286,53.04583333333333,1,1,3
2025-03-26,53.04583333333333,56.041666666666664,561.7916666666666,5.791666666666667,24.504166666666666,63.791666666666664,4.5625,276.875,0.0,960.4291666666667,chiang_rai,53.04583333333333,57.15,43.98333333333333,66.05952380952381,47.88333333333333,1,2,3
2025-03-27,47.88333333333333,51.62083333333334,461.625,7.625,24.9875,56.708333333333336,5.175,251.25,0.0,959.2791666666667,chiang_rai,47.88333333333333,53.04583333333333,57.987500000000004,67.35416666666666,53.15833333333333,1,3,3
2025-03-28,53.15833333333333,58.7125,518.1666666666666,10.916666666666666,24.516666666666666,61.625,5.658333333333334,245.25,0.0,960.4625,chiang_rai,53.15833333333333,47.88333333333333,60.833333333333336,65.91071428571429,76.12083333333334,1,4,3
2025-03-29,76.12083333333334,84.59166666666667,531.0833333333334,16.583333333333332,25.275000000000002,58.958333333333336,4.2375,228.66666666666666,0.0,962.6541666666667,chiang_rai,76.12083333333334,53.15833333333333,79.85833333333333,64.81428571428572,74.34166666666667,1,5,3
2025-03-30,74.34166666666667,76.72500000000001,551.625,4.208333333333333,26.03333333333333,63.958333333333336,5.8999999999999995,227.41666666666666,0.0,964.6541666666667,chiang_rai,74.34166666666667,76.12083333333334,79.1125,64.28035714285714,40.69583333333333,1,6,3
2025-03-31,40.69583333333333,41.137499999999996,568.5,0.6666666666666666,26.958333333333332,67.125,6.504166666666666,195.08333333333334,0.0,964.8291666666668,chiang_rai,40.69583333333333,74.34166666666667,83.49166666666666,63.59880952380952,56.9,1,0,3
2025-04-01,56.9,57.5375,534.5833333333334,1.0,26.5625,73.45833333333333,5.904166666666666,205.91666666666666,0.5,965.1208333333334,chiang_rai,56.9,40.69583333333333,57.15,57.485119047619044,65.64166666666667,1,1,4
2025-04-02,65.64166666666667,66.47083333333333,607.8333333333334,1.4583333333333333,26.329166666666666,74.25,3.5625,225.08333333333334,0.2,966.3666666666667,chiang_rai,65.64166666666667,56.9,53.04583333333333,57.449404761904766,72.52499999999999,1,2,4
2025-04-03,72.52499999999999,73.6375,575.5,1.7083333333333333,26.958333333333332,68.33333333333333,4.2250000000000005,186.33333333333334,0.0,966.9458333333333,chiang_rai,72.52499999999999,65.64166666666667,47.88333333333333,59.24880952380953,51.416666666666664,1,3,4
2025-04-04,51.416666666666664,52.07083333333333,574.375,1.0,27.545833333333334,65.25,5.7,217.04166666666666,0.0,964.9,chiang_rai,51.416666666666664,72.52499999999999,53.15833333333333,62.76904761904762,51.85833333333333,1,4,4
2025-04-05,51.85833333333333,52.74166666666667,661.625,1.75,27.008333333333336,70.79166666666667,5.0125,228.04166666666666,0.0,964.1374999999999,chiang_rai,51.85833333333333,51.416666666666664,76.12083333333334,62.52023809523809,44.375,1,5,4
2025-04-06,44.375,44.85,669.4583333333334,0.4166666666666667,25.054166666666664,79.625,4.541666666666667,226.91666666666666,0.5,965.3000000000001,chiang_rai,44.375,51.85833333333333,74.34166666666667,59.05416666666667,35.40416666666667,0,6,4
2025-04-07,35.40416666666667,35.854166666666664,633.4583333333334,0.5833333333333334,24.59583333333333,81.45833333333333,3.1208333333333336,265.0833333333333,0.9,967.8458333333333,chiang_rai,35.40416666666667,44.375,40.69583333333333,54.77321428571428,35.75833333333333,0,0,4
2025-04-08,35.75833333333333,36.545833333333334,593.5416666666666,0.625,25.995833333333334,68.95833333333333,3.5375,258.4583333333333,0.0,968.1791666666667,chiang_rai,35.75833333333333,35.40416666666667,56.9,54.0172619047619,32.916666666666664,0,1,4
2025-04-09,32.916666666666664,34.295833333333334,455.4583333333333,1.5833333333333333,26.204166666666666,60.125,5.666666666666667,295.1666666666667,0.0,965.3874999999999,chiang_rai,32.916666666666664,35.75833333333333,65.64166666666667,50.9970238095238,38.99583333333333,1,2,4
2025-04-10,38.99583333333333,40.725,448.4583333333333,2.4583333333333335,27.212500000000002,56.75,5.0375000000000005,252.5,0.2,962.7041666666668,chiang_rai,38.99583333333333,32.916666666666664,72.52499999999999,46.3220238095238,43.291666666666664,1,3,4
2025-04-11,43.291666666666664,43.92083333333333,566.2083333333334,0.75,26.491666666666664,70.58333333333333,4.325,252.91666666666666,0.30000000000000004,961.4458333333333,chiang_rai,43.291666666666664,38.99583333333333,51.416666666666664,41.53214285714285,21.358333333333334,0,4,4
2025-04-12,21.358333333333334,21.770833333333332,439.7916666666667,0.0,27.275000000000002,70.29166666666667,4.104166666666667,258.75,0.0,963.15,chiang_rai,21.358333333333334,43.291666666666664,51.85833333333333,40.371428571428574,36.24166666666667,0,5,4
2025-04-13,36.24166666666667,37.108333333333334,443.1666666666667,1.4166666666666667,24.245833333333334,85.91666666666667,4.6000000000000005,167.20833333333334,42.3,966.6791666666667,chiang_rai,36.24166666666667,21.358333333333334,44.375,36.01428571428571,37.11666666666667,0,6,4
2025-04-14,37.11666666666667,39.47083333333333,628.0,4.5,23.804166666666664,77.5,4.2625,190.58333333333334,0.5,967.7958333333332,chiang_rai,37.11666666666667,36.24166666666667,35.40416666666667,34.85238095238095,39.37083333333333,1,0,4
2025-04-15,39.37083333333333,41.1,606.2916666666666,3.375,24.804166666666664,78.33333333333333,3.279166666666667,253.16666666666666,0.0,966.6333333333333,chiang_rai,39.37083333333333,37.11666666666667,35.75833333333333,35.09702380952381,25.366666666666664,0,1,4
2025-04-16,25.366666666666664,25.754166666666666,359.5416666666667,0.2916666666666667,26.258333333333336,73.75,4.8125,269.9166666666667,0.0,964.1750000000001,chiang_rai,25.366666666666664,39.37083333333333,32.916666666666664,35.613095238095234,12.15,0,2,4
2025-04-17,12.15,12.291666666666666,367.375,0.0,26.849999999999998,74.20833333333333,4.0,235.625,1.4000000000000001,963.1791666666667,chiang_rai,12.15,25.366666666666664,38.99583333333333,34.534523809523805,13.120833333333332,0,3,4
2025-04-18,13.120833333333332,13.479166666666666,383.0833333333333,0.5,25.670833333333334,77.79166666666667,3.7125,240.79166666666666,10.5,962.975,chiang_rai,13.120833333333332,12.15,43.291666666666664,30.69940476190476,27.675,0,4,4
2025-04-19,27.675,31.09166666666667,508.4583333333333,6.333333333333333,26.5625,73.375,3.4333333333333336,218.66666666666666,0.0,962.7541666666666,chiang_rai,27.675,13.120833333333332,21.358333333333334,26.389285714285712,22.6875,0,5,4
2025-04-20,22.6875,25.620833333333334,410.4583333333333,5.541666666666667,27.108333333333334,67.20833333333333,6.295833333333333,212.41666666666666,0.0,963.35,chiang_rai,22.6875,27.675,36.24166666666667,27.291666666666668,24.566666666666666,0,6,4
2025-04-21,24.566666666666666,28.575,369.375,7.708333333333333,27.8625,63.166666666666664,5.5874999999999995,240.95833333333334,0.0,964.5749999999999,chiang_rai,24.566666666666666,22.6875,37.11666666666667,25.355357142857144,24.191666666666666,0,0,4
2025-04-22,24.191666666666666,29.008333333333336,381.0416666666667,9.208333333333334,28.037499999999998,65.04166666666667,4.895833333333333,257.5833333333333,0.3,964.2208333333333,chiang_rai,24.191666666666666,24.566666666666666,39.37083333333333,23.5625,23.474999999999998,0,1,4
2025-04-23,23.474999999999998,27.15833333333333,391.5,7.333333333333333,28.712500000000002,64.41666666666667,4.575,247.41666666666666,0.0,962.5875,chiang_rai,23.474999999999998,24.191666666666666,25.366666666666664,21.39404761904762,32.979166666666664,0,2,4
2025-04-24,32.979166666666664,38.43333333333333,413.4583333333333,10.666666666666666,29.729166666666668,56.708333333333336,7.120833333333334,236.08333333333334,0.0,962.0041666666666,chiang_rai,32.979166666666664,23.474999999999998,12.15,21.123809523809523,35.5,0,3,4
2025-04-25,35.5,42.99583333333334,417.7916666666667,14.75,29.291666666666668,54.791666666666664,4.1875,240.70833333333334,0.0,962.3208333333333,chiang_rai,35.5,32.979166666666664,13.120833333333332,24.09940476190476,36.1625,0,4,4
2025-04-26,36.1625,41.49583333333333,420.625,10.375,28.900000000000002,59.208333333333336,5.6499999999999995,232.54166666666666,0.0,963.3083333333334,chiang_rai,36.1625,35.5,27.675,27.29642857142857,34.78333333333333,0,5,4
2025-04-27,34.78333333333333,39.13333333333333,432.8333333333333,8.291666666666666,28.4875,65.20833333333333,4.404166666666667,233.0,0.1,964.7958333333332,chiang_rai,34.78333333333333,36.1625,22.6875,28.508928571428573,28.175,0,6,4
2025-04-28,28.175,30.854166666666668,448.5,5.208333333333333,26.754166666666666,71.95833333333333,4.645833333333333,214.79166666666666,0.0,964.5500000000001,chiang_rai,28.175,34.78333333333333,24.566666666666666,30.23690476190476,17.491666666666667,0,0,4
2025-04-29,17.491666666666667,17.8,469.4166666666667,0.4166666666666667,24.22083333333333,84.20833333333333,4.483333333333333,187.83333333333334,9.799999999999999,966.2125,chiang_rai,17.491666666666667,28.175,24.191666666666666,30.752380952380953,27.866666666666664,0,1,4
2025-04-30,27.866666666666664,28.15416666666667,503.4166666666667,0.125,25.183333333333334,82.79166666666667,3.3333333333333335,215.125,1.2,966.2791666666667,chiang_rai,27.866666666666664,17.491666666666667,23.474999999999998,29.795238095238094,29.55,0,2,4
2025-05-01,29.55,29.795833333333334,502.7916666666667,0.25,25.287499999999998,77.91666666666667,3.9416666666666664,199.70833333333334,0.7,967.6125000000001,chiang_rai,29.55,27.866666666666664,32.979166666666664,30.422619047619044,26.933333333333334,0,3,5
2025-05-02,26.933333333333334,27.116666666666664,468.0,0.0,26.020833333333332,75.08333333333333,4.808333333333334,235.16666666666666,1.1,966.0458333333332,chiang_rai,26.933333333333334,29.55,35.5,29.932738095238097,17.712500000000002,0,4,5
2025-05-03,17.712500000000002,17.945833333333333,375.0833333333333,0.0,26.429166666666664,75.95833333333333,5.454166666666667,253.16666666666666,0.4,964.0416666666666,chiang_rai,17.712500000000002,26.933333333333334,36.1625,28.70892857142857,18.525000000000002,0,5,5
2025-05-04,18.525000000000002,19.820833333333333,332.0833333333333,2.0416666666666665,26.683333333333334,74.875,5.083333333333333,247.625,0.1,962.6,chiang_rai,18.525000000000002,17.712500000000002,34.78333333333333,26.073214285714283,22.71666666666667,0,6,5
2025-05-05,22.71666666666667,26.099999999999998,378.2916666666667,6.333333333333333,27.825,67.95833333333333,4.0125,253.16666666666666,0.0,962.0791666666668,chiang_rai,22.71666666666667,18.525000000000002,28.175,23.750595238095237,26.3,0,0,5
2025-05-06,26.3,31.05,367.875,9.0,28.474999999999998,61.25,4.6625000000000005,259.75,0.1,961.5666666666666,chiang_rai,26.3,22.71666666666667,17.491666666666667,22.97083333333333,21.304166666666667,0,1,5
2025-05-07,21.304166666666667,22.995833333333334,359.5416666666667,3.1666666666666665,29.641666666666666,59.291666666666664,5.6000000000000005,208.66666666666666,0.1,960.8458333333333,chiang_rai,21.304166666666667,26.3,27.866666666666664,24.229166666666668,25.6875,0,2,5
2025-05-08,25.6875,26.879166666666666,364.4583333333333,2.125,29.108333333333334,65.45833333333333,5.729166666666667,217.20833333333334,0.7,961.4958333333334,chiang_rai,25.6875,21.304166666666667,29.55,23.291666666666668,24.625,0,3,5
2025-05-09,24.625,26.479166666666668,431.125,3.625,28.90833333333333,70.04166666666667,4.4875,240.70833333333334,0.8,961.9166666666666,chiang_rai,24.625,25.6875,26.933333333333334,22.739880952380954,33.449999999999996,0,4,5
2025-05-10,33.449999999999996,37.829166666666666,407.875,8.416666666666666,28.979166666666668,65.91666666666667,5.3875,225.54166666666666,0.1,962.1374999999999,chiang_rai,33.449999999999996,24.625,17.712500000000002,22.410119047619048,25.391666666666666,0,5,5
2025-05-11,25.391666666666666,27.266666666666666,396.2916666666667,3.5,26.958333333333332,76.45833333333333,6.108333333333333,107.45833333333333,5.1,962.7166666666667,chiang_rai,25.391666666666666,33.449999999999996,18.525000000000002,24.658333333333335,23.820833333333336,0,6,5
2025-05-12,23.820833333333336,25.416666666666668,412.1666666666667,2.9583333333333335,25.566666666666666,80.08333333333333,4.095833333333333,170.79166666666666,8.0,963.4291666666667,chiang_rai,23.820833333333336,25.391666666666666,22.71666666666667,25.639285714285716,18.245833333333334,0,0,5
2025-05-13,18.245833333333334,18.741666666666667,409.7916666666667,1.0416666666666667,26.133333333333336,77.83333333333333,4.058333333333334,174.875,0.8999999999999999,963.7291666666666,chiang_rai,18.245833333333334,23.820833333333336,26.3,25.79702380952381,23.97083333333333,0,1,5
2025-05-14,23.97083333333333,24.133333333333336,415.75,0.125,26.195833333333336,79.70833333333333,4.104166666666667,217.33333333333334,8.8,964.8291666666668,chiang_rai,23.97083333333333,18.245833333333334,21.304166666666667,24.646428571428572,12.487499999999999,0,2,5
2025-05-15,12.487499999999999,12.533333333333333,385.7083333333333,0.0,25.016666666666666,88.45833333333333,3.2583333333333333,171.95833333333334,16.7,965.3583333333332,chiang_rai,12.487499999999999,23.97083333333333,25.6875,25.027380952380952,22.883333333333336,0,3,5
2025-05-16,22.883333333333336,23.02916666666667,455.0,0.0,25.370833333333334,86.95833333333333,3.4333333333333336,249.70833333333334,1.6,965.3958333333334,chiang_rai,22.883333333333336,12.487499999999999,24.625,23.141666666666662,15.483333333333334,0,4,5
2025-05-17,15.483333333333334,15.712499999999999,499.625,0.20833333333333334,25.066666666666666,89.66666666666667,3.183333333333333,217.70833333333334,3.5,965.0416666666666,chiang_rai,15.483333333333334,22.883333333333336,33.449999999999996,22.892857142857142,13.2125,0,5,5
2025-05-18,13.2125,13.375,367.875,0.0,25.587500000000002,85.33333333333333,3.7708333333333335,214.83333333333334,13.2,964.6750000000001,chiang_rai,13.2125,15.483333333333334,25.391666666666666,20.326190476190476,11.191666666666668,0,6,5
2025-05-19,11.191666666666668,11.270833333333334,326.8333333333333,0.0,26.795833333333334,79.20833333333333,4.175,229.70833333333334,5.8,963.15,chiang_rai,11.191666666666668,13.2125,23.820833333333336,18.586309523809526,18.058333333333334,0,0,5
2025-05-20,18.058333333333334,18.662499999999998,361.9166666666667,1.1666666666666667,27.525000000000002,79.33333333333333,4.329166666666667,199.58333333333334,1.0,962.375,chiang_rai,18.058333333333334,11.191666666666668,18.245833333333334,16.782142857142855,14.054166666666667,0,1,5
2025-05-21,14.054166666666667,14.25,380.0,0.0,26.825,83.83333333333333,4.241666666666666,210.41666666666666,12.1,963.0416666666666,chiang_rai,14.054166666666667,18.058333333333334,23.97083333333333,16.755357142857143,16.883333333333333,0,2,5
2025-05-22,16.883333333333333,17.3,265.9166666666667,0.6666666666666666,27.375,81.54166666666667,4.433333333333334,225.91666666666666,1.5,961.3541666666666,chiang_rai,16.883333333333333,14.054166666666667,12.487499999999999,15.338690476190477,16.066666666666666,0,3,5
2025-05-23,16.066666666666666,16.308333333333334,307.4166666666667,0.3333333333333333,27.020833333333332,82.79166666666667,4.25,207.75,28.900000000000002,960.3666666666667,chiang_rai,16.066666666666666,16.883333333333333,22.883333333333336,15.966666666666667,9.875,0,4,5
2025-05-24,9.875,9.966666666666667,261.1666666666667,0.0,24.858333333333334,90.08333333333333,5.304166666666666,94.66666666666667,19.8,962.6208333333334,chiang_rai,9.875,16.066666666666666,15.483333333333334,14.992857142857142,11.2875,0,5,5
2025-05-25,11.2875,11.424999999999999,284.7916666666667,0.125,24.620833333333334,89.5,4.8125,177.875,42.0,964.8125,chiang_rai,11.2875,9.875,13.2125,14.191666666666666,13.8375,0,6,5
2025-05-26,13.8375,13.979166666666666,376.3333333333333,0.08333333333333333,24.491666666666664,89.41666666666667,4.691666666666666,161.91666666666666,16.9,964.7916666666666,chiang_rai,13.8375,11.2875,11.191666666666668,13.916666666666668,15.020833333333334,0,0,5
2025-05-27,15.020833333333334,15.1,300.5833333333333,0.0,24.358333333333334,90.33333333333333,4.766666666666667,134.58333333333334,34.4,963.3125,chiang_rai,15.020833333333334,13.8375,18.058333333333334,14.294642857142858,12.579166666666666,0,1,5
2025-05-28,12.579166666666666,12.875,233.95833333333334,0.3333333333333333,25.770833333333332,84.33333333333333,5.566666666666666,187.125,10.3,961.9499999999999,chiang_rai,12.579166666666666,15.020833333333334,14.054166666666667,13.860714285714286,13.979166666666666,0,2,5
2025-05-29,13.979166666666666,15.079166666666666,381.7916666666667,1.8333333333333333,25.870833333333334,85.75,4.983333333333333,181.125,4.8999999999999995,962.1374999999999,chiang_rai,13.979166666666666,12.579166666666666,16.883333333333333,13.65,14.141666666666666,0,3,5
2025-05-30,14.141666666666666,15.475,297.25,1.8333333333333333,25.441666666666666,87.95833333333333,5.045833333333333,196.5,7.5,962.8541666666666,chiang_rai,14.141666666666666,13.979166666666666,16.066666666666666,13.23511904761905,9.908333333333333,0,4,5
2025-05-31,9.908333333333333,10.333333333333334,258.2916666666667,0.5416666666666666,25.920833333333334,87.5,6.6499999999999995,186.25,2.5,963.1125000000001,chiang_rai,9.908333333333333,14.141666666666666,9.875,12.960119047619047,9.6875,0,5,5
2025-06-01,9.6875,10.041666666666666,256.5416666666667,0.375,26.683333333333334,82.45833333333333,8.925,197.45833333333334,1.8,961.8249999999999,chiang_rai,9.6875,9.908333333333333,11.2875,12.964880952380954,11.237499999999999,0,6,6
2025-06-02,11.237499999999999,11.958333333333334,263.625,1.2083333333333333,26.808333333333334,81.0,7.925,210.45833333333334,7.5,960.9916666666667,chiang_rai,11.237499999999999,9.6875,13.8375,12.736309523809524,12.391666666666666,0,0,6
2025-06-03,12.391666666666666,15.6625,336.875,6.291666666666667,25.795833333333334,87.25,4.883333333333334,185.0,6.0,961.1416666666668,chiang_rai,12.391666666666666,11.237499999999999,15.020833333333334,12.364880952380952,27.266666666666666,0,1,6
2025-06-04,27.266666666666666,39.24166666666667,487.3333333333333,23.791666666666668,26.691666666666666,83.125,2.8041666666666667,245.58333333333334,5.8,962.1583333333333,chiang_rai,27.266666666666666,12.391666666666666,12.579166666666666,11.989285714285714,26.795833333333334,0,2,6
2025-06-05,26.795833333333334,36.40416666666667,391.375,19.125,27.15416666666667,80.75,3.845833333333333,236.08333333333334,0.30000000000000004,962.5791666666668,chiang_rai,26.795833333333334,27.266666666666666,13.979166666666666,14.0875,28.608333333333334,0,3,6
2025-06-06,28.608333333333334,34.11666666666667,381.5833333333333,10.625,27.27916666666667,82.91666666666667,3.5583333333333336,235.625,1.1,962.2833333333333,chiang_rai,28.608333333333334,26.795833333333334,14.141666666666666,15.91845238095238,18.045833333333334,0,4,6
2025-06-07,18.045833333333334,19.270833333333332,349.0416666666667,2.0833333333333335,27.825,80.45833333333333,3.0666666666666664,231.875,3.2,961.4791666666666,chiang_rai,18.045833333333334,28.608333333333334,9.908333333333333,17.985119047619047,22.916666666666668,0,5,6
2025-06-08,22.916666666666668,23.808333333333334,423.625,1.7916666666666667,27.608333333333334,80.5,3.470833333333333,232.58333333333334,3.3000000000000003,960.7375000000001,chiang_rai,22.916666666666668,18.045833333333334,9.6875,19.14761904761905,12.083333333333334,0,6,6
2025-06-09,12.083333333333334,12.291666666666666,389.375,0.125,26.941666666666666,84.0,3.9166666666666665,170.04166666666666,8.5,960.5083333333333,chiang_rai,12.083333333333334,22.916666666666668,11.237499999999999,21.037499999999998,16.566666666666666,0,0,6
2025-06-10,16.566666666666666,16.787499999999998,272.0833333333333,0.20833333333333334,25.754166666666666,88.875,2.8375,147.29166666666666,9.1,960.7666666666668,chiang_rai,16.566666666666666,12.083333333333334,12.391666666666666,21.158333333333335,13.791666666666666,0,1,6
2025-06-11,13.791666666666666,14.012500000000001,281.7916666666667,0.20833333333333334,25.087500000000002,87.83333333333333,5.2625,123.25,21.0,961.3416666666667,chiang_rai,13.791666666666666,16.566666666666666,27.266666666666666,21.754761904761903,15.379166666666668,0,2,6
2025-06-12,15.379166666666668,15.741666666666667,378.5,0.625,26.420833333333334,85.04166666666667,2.2958333333333334,179.75,2.0,960.4083333333333,chiang_rai,15.379166666666668,13.791666666666666,26.795833333333334,19.829761904761906,19.962500000000002,0,3,6
2025-06-13,19.962500000000002,20.345833333333335,364.0416666666667,0.8333333333333334,27.1875,82.58333333333333,3.1333333333333333,228.91666666666666,3.3,960.275,chiang_rai,19.962500000000002,15.379166666666668,28.608333333333334,18.198809523809523,13.512500000000001,0,4,6
2025-06-14,13.512500000000001,13.754166666666668,334.7083333333333,0.16666666666666666,26.1875,86.41666666666667,4.920833333333333,189.875,25.099999999999998,960.6541666666667,chiang_rai,13.512500000000001,19.962500000000002,18.045833333333334,16.963690476190475,10.579166666666667,0,5,6
2025-06-15,10.579166666666667,10.841666666666667,279.0,0.2916666666666667,26.145833333333332,85.75,5.395833333333333,189.45833333333334,6.2,960.9625,chiang_rai,10.579166666666667,13.512500000000001,22.916666666666668,16.31607142857143,8.666666666666666,0,6,6
2025-06-16,8.666666666666666,8.795833333333333,298.1666666666667,0.0,25.849999999999998,87.54166666666667,4.375,205.83333333333334,21.4,962.025,chiang_rai,8.666666666666666,10.579166666666667,12.083333333333334,14.55357142857143,11.674999999999999,0,0,6
2025-06-17,11.674999999999999,11.799999999999999,371.2083333333333,0.0,26.05,86.75,4.629166666666666,189.41666666666666,3.9000000000000004,962.8708333333334,chiang_rai,11.674999999999999,8.666666666666666,16.566666666666666,14.06547619047619,11.020833333333334,0,1,6
2025-06-18,11.020833333333334,11.25,294.375,0.20833333333333334,26.02916666666667,87.33333333333333,4.741666666666666,196.875,17.4,962.3375,chiang_rai,11.020833333333334,11.674999999999999,13.791666666666666,13.366666666666665,14.5625,0,2,6
2025-06-19,14.5625,18.2625,335.75,6.791666666666667,26.745833333333334,85.125,4.404166666666667,214.58333333333334,9.4,962.0,chiang_rai,14.5625,11.020833333333334,15.379166666666668,12.970833333333333,15.420833333333334,0,3,6
2025-06-20,15.420833333333334,19.216666666666665,353.4166666666667,7.291666666666667,27.150000000000002,82.08333333333333,3.9458333333333333,243.66666666666666,1.1,961.3874999999999,chiang_rai,15.420833333333334,14.5625,19.962500000000002,12.854166666666668,18.7625,0,4,6
2025-06-21,18.7625,22.162499999999998,384.5416666666667,6.416666666666667,26.304166666666664,87.45833333333333,3.1833333333333336,222.125,7.2,960.7624999999999,chiang_rai,18.7625,15.420833333333334,13.512500000000001,12.205357142857142,12.637500000000001,0,5,6
2025-06-22,12.637500000000001,14.291666666666666,287.4583333333333,3.1666666666666665,25.2625,90.04166666666667,4.1000000000000005,180.29166666666666,26.799999999999997,961.4333333333334,chiang_rai,12.637500000000001,18.7625,10.579166666666667,12.955357142857142,12.112499999999999,0,6,6
2025-06-23,12.112499999999999,12.700000000000001,260.5833333333333,1.2916666666666667,24.691666666666666,90.58333333333333,4.491666666666666,179.33333333333334,23.5,961.1458333333334,chiang_rai,12.112499999999999,12.637500000000001,8.666666666666666,13.24940476190476,13.370833333333332,0,0,6
2025-06-24,13.370833333333332,13.883333333333333,275.5,0.7916666666666666,25.566666666666666,86.875,4.3,160.25,6.0,961.2375000000001,chiang_rai,13.370833333333332,12.112499999999999,11.674999999999999,13.741666666666665,16.929166666666667,0,1,6
2025-06-25,16.929166666666667,19.054166666666667,322.3333333333333,3.9166666666666665,25.958333333333332,86.41666666666667,2.595833333333333,240.33333333333334,3.0,962.4250000000001,chiang_rai,16.929166666666667,13.370833333333332,11.020833333333334,13.983928571428569,13.416666666666666,0,2,6
2025-06-26,13.416666666666666,15.65,290.875,4.125,26.45,85.04166666666667,3.658333333333333,234.79166666666666,6.6,962.1166666666667,chiang_rai,13.416666666666666,16.929166666666667,14.5625,14.827976190476189,10.516666666666667,0,3,6
2025-06-27,10.516666666666667,11.1875,283.0,1.1666666666666667,24.96666666666667,92.08333333333333,4.325,186.79166666666666,21.3,960.8791666666666,chiang_rai,10.516666666666667,13.416666666666666,15.420833333333334,14.664285714285713,9.275,0,4,6
2025-06-28,9.275,10.141666666666667,321.5833333333333,1.5833333333333333,24.27916666666667,94.0,3.5749999999999997,191.625,22.0,959.9583333333334,chiang_rai,9.275,10.516666666666667,18.7625,13.963690476190475,12.595833333333333,0,5,6
2025-06-29,12.595833333333333,16.1375,350.25,6.458333333333333,24.9875,91.66666666666667,4.533333333333333,194.58333333333334,14.6,958.9125,chiang_rai,12.595833333333333,9.275,12.637500000000001,12.608333333333333,11.9625,0,6,6
2025-06-30,11.9625,12.970833333333333,339.2083333333333,2.0416666666666665,25.554166666666664,88.70833333333333,3.641666666666667,199.33333333333334,10.8,959.2458333333334,chiang_rai,11.9625,12.595833333333333,12.112499999999999,12.602380952380953,13.454166666666666,0,0,6
2025-07-01,13.454166666666666,16.445833333333333,390.5833333333333,5.916666666666667,25.520833333333332,87.70833333333333,3.7916666666666665,197.375,7.0,960.275,chiang_rai,13.454166666666666,11.9625,13.370833333333332,12.58095238095238,12.633333333333333,0,1,7
2025-07-02,12.633333333333333,15.279166666666667,309.5416666666667,5.0,25.21666666666667,89.20833333333333,3.358333333333333,165.25,14.1,961.4375,chiang_rai,12.633333333333333,13.454166666666666,16.929166666666667,12.592857142857143,11.545833333333334,0,2,7
2025-07-03,11.545833333333334,13.304166666666667,320.2916666666667,3.3333333333333335,24.34583333333333,95.29166666666667,2.6041666666666665,165.45833333333334,40.7,962.6958333333333,chiang_rai,11.545833333333334,12.633333333333333,13.416666666666666,11.979166666666666,16.662499999999998,0,3,7
2025-07-04,16.662499999999998,21.016666666666666,373.875,8.333333333333334,25.837500000000002,86.125,2.4499999999999997,230.29166666666666,5.3,962.3249999999999,chiang_rai,16.662499999999998,11.545833333333334,10.516666666666667,11.711904761904762,16.345833333333335,0,4,7
2025-07-05,16.345833333333335,19.5,430.2916666666667,5.958333333333333,25.150000000000002,92.83333333333333,1.8583333333333334,199.16666666666666,15.9,960.9833333333332,chiang_rai,16.345833333333335,16.662499999999998,9.275,12.589880952380952,15.025,0,5,7
2025-07-06,15.025,16.745833333333334,312.5416666666667,3.25,24.579166666666666,90.75,3.2125,169.58333333333334,38.8,960.7833333333333,chiang_rai,15.025,16.345833333333335,12.595833333333333,13.6,13.595833333333333,0,6,7
2025-07-07,13.595833333333333,14.9,324.4583333333333,2.5,24.96666666666667,90.45833333333333,3.545833333333333,163.45833333333334,16.0,960.9208333333332,chiang_rai,13.595833333333333,15.025,11.9625,13.94702380952381,14.658333333333333,0,0,7
2025-07-08,14.658333333333333,23.09583333333333,393.4583333333333,15.875,25.933333333333334,85.79166666666667,3.716666666666667,227.16666666666666,6.5,961.0375,chiang_rai,14.658333333333333,13.595833333333333,13.454166666666666,14.180357142857142,14.154166666666667,0,1,7
2025-07-09,14.154166666666667,20.458333333333332,414.5416666666667,12.375,26.179166666666664,85.04166666666667,3.6958333333333333,235.33333333333334,5.6000000000000005,961.1666666666666,chiang_rai,14.154166666666667,14.658333333333333,12.633333333333333,14.352380952380953,14.625,0,2,7
2025-07-10,14.625,21.829166666666666,342.125,14.166666666666666,26.287499999999998,82.66666666666667,4.458333333333333,263.2916666666667,1.7000000000000002,958.9250000000001,chiang_rai,14.625,14.154166666666667,11.545833333333334,14.569642857142858,13.258333333333333,0,3,7
2025-07-11,13.258333333333333,16.8,279.6666666666667,6.75,25.40833333333333,89.29166666666667,3.7541666666666664,229.70833333333334,23.0,957.1999999999999,chiang_rai,13.258333333333333,14.625,16.662499999999998,15.00952380952381,10.304166666666667,0,4,7
2025-07-12,10.304166666666667,10.470833333333333,331.8333333333333,0.125,25.224999999999998,89.66666666666667,3.9125,147.16666666666666,21.4,959.8458333333333,chiang_rai,10.304166666666667,13.258333333333333,16.345833333333335,14.523214285714287,13.775,0,5,7
2025-07-13,13.775,13.975,395.7083333333333,0.2916666666666667,25.704166666666666,88.29166666666667,3.358333333333333,179.625,20.6,961.7875,chiang_rai,13.775,10.304166666666667,15.025,13.660119047619048,15.737499999999999,0,6,7
2025-07-14,15.737499999999999,16.825,332.8333333333333,2.125,25.879166666666666,89.375,2.6125000000000003,177.125,11.4,961.5875,chiang_rai,15.737499999999999,13.775,13.595833333333333,13.48154761904762,11.0875,0,0,7
2025-07-15,11.0875,12.129166666666668,405.5,1.8333333333333333,25.90833333333333,89.5,3.908333333333333,229.95833333333334,18.5,960.1374999999999,chiang_rai,11.0875,15.737499999999999,14.658333333333333,13.7875,10.65,0,1,7
2025-07-16,10.65,11.637500000000001,403.5,1.875,25.5125,91.04166666666667,4.3,189.25,20.099999999999998,960.2041666666668,chiang_rai,10.65,11.0875,14.154166666666667,13.277380952380952,10.391666666666667,0,2,7
2025-07-17,10.391666666666667,10.9375,336.9583333333333,1.125,24.729166666666668,94.20833333333333,3.9958333333333336,189.79166666666666,21.5,961.1833333333334,chiang_rai,10.391666666666667,10.65,14.625,12.776785714285714,11.858333333333334,0,3,7
2025-07-18,11.858333333333334,12.258333333333333,298.0416666666667,0.7916666666666666,25.333333333333332,87.91666666666667,3.7583333333333333,195.45833333333334,7.2,960.4583333333334,chiang_rai,11.858333333333334,10.391666666666667,13.258333333333333,12.17202380952381,13.866666666666667,0,4,7
2025-07-19,13.866666666666667,14.549999999999999,341.875,1.25,26.616666666666664,85.25,3.8208333333333333,213.54166666666666,1.0,957.7166666666667,chiang_rai,13.866666666666667,11.858333333333334,10.304166666666667,11.97202380952381,10.304166666666667,0,5,7
2025-07-20,10.304166666666667,10.566666666666666,294.75,0.20833333333333334,26.087500000000002,85.91666666666667,3.8125,227.66666666666666,7.4,957.3625000000001,chiang_rai,10.304166666666667,13.866666666666667,13.775,12.48095238095238,10.720833333333333,0,6,7
2025-07-21,10.720833333333333,10.9375,341.125,0.20833333333333334,26.508333333333336,85.625,3.9625000000000004,217.16666666666666,0.6,957.0916666666667,chiang_rai,10.720833333333333,10.304166666666667,15.737499999999999,11.98511904761905,10.5,0,0,7
2025-07-22,10.5,10.645833333333334,344.5,0.0,24.604166666666668,95.33333333333333,2.9291666666666667,206.29166666666666,24.3,954.9208333333332,chiang_rai,10.5,10.720833333333333,11.0875,11.268452380952382,5.933333333333334,0,1,7
2025-07-23,5.933333333333334,5.954166666666667,283.2916666666667,0.0,24.525000000000002,94.91666666666667,7.383333333333333,200.625,38.6,952.6583333333333,chiang_rai,5.933333333333334,10.5,10.65,11.18452380952381,4.4125000000000005,0,2,7
2025-07-24,4.4125000000000005,4.529166666666667,215.95833333333334,0.0,24.3,93.08333333333333,7.454166666666667,185.20833333333334,20.400000000000002,957.3833333333333,chiang_rai,4.4125000000000005,5.933333333333334,10.391666666666667,10.510714285714288,6.695833333333333,0,3,7
2025-07-25,6.695833333333333,6.983333333333333,306.8333333333333,0.125,25.166666666666668,91.0,4.466666666666667,191.54166666666666,20.1,959.9541666666668,chiang_rai,6.695833333333333,4.4125000000000005,11.858333333333334,9.656547619047618,7.2124999999999995,0,4,7
2025-07-26,7.2124999999999995,7.5625,363.4583333333333,0.4166666666666667,25.275000000000002,93.5,3.5,195.75,25.9,959.9583333333334,chiang_rai,7.2124999999999995,6.695833333333333,13.866666666666667,8.91904761904762,9.341666666666667,0,5,7
2025-07-27,9.341666666666667,9.579166666666667,377.2083333333333,0.5,24.45,94.95833333333333,3.829166666666667,178.70833333333334,34.4,958.6583333333333,chiang_rai,9.341666666666667,7.2124999999999995,10.304166666666667,7.968452380952381,8.816666666666666,0,6,7
2025-07-28,8.816666666666666,8.941666666666666,328.5833333333333,0.20833333333333334,24.21666666666667,94.54166666666667,2.7708333333333335,190.54166666666666,46.5,957.8166666666666,chiang_rai,8.816666666666666,9.341666666666667,10.720833333333333,7.8309523809523816,10.766666666666666,0,0,7
2025-07-29,10.766666666666666,11.262500000000001,337.875,0.875,26.079166666666666,87.45833333333333,4.079166666666667,210.16666666666666,2.5,958.0749999999999,chiang_rai,10.766666666666666,8.816666666666666,10.5,7.558928571428571,10.820833333333333,0,1,7
2025-07-30,10.820833333333333,14.862499999999999,310.2916666666667,7.916666666666667,27.004166666666666,84.04166666666667,4.0375000000000005,206.91666666666666,1.7,958.8916666666668,chiang_rai,10.820833333333333,10.766666666666666,5.933333333333334,7.597023809523809,12.358333333333334,0,2,7
2025-07-31,12.358333333333334,20.287499999999998,339.2083333333333,15.166666666666666,27.15416666666667,80.54166666666667,5.304166666666666,238.33333333333334,2.4000000000000004,958.9458333333333,chiang_rai,12.358333333333334,10.820833333333333,4.4125000000000005,8.295238095238094,11.8125,0,3,7
2025-08-01,11.8125,20.625,358.0416666666667,17.875,26.916666666666668,82.29166666666667,3.625,237.5,7.4,958.7624999999999,chiang_rai,11.8125,12.358333333333334,6.695833333333333,9.430357142857144,12.054166666666667,0,4,8
2025-08-02,12.054166666666667,18.4375,412.125,12.5,27.15833333333333,83.45833333333333,3.3791666666666664,250.66666666666666,5.8,960.4208333333332,chiang_rai,12.054166666666667,11.8125,7.2124999999999995,10.161309523809523,15.445833333333333,0,5,8
2025-08-03,15.445833333333333,26.95,308.9583333333333,22.125,27.52916666666667,79.20833333333333,4.720833333333333,241.66666666666666,0.30000000000000004,961.7333333333332,chiang_rai,15.445833333333333,12.054166666666667,9.341666666666667,10.85297619047619,14.466666666666667,0,6,8
2025-08-04,14.466666666666667,22.3625,355.7916666666667,15.125,27.5,75.75,3.875,264.9166666666667,0.0,961.6750000000001,chiang_rai,14.466666666666667,15.445833333333333,8.816666666666666,11.725,10.383333333333333,0,0,8
2025-08-05,10.383333333333333,12.825000000000001,285.2083333333333,4.75,26.616666666666664,83.5,3.591666666666667,240.91666666666666,14.0,961.2541666666666,chiang_rai,10.383333333333333,14.466666666666667,10.766666666666666,12.532142857142857,10.433333333333334,0,1,8
2025-08-06,10.433333333333334,11.7125,381.9166666666667,2.5416666666666665,24.925,94.54166666666667,4.4875,205.45833333333334,27.6,960.875,chiang_rai,10.433333333333334,10.383333333333333,10.820833333333333,12.477380952380953,9.854166666666666,0,2,8
2025-08-07,9.854166666666666,10.5375,334.2083333333333,1.125,25.066666666666666,89.0,5.104166666666667,192.20833333333334,7.300000000000001,962.7791666666667,chiang_rai,9.854166666666666,10.433333333333334,12.358333333333334,12.42202380952381,10.866666666666667,0,3,8
2025-08-08,10.866666666666667,11.670833333333334,402.625,1.0416666666666667,25.254166666666666,89.29166666666667,3.0666666666666664,191.45833333333334,22.3,965.0291666666667,chiang_rai,10.866666666666667,9.854166666666666,11.8125,12.064285714285713,13.225,0,4,8
2025-08-09,13.225,15.170833333333334,332.9583333333333,3.4583333333333335,26.854166666666668,82.08333333333333,3.7375000000000003,246.79166666666666,0.7000000000000001,963.9499999999999,chiang_rai,13.225,10.866666666666667,12.054166666666667,11.929166666666665,10.0875,0,5,8
2025-08-10,10.0875,10.720833333333333,343.0,1.0,26.604166666666668,83.54166666666667,4.75,238.29166666666666,2.4,962.1416666666668,chiang_rai,10.0875,13.225,15.445833333333333,12.096428571428572,11.583333333333334,0,6,8
2025-08-11,11.583333333333334,11.987499999999999,333.75,1.0,26.22083333333333,89.0,3.1166666666666667,165.0,10.7,961.0875,chiang_rai,11.583333333333334,10.0875,14.466666666666667,11.33095238095238,10.329166666666667,0,0,8
2025-08-12,10.329166666666667,10.454166666666667,278.0833333333333,0.125,25.858333333333334,86.95833333333333,3.7083333333333335,175.75,5.0,961.6,chiang_rai,10.329166666666667,11.583333333333334,10.383333333333333,10.919047619047618,12.129166666666668,0,1,8
2025-08-13,12.129166666666668,12.416666666666666,420.5416666666667,0.20833333333333334,25.504166666666666,87.95833333333333,2.558333333333333,198.0,1.8,963.5833333333334,chiang_rai,12.129166666666668,10.329166666666667,10.433333333333334,10.911309523809523,8.245833333333334,0,2,8
2025-08-14,8.245833333333334,8.420833333333333,368.625,0.125,26.120833333333334,85.33333333333333,3.5708333333333333,247.08333333333334,4.1,962.1374999999999,chiang_rai,8.245833333333334,12.129166666666668,9.854166666666666,11.153571428571428,7.666666666666667,0,3,8
2025-08-15,7.666666666666667,7.695833333333333,298.0,0.0,25.662499999999998,87.04166666666667,3.1333333333333333,189.08333333333334,3.4,959.8916666666668,chiang_rai,7.666666666666667,8.245833333333334,10.866666666666667,10.923809523809524,7.395833333333333,0,4,8
2025-08-16,7.395833333333333,7.445833333333333,240.83333333333334,0.0,24.070833333333336,91.5,4.720833333333333,196.5,36.0,961.1666666666666,chiang_rai,7.395833333333333,7.666666666666667,13.225,10.466666666666667,11.262500000000001,0,5,8
2025-08-17,11.262500000000001,11.35,335.25,0.0,24.55,88.25,4.104166666666667,166.66666666666666,10.7,963.8833333333333,chiang_rai,11.262500000000001,7.395833333333333,10.0875,9.633928571428571,14.262500000000001,0,6,8
2025-08-18,14.262500000000001,14.387500000000001,373.0416666666667,0.0,26.15833333333333,82.41666666666667,3.4625,218.75,0.1,963.8708333333334,chiang_rai,14.262500000000001,11.262500000000001,11.583333333333334,9.801785714285714,11.779166666666667,0,0,8
2025-08-19,11.779166666666667,11.966666666666667,367.6666666666667,0.0,26.429166666666664,84.375,3.9333333333333336,202.04166666666666,1.3,962.8958333333334,chiang_rai,11.779166666666667,14.262500000000001,10.329166666666667,10.18452380952381,9.383333333333333,0,1,8
2025-08-20,9.383333333333333,9.891666666666667,319.8333333333333,0.75,26.28333333333333,86.54166666666667,3.7083333333333335,246.83333333333334,7.4,963.4583333333334,chiang_rai,9.383333333333333,11.779166666666667,12.129166666666668,10.391666666666667,8.429166666666667,0,2,8
2025-08-21,8.429166666666667,9.0375,392.3333333333333,0.9583333333333334,25.791666666666668,88.58333333333333,2.2416666666666667,154.875,5.1,964.0749999999999,chiang_rai,8.429166666666667,9.383333333333333,8.245833333333334,9.999404761904762,10.541666666666666,0,3,8
2025-08-22,10.541666666666666,11.25,325.375,1.125,25.53333333333333,88.25,2.891666666666667,181.16666666666666,7.0,963.5208333333334,chiang_rai,10.541666666666666,8.429166666666667,7.666666666666667,10.025595238095239,7.5874999999999995,0,4,8
2025-08-23,7.5874999999999995,7.825,302.5,0.2916666666666667,24.516666666666666,91.29166666666667,3.1833333333333336,128.70833333333334,10.5,963.5416666666666,chiang_rai,7.5874999999999995,10.541666666666666,7.395833333333333,10.436309523809525,11.887500000000001,0,5,8
2025-08-24,11.887500000000001,12.066666666666668,335.875,0.0,25.325,87.91666666666667,2.495833333333333,143.66666666666666,12.0,963.0416666666666,chiang_rai,11.887500000000001,7.5874999999999995,11.262500000000001,10.463690476190475,8.8375,0,6,8
2025-08-25,8.8375,8.929166666666667,375.3333333333333,0.0,25.891666666666666,84.29166666666667,4.558333333333334,211.16666666666666,6.0,960.9583333333334,chiang_rai,8.8375,11.887500000000001,14.262500000000001,10.55297619047619,8.833333333333334,0,0,8
2025-08-26,8.833333333333334,8.9375,287.0,0.0,24.599999999999998,88.625,5.329166666666667,223.29166666666666,16.2,959.8416666666667,chiang_rai,8.833333333333334,8.8375,11.779166666666667,9.77797619047619,10.908333333333333,0,1,8
2025-08-27,10.908333333333333,10.970833333333333,281.0416666666667,0.0,23.604166666666668,93.08333333333333,4.825,183.20833333333334,20.8,961.1791666666667,chiang_rai,10.908333333333333,8.833333333333334,9.383333333333333,9.357142857142858,5.158333333333333,0,2,8
2025-08-28,5.158333333333333,5.191666666666666,351.4166666666667,0.0,24.104166666666668,92.0,3.8333333333333335,200.54166666666666,25.400000000000002,962.8958333333334,chiang_rai,5.158333333333333,10.908333333333333,8.429166666666667,9.575000000000001,6.416666666666667,0,3,8
2025-08-29,6.416666666666667,6.4375,389.5416666666667,0.0,25.3875,86.95833333333333,3.1125000000000003,158.45833333333334,4.9,964.0625,chiang_rai,6.416666666666667,5.158333333333333,10.541666666666666,9.107738095238096,11.095833333333333,0,4,8
2025-08-30,11.095833333333333,11.170833333333334,347.3333333333333,0.0,25.366666666666664,87.29166666666667,5.295833333333333,259.2916666666667,9.2,962.9958333333334,chiang_rai,11.095833333333333,6.416666666666667,7.5874999999999995,8.51845238095238,8.979166666666666,0,5,8
2025-08-31,8.979166666666666,9.054166666666667,262.75,0.0,25.212500000000002,88.41666666666667,7.770833333333333,182.5,25.3,960.7208333333333,chiang_rai,8.979166666666666,11.095833333333333,11.887500000000001,9.019642857142857,10.829166666666666,0,6,8
2025-09-01,10.829166666666666,10.895833333333334,316.9166666666667,0.0,24.75,87.79166666666667,3.3166666666666664,163.54166666666666,3.7,962.0,chiang_rai,10.829166666666666,8.979166666666666,8.8375,8.604166666666666,7.445833333333333,0,0,9
2025-09-02,7.445833333333333,7.495833333333334,375.9583333333333,0.0,25.05,88.45833333333333,3.2249999999999996,180.54166666666666,6.5,962.6958333333333,chiang_rai,7.445833333333333,10.829166666666666,8.833333333333334,8.888690476190476,8.579166666666667,0,1,9
2025-09-03,8.579166666666667,8.637500000000001,424.3333333333333,0.0,25.849999999999998,88.125,2.6666666666666665,202.54166666666666,1.1,963.2041666666668,chiang_rai,8.579166666666667,7.445833333333333,10.908333333333333,8.690476190476192,5.2875000000000005,0,2,9
2025-09-04,5.2875000000000005,5.2875000000000005,435.875,0.0,27.170833333333334,82.20833333333333,3.433333333333333,212.16666666666666,0.6,962.6583333333333,chiang_rai,5.2875000000000005,8.579166666666667,5.158333333333333,8.357738095238094,6.808333333333334,0,3,9
2025-09-05,6.808333333333334,6.816666666666666,345.5833333333333,0.0,27.1875,83.75,3.6999999999999997,211.04166666666666,0.6000000000000001,962.9458333333333,chiang_rai,6.808333333333334,5.2875000000000005,6.416666666666667,8.376190476190477,9.695833333333333,0,4,9
2025-09-06,9.695833333333333,9.708333333333334,436.375,0.0,26.4875,85.58333333333333,3.5666666666666664,203.95833333333334,1.7000000000000002,963.5833333333334,chiang_rai,9.695833333333333,6.808333333333334,11.095833333333333,8.432142857142857,10.216666666666667,0,5,9
2025-09-07,10.216666666666667,10.254166666666666,403.0833333333333,0.0,25.729166666666668,87.91666666666667,2.5083333333333333,165.54166666666666,9.9,962.9,chiang_rai,10.216666666666667,9.695833333333333,8.979166666666666,8.232142857142858,8.6625,0,6,9
2025-09-08,8.6625,8.674999999999999,394.2916666666667,0.0,26.0,85.125,3.225,195.875,0.30000000000000004,962.5124999999999,chiang_rai,8.6625,10.216666666666667,10.829166666666666,8.408928571428572,6.6125,0,0,9
2025-09-09,6.6125,6.629166666666666,400.1666666666667,0.0,25.808333333333334,85.66666666666667,3.920833333333333,165.29166666666666,0.9,963.4583333333334,chiang_rai,6.6125,8.6625,7.445833333333333,8.099404761904761,4.783333333333333,0,1,9
2025-09-10,4.783333333333333,4.820833333333334,311.0416666666667,0.0,24.633333333333336,90.5,4.325,150.125,8.4,963.975,chiang_rai,4.783333333333333,6.6125,8.579166666666667,7.980357142857143,6.379166666666666,0,2,9
2025-09-11,6.379166666666666,6.4375,328.0,0.0,24.52916666666667,91.16666666666667,4.570833333333334,184.54166666666666,25.3,964.6166666666667,chiang_rai,6.379166666666666,4.783333333333333,5.2875000000000005,7.438095238095238,7.358333333333333,0,3,9
2025-09-12,7.358333333333333,7.595833333333334,322.75,0.3333333333333333,25.133333333333336,88.5,3.345833333333333,187.75,14.4,965.2083333333334,chiang_rai,7.358333333333333,6.379166666666666,6.808333333333334,7.594047619047619,6.604166666666667,0,4,9
2025-09-13,6.604166666666667,6.7250000000000005,301.75,0.0,24.358333333333334,92.95833333333333,2.9625,224.20833333333334,9.3,965.625,chiang_rai,6.604166666666667,7.358333333333333,9.695833333333333,7.672619047619048,9.654166666666667,0,5,9
2025-09-14,9.654166666666667,9.862499999999999,379.0,0.0,25.09166666666667,87.875,3.404166666666667,238.41666666666666,3.0,965.9083333333333,chiang_rai,9.654166666666667,6.604166666666667,10.216666666666667,7.230952380952381,7.620833333333334,0,6,9
2025-09-15,7.620833333333334,7.666666666666667,405.875,0.0,25.400000000000002,85.41666666666667,3.404166666666667,213.54166666666666,1.1,965.5333333333333,chiang_rai,7.620833333333334,9.654166666666667,8.6625,7.150595238095238,4.625,0,0,9
2025-09-16,4.625,4.6375,399.6666666666667,0.0,24.9375,87.91666666666667,3.1458333333333335,186.75,11.200000000000001,965.9083333333333,chiang_rai,4.625,7.620833333333334,6.6125,7.001785714285715,10.833333333333334,0,1,9
2025-09-17,10.833333333333334,10.854166666666666,374.1666666666667,0.0,25.866666666666664,83.95833333333333,2.7875,211.70833333333334,0.30000000000000004,964.1791666666667,chiang_rai,10.833333333333334,4.625,4.783333333333333,6.717857142857143,8.683333333333334,0,2,9
2025-09-18,8.683333333333334,8.708333333333334,418.875,0.0,26.1375,84.08333333333333,3.6625,191.33333333333334,4.6,963.5041666666666,chiang_rai,8.683333333333334,10.833333333333334,6.379166666666666,7.582142857142856,6.695833333333333,0,3,9
2025-09-19,6.695833333333333,6.754166666666666,351.375,0.0,25.570833333333336,85.70833333333333,4.258333333333334,132.58333333333334,25.0,963.8541666666666,chiang_rai,6.695833333333333,8.683333333333334,7.358333333333333,7.911309523809524,5.491666666666667,0,4,9
2025-09-20,5.491666666666667,5.529166666666666,297.25,0.0,25.09583333333333,89.0,2.983333333333334,167.20833333333334,6.8,963.2375000000001,chiang_rai,5.491666666666667,6.695833333333333,6.604166666666667,7.816666666666667,7.3500000000000005,0,5,9
2025-09-21,7.3500000000000005,7.391666666666667,404.6666666666667,0.0,24.754166666666666,90.33333333333333,2.279166666666667,221.08333333333334,5.3999999999999995,962.75,chiang_rai,7.3500000000000005,5.491666666666667,9.654166666666667,7.657738095238096,7.0125,0,6,9
2025-09-22,7.0125,7.079166666666667,280.2083333333333,0.0,24.829166666666666,91.70833333333333,2.4375,185.79166666666666,10.5,962.9083333333333,chiang_rai,7.0125,7.3500000000000005,7.620833333333334,7.328571428571429,5.3,0,0,9
2025-09-23,5.3,5.329166666666667,233.54166666666666,0.0,25.233333333333334,87.54166666666667,3.6041666666666665,126.875,16.4,961.8416666666667,chiang_rai,5.3,7.0125,4.625,7.241666666666667,5.554166666666667,0,1,9
2025-09-24,5.554166666666667,5.558333333333334,286.8333333333333,0.0,24.633333333333336,90.66666666666667,4.829166666666667,144.79166666666666,28.5,960.5833333333334,chiang_rai,5.554166666666667,5.3,10.833333333333334,7.338095238095238,5.55,0,2,9
2025-09-25,5.55,5.566666666666666,321.3333333333333,0.0,25.474999999999998,87.375,3.0500000000000003,152.33333333333334,7.699999999999999,960.5375,chiang_rai,5.55,5.554166666666667,8.683333333333334,6.583928571428572,6.295833333333333,0,3,9
2025-09-26,6.295833333333333,6.316666666666666,261.0416666666667,0.0,24.712500000000002,89.125,5.304166666666666,120.45833333333333,17.6,963.7583333333333,chiang_rai,6.295833333333333,5.55,6.695833333333333,6.1363095238095235,7.391666666666667,0,4,9
2025-09-27,7.391666666666667,7.416666666666667,403.9166666666667,0.0,24.129166666666666,91.45833333333333,4.483333333333333,236.70833333333334,45.5,966.4625,chiang_rai,7.391666666666667,6.295833333333333,5.491666666666667,6.079166666666667,11.445833333333333,0,5,9
2025-09-28,11.445833333333333,11.629166666666668,347.6666666666667,0.0,26.170833333333334,80.08333333333333,6.2375,204.58333333333334,0.0,963.5124999999999,chiang_rai,11.445833333333333,7.391666666666667,7.3500000000000005,6.350595238095238,5.8374999999999995,0,6,9
2025-09-29,5.8374999999999995,5.95,308.4583333333333,0.0,26.879166666666666,76.29166666666667,5.929166666666667,192.875,0.3,958.8625000000001,chiang_rai,5.8374999999999995,11.445833333333333,7.0125,6.935714285714285,5.620833333333334,0,0,9
2025-09-30,5.620833333333334,5.716666666666666,249.16666666666666,0.0,23.587500000000002,94.54166666666667,5.966666666666666,180.25,31.900000000000002,962.0,chiang_rai,5.620833333333334,5.8374999999999995,5.3,6.767857142857143,4.491666666666666,0,1,9
2025-10-01,4.491666666666666,4.566666666666666,271.25,0.0,23.325,93.54166666666667,4.529166666666667,180.58333333333334,23.5,966.0625,chiang_rai,4.491666666666666,5.620833333333334,5.554166666666667,6.813690476190476,6.8625,0,2,10
2025-10-02,6.8625,7.075,283.8333333333333,0.2916666666666667,25.27916666666667,87.625,2.7708333333333335,256.2916666666667,1.2000000000000002,967.3874999999999,chiang_rai,6.8625,4.491666666666666,5.55,6.66190476190476,7.9125000000000005,0,3,10
2025-10-03,7.9125000000000005,8.254166666666666,340.2083333333333,0.2916666666666667,26.150000000000002,84.45833333333333,3.845833333333333,252.58333333333334,0.1,966.4250000000001,chiang_rai,7.9125000000000005,6.8625,6.295833333333333,6.849404761904762,5.158333333333333,0,4,10
2025-10-04,5.158333333333333,5.333333333333333,333.1666666666667,0.0,25.474999999999998,89.375,3.545833333333333,221.79166666666666,3.1999999999999997,966.3625000000001,chiang_rai,5.158333333333333,7.9125000000000005,7.391666666666667,7.080357142857143,5.833333333333333,0,5,10
2025-10-05,5.833333333333333,5.958333333333333,310.1666666666667,0.0,25.895833333333332,85.5,3.5375,172.54166666666666,2.0,965.5333333333333,chiang_rai,5.833333333333333,5.158333333333333,11.445833333333333,6.7613095238095235,7.941666666666666,0,6,10
2025-10-06,7.941666666666666,8.004166666666666,318.2916666666667,0.0,26.162499999999998,84.95833333333333,4.591666666666667,260.7083333333333,1.5,963.5958333333333,chiang_rai,7.941666666666666,5.833333333333333,5.8374999999999995,5.95952380952381,11.333333333333334,0,0,10
2025-10-07,11.333333333333334,11.508333333333333,368.9583333333333,0.25,24.71666666666667,92.25,2.533333333333333,208.08333333333334,4.3,965.1916666666666,chiang_rai,11.333333333333334,7.941666666666666,5.620833333333334,6.260119047619048,6.466666666666666,0,1,10
2025-10-08,6.466666666666666,6.529166666666666,334.2083333333333,0.0,24.491666666666664,88.41666666666667,3.6291666666666664,192.16666666666666,7.300000000000001,967.275,chiang_rai,6.466666666666666,11.333333333333334,4.491666666666666,7.076190476190476,6.504166666666666,0,2,10
2025-10-09,6.504166666666666,6.541666666666667,386.375,0.0,25.195833333333336,85.41666666666667,3.1041666666666665,182.0,2.7,967.0958333333333,chiang_rai,6.504166666666666,6.466666666666666,6.8625,7.358333333333334,6.816666666666666,0,3,10
2025-10-10,6.816666666666666,6.908333333333334,384.9583333333333,0.0,25.724999999999998,82.375,2.9125,185.16666666666666,0.5,966.4208333333332,chiang_rai,6.816666666666666,6.504166666666666,7.9125000000000005,7.307142857142857,10.825000000000001,0,4,10
2025-10-11,10.825000000000001,10.970833333333333,406.9166666666667,0.0,26.025000000000002,78.875,2.970833333333333,193.58333333333334,0.2,965.6458333333334,chiang_rai,10.825000000000001,6.816666666666666,5.158333333333333,7.150595238095238,10.049999999999999,0,5,10
2025-10-12,10.049999999999999,10.104166666666666,392.4166666666667,0.0,26.108333333333334,78.58333333333333,2.5125,229.16666666666666,0.0,965.2125,chiang_rai,10.049999999999999,10.825000000000001,5.833333333333333,7.960119047619047,10.141666666666667,0,6,10
2025-10-13,10.141666666666667,10.208333333333334,433.625,0.0,25.758333333333336,82.45833333333333,1.9708333333333332,259.5833333333333,4.2,965.6374999999999,chiang_rai,10.141666666666667,10.049999999999999,7.941666666666666,8.5625,9.383333333333333,0,0,10
2025-10-14,9.383333333333333,9.441666666666666,417.0416666666667,0.0,24.941666666666666,86.79166666666667,2.4,182.25,2.8,965.5166666666668,chiang_rai,9.383333333333333,10.141666666666667,11.333333333333334,8.876785714285715,5.5249999999999995,0,1,10
2025-10-15,5.5249999999999995,5.554166666666667,286.0,0.0,23.8,91.20833333333333,3.8041666666666667,159.375,38.3,965.8166666666666,chiang_rai,5.5249999999999995,9.383333333333333,6.466666666666666,8.598214285714286,7.620833333333334,0,2,10
2025-10-16,7.620833333333334,7.654166666666666,321.6666666666667,0.0,24.075,90.33333333333333,3.3833333333333333,175.16666666666666,15.1,967.2666666666668,chiang_rai,7.620833333333334,5.5249999999999995,6.504166666666666,8.463690476190475,9.625,0,3,10
2025-10-17,9.625,9.737499999999999,341.4166666666667,0.0,24.791666666666668,87.66666666666667,3.795833333333333,227.83333333333334,2.0,967.9125,chiang_rai,9.625,7.620833333333334,6.816666666666666,8.623214285714287,12.216666666666667,0,4,10
2025-10-18,12.216666666666667,12.329166666666666,342.9583333333333,0.0,25.45,82.29166666666667,3.725,213.91666666666666,0.7,967.0541666666667,chiang_rai,12.216666666666667,9.625,10.825000000000001,9.024404761904762,10.762500000000001,0,5,10
2025-10-19,10.762500000000001,10.845833333333333,310.0416666666667,0.0,25.675,78.0,4.541666666666667,171.04166666666666,0.0,966.3666666666667,chiang_rai,10.762500000000001,12.216666666666667,10.049999999999999,9.223214285714286,11.141666666666666,0,6,10
2025-10-20,11.141666666666666,11.170833333333334,365.375,0.0,25.320833333333336,77.0,4.129166666666666,225.04166666666666,0.0,966.6333333333333,chiang_rai,11.141666666666666,10.762500000000001,10.141666666666667,9.325000000000001,15.1875,0,0,10
2025-10-21,15.1875,15.216666666666667,401.9166666666667,0.0,24.995833333333334,76.16666666666667,6.208333333333333,218.16666666666666,0.2,967.4166666666666,chiang_rai,15.1875,11.141666666666666,9.383333333333333,9.467857142857143,11.970833333333333,0,1,10
2025-10-22,11.970833333333333,11.975,413.875,0.0,24.150000000000002,72.41666666666667,8.204166666666667,191.625,0.0,968.7208333333333,chiang_rai,11.970833333333333,15.1875,5.5249999999999995,10.29702380952381,10.637500000000001,0,2,10
2025-10-23,10.637500000000001,10.6625,352.2916666666667,0.0,23.695833333333336,72.33333333333333,7.791666666666667,196.75,0.0,969.1708333333332,chiang_rai,10.637500000000001,11.970833333333333,7.620833333333334,11.217857142857142,9.200000000000001,0,3,10
2025-10-24,9.200000000000001,9.237499999999999,370.7916666666667,0.0,23.9875,72.875,7.3374999999999995,202.41666666666666,0.0,968.9375,chiang_rai,9.200000000000001,10.637500000000001,9.625,11.648809523809524,6.170833333333333,0,4,10
2025-10-25,6.170833333333333,6.1875,382.4583333333333,0.0,23.641666666666666,77.79166666666667,4.875,222.91666666666666,0.2,968.4875000000001,chiang_rai,6.170833333333333,9.200000000000001,12.216666666666667,11.588095238095239,8.008333333333333,0,5,10
2025-10-26,8.008333333333333,8.029166666666667,373.7916666666667,0.0,23.854166666666668,77.58333333333333,5.845833333333334,219.79166666666666,0.0,968.7041666666668,chiang_rai,8.008333333333333,6.170833333333333,10.762500000000001,10.724404761904763,11.558333333333332,0,6,10
2025-10-27,11.558333333333332,11.5875,345.375,0.0,23.054166666666664,76.66666666666667,6.4875,219.625,0.0,969.1791666666667,chiang_rai,11.558333333333332,8.008333333333333,11.141666666666666,10.33095238095238,9.9125,0,0,10
2025-10-28,9.9125,9.9375,335.25,0.0,23.733333333333334,74.625,6.391666666666667,217.66666666666666,0.0,968.8041666666667,chiang_rai,9.9125,11.558333333333332,15.1875,10.39047619047619,9.795833333333333,0,1,10
2025-10-29,9.795833333333333,9.825000000000001,377.125,0.0,23.958333333333332,77.45833333333333,4.679166666666666,217.625,0.0,967.9375,chiang_rai,9.795833333333333,9.9125,11.970833333333333,9.636904761904761,9.950000000000001,0,2,10
2025-10-30,9.950000000000001,9.987499999999999,361.2916666666667,0.0,24.733333333333334,76.70833333333333,5.579166666666667,221.54166666666666,0.0,967.6458333333334,chiang_rai,9.950000000000001,9.795833333333333,10.637500000000001,9.326190476190476,7.658333333333334,0,3,10
2025-10-31,7.658333333333334,7.675,376.5416666666667,0.0,25.287499999999998,78.08333333333333,6.0,182.54166666666666,9.5,967.8916666666668,chiang_rai,7.658333333333334,9.950000000000001,9.200000000000001,9.22797619047619,5.4375,0,4,10
2025-11-01,5.4375,5.470833333333334,301.7083333333333,0.0,23.8625,90.16666666666667,4.4125000000000005,213.625,53.1,968.0291666666667,chiang_rai,5.4375,7.658333333333334,6.170833333333333,9.007738095238095,5.825,0,5,11
2025-11-02,5.825,5.9125000000000005,362.5833333333333,0.0,24.212500000000002,87.41666666666667,4.4750000000000005,204.41666666666666,9.2,967.1750000000001,chiang_rai,5.825,5.4375,8.008333333333333,8.90297619047619,10.854166666666666,0,6,11
2025-11-03,10.854166666666666,10.983333333333334,409.0,0.0,23.258333333333336,92.16666666666667,3.766666666666667,172.91666666666666,23.3,966.6958333333333,chiang_rai,10.854166666666666,5.825,11.558333333333332,8.591071428571428,8.570833333333333,0,0,11
2025-11-04,8.570833333333333,8.6,473.625,0.0,23.541666666666668,85.33333333333333,5.308333333333334,218.0,15.9,967.1875,chiang_rai,8.570833333333333,10.854166666666666,9.9125,8.49047619047619,12.7125,0,1,11
2025-11-05,12.7125,12.758333333333333,523.625,0.0,23.925,79.5,3.5083333333333333,201.83333333333334,0.2,966.2083333333334,chiang_rai,12.7125,8.570833333333333,9.795833333333333,8.298809523809522,16.491666666666667,0,2,11
2025-11-06,16.491666666666667,16.554166666666667,445.8333333333333,0.0,24.8125,80.91666666666667,2.558333333333333,222.20833333333334,1.6,965.5708333333333,chiang_rai,16.491666666666667,12.7125,9.950000000000001,8.715476190476192,18.683333333333334,0,3,11
2025-11-07,18.683333333333334,18.724999999999998,397.2916666666667,0.0,24.875,82.0,5.075,202.29166666666666,0.0,964.4958333333334,chiang_rai,18.683333333333334,16.491666666666667,7.658333333333334,9.65,7.945833333333333,0,4,11
2025-11-08,7.945833333333333,7.995833333333334,297.5416666666667,0.0,24.72083333333333,84.45833333333333,6.195833333333333,177.83333333333334,31.0,965.4250000000001,chiang_rai,7.945833333333333,18.683333333333334,5.4375,11.225,5.675,0,5,11
2025-11-09,5.675,5.683333333333334,402.2083333333333,0.0,23.329166666666666,90.91666666666667,2.9250000000000003,187.83333333333334,21.8,965.8583333333332,chiang_rai,5.675,7.945833333333333,5.825,11.583333333333334,5.941666666666666,0,6,11
2025-11-10,5.941666666666666,5.958333333333333,431.4583333333333,0.0,23.795833333333334,89.70833333333333,3.341666666666667,200.375,13.2,965.5583333333334,chiang_rai,5.941666666666666,5.675,10.854166666666666,11.561904761904762,10.254166666666666,0,0,11
2025-11-11,10.254166666666666,10.275,473.5416666666667,0.0,24.379166666666666,87.29166666666667,2.0625,223.20833333333334,1.2,965.275,chiang_rai,10.254166666666666,5.941666666666666,8.570833333333333,10.860119047619047,16.554166666666667,0,1,11
2025-11-12,16.554166666666667,16.579166666666666,459.3333333333333,0.0,24.46666666666667,79.83333333333333,3.0625,206.83333333333334,0.0,966.6875,chiang_rai,16.554166666666667,10.254166666666666,12.7125,11.100595238095238,12.429166666666667,0,2,11
2025-11-13,12.429166666666667,12.450000000000001,496.2916666666667,0.0,24.2625,81.41666666666667,3.0416666666666665,198.125,0.30000000000000004,968.625,chiang_rai,12.429166666666667,16.554166666666667,16.491666666666667,11.649404761904762,8.554166666666667,0,3,11
2025-11-14,8.554166666666667,8.566666666666666,586.5416666666666,0.0,23.724999999999998,85.79166666666667,3.4166666666666665,151.95833333333334,3.7,968.9666666666667,chiang_rai,8.554166666666667,12.429166666666667,18.683333333333334,11.06904761904762,11.841666666666667,0,4,11
2025-11-15,11.841666666666667,11.841666666666667,454.6666666666667,0.0,23.4875,83.95833333333333,4.795833333333333,162.25,1.9,970.6458333333334,chiang_rai,11.841666666666667,8.554166666666667,7.945833333333333,9.62202380952381,7.229166666666667,0,5,11
2025-11-16,7.229166666666667,7.295833333333333,382.2083333333333,0.0,22.52916666666667,74.54166666666667,6.604166666666667,213.5,0.0,972.0749999999999,chiang_rai,7.229166666666667,11.841666666666667,5.675,10.178571428571429,9.266666666666667,0,6,11
2025-11-17,9.266666666666667,9.445833333333333,335.6666666666667,0.0,22.912499999999998,76.625,6.441666666666666,216.25,17.6,971.7333333333332,chiang_rai,9.266666666666667,7.229166666666667,5.941666666666666,10.400595238095239,10.691666666666668,0,0,11
2025-11-18,10.691666666666668,10.775,340.3333333333333,0.0,21.0125,92.41666666666667,5.8999999999999995,257.4166666666667,21.9,971.8166666666666,chiang_rai,10.691666666666668,9.266666666666667,10.254166666666666,10.87559523809524,3.9416666666666664,0,1,11
2025-11-19,3.9416666666666664,3.954166666666667,336.4166666666667,0.0,19.095833333333335,78.79166666666667,12.266666666666666,88.41666666666667,1.2000000000000002,973.8541666666666,chiang_rai,3.9416666666666664,10.691666666666668,16.554166666666667,10.938095238095238,5.379166666666666,0,2,11
2025-11-20,5.379166666666666,5.408333333333334,432.3333333333333,0.0,19.3875,73.58333333333333,7.479166666666667,144.54166666666666,0.0,973.7833333333333,chiang_rai,5.379166666666666,3.9416666666666664,12.429166666666667,9.136309523809524,7.704166666666667,0,3,11
2025-11-21,7.704166666666667,7.75,448.8333333333333,0.0,19.875,71.375,7.433333333333334,150.83333333333334,0.0,974.0083333333333,chiang_rai,7.704166666666667,5.379166666666666,8.554166666666667,8.129166666666668,6.795833333333333,0,4,11
2025-11-22,6.795833333333333,6.854166666666667,394.375,0.0,19.212500000000002,75.875,5.6499999999999995,212.29166666666666,0.0,972.0,chiang_rai,6.795833333333333,7.704166666666667,11.841666666666667,8.007738095238096,7.341666666666666,0,5,11
2025-11-23,7.341666666666666,7.3625,403.125,0.0,19.716666666666665,78.0,3.845833333333333,215.5,0.0,971.2416666666667,chiang_rai,7.341666666666666,6.795833333333333,7.229166666666667,7.286904761904763,6.9750000000000005,0,6,11
2025-11-24,6.9750000000000005,7.033333333333334,350.3333333333333,0.0,19.841666666666665,76.29166666666667,5.616666666666667,220.70833333333334,0.0,971.1125000000001,chiang_rai,6.9750000000000005,7.341666666666666,9.266666666666667,7.30297619047619,8.808333333333334,0,0,11
2025-11-25,8.808333333333334,8.895833333333334,399.75,0.0,19.679166666666667,69.375,8.2125,186.66666666666666,0.0,971.7833333333333,chiang_rai,8.808333333333334,6.9750000000000005,10.691666666666668,6.975595238095238,12.725,0,1,11
2025-11-26,12.725,13.041666666666666,387.4583333333333,0.625,18.008333333333333,73.70833333333333,5.791666666666667,225.83333333333334,0.0,971.2375000000001,chiang_rai,12.725,8.808333333333334,3.9416666666666664,6.706547619047619,11.4125,0,2,11
2025-11-27,11.4125,11.716666666666667,318.7083333333333,0.5833333333333334,18.125,66.16666666666667,9.525,145.70833333333334,0.0,973.4,chiang_rai,11.4125,12.725,5.379166666666666,7.961309523809525,7.0,0,3,11
2025-11-28,7.0,7.1375,338.0416666666667,0.2916666666666667,16.408333333333335,64.16666666666667,6.5125,239.83333333333334,0.0,971.2875,chiang_rai,7.0,11.4125,7.704166666666667,8.823214285714284,6.795833333333333,0,4,11
2025-11-29,6.795833333333333,6.916666666666667,370.7083333333333,0.0,16.054166666666667,66.70833333333333,3.220833333333333,209.45833333333334,0.0,968.7291666666666,chiang_rai,6.795833333333333,7.0,6.795833333333333,8.722619047619046,11.279166666666667,0,5,11
2025-11-30,11.279166666666667,11.404166666666667,406.4583333333333,0.0,16.408333333333335,74.58333333333333,2.9916666666666667,217.75,0.0,968.1125000000001,chiang_rai,11.279166666666667,6.795833333333333,7.341666666666666,8.722619047619046,14.291666666666666,0,6,11
2025-12-01,14.291666666666666,14.320833333333333,456.7916666666667,0.0,17.729166666666668,79.625,2.6083333333333334,217.16666666666666,0.0,968.0708333333333,chiang_rai,14.291666666666666,11.279166666666667,6.9750000000000005,9.285119047619048,14.545833333333334,0,0,12
2025-12-02,14.545833333333334,14.566666666666668,491.9583333333333,0.0,18.629166666666666,82.20833333333333,2.9791666666666665,237.08333333333334,0.0,967.5749999999999,chiang_rai,14.545833333333334,14.291666666666666,8.808333333333334,10.330357142857142,14.479166666666666,0,1,12
2025-12-03,14.479166666666666,14.529166666666667,450.9583333333333,0.0,19.641666666666666,80.33333333333333,4.166666666666667,218.375,0.0,969.7125,chiang_rai,14.479166666666666,14.545833333333334,12.725,11.15,10.075000000000001,0,2,12
2025-12-04,10.075000000000001,10.116666666666667,412.9583333333333,0.0,20.416666666666668,74.95833333333333,2.4833333333333334,254.04166666666666,0.0,970.525,chiang_rai,10.075000000000001,14.479166666666666,11.4125,11.400595238095239,13.470833333333333,0,3,12
2025-12-05,13.470833333333333,13.479166666666666,448.9583333333333,0.0,21.004166666666666,79.08333333333333,2.4541666666666666,229.20833333333334,0.0,971.0583333333334,chiang_rai,13.470833333333333,10.075000000000001,7.0,11.20952380952381,17.070833333333333,0,4,12
2025-12-06,17.070833333333333,17.129166666666666,446.5833333333333,0.0,22.183333333333334,79.75,2.8249999999999997,238.79166666666666,0.0,970.1374999999999,chiang_rai,17.070833333333333,13.470833333333333,6.795833333333333,12.133928571428571,20.158333333333335,0,5,12
2025-12-07,20.158333333333335,20.245833333333334,503.125,0.0,22.075,83.875,2.7624999999999997,227.95833333333334,0.4,969.5625,chiang_rai,20.158333333333335,17.070833333333333,11.279166666666667,13.601785714285713,15.416666666666666,0,6,12
2025-12-08,15.416666666666666,15.645833333333334,412.2916666666667,0.375,21.829166666666666,79.08333333333333,3.420833333333334,211.91666666666666,0.7,970.6541666666667,chiang_rai,15.416666666666666,20.158333333333335,14.291666666666666,14.870238095238095,16.162499999999998,0,0,12
2025-12-09,16.162499999999998,16.516666666666666,496.375,0.5833333333333334,20.733333333333334,74.79166666666667,3.5625,195.95833333333334,0.0,970.5041666666666,chiang_rai,16.162499999999998,15.416666666666666,14.545833333333334,15.030952380952382,12.3125,0,1,12
2025-12-10,12.3125,12.566666666666668,467.375,0.375,19.716666666666665,74.5,2.7583333333333333,226.20833333333334,0.0,970.6750000000001,chiang_rai,12.3125,16.162499999999998,14.479166666666666,15.261904761904763,15.625,0,2,12
2025-12-11,15.625,15.854166666666666,513.4166666666666,0.25,19.783333333333335,73.54166666666667,3.654166666666667,183.45833333333334,0.1,970.1875,chiang_rai,15.625,12.3125,10.075000000000001,14.95238095238095,16.545833333333334,0,3,12
2025-12-12,16.545833333333334,16.854166666666668,445.875,0.0,20.566666666666666,80.08333333333333,2.3541666666666665,181.5,0.8,969.7791666666667,chiang_rai,16.545833333333334,15.625,13.470833333333333,15.745238095238095,15.762500000000001,0,4,12
2025-12-13,15.762500000000001,15.958333333333334,383.25,0.0,20.841666666666665,82.04166666666667,5.166666666666667,211.83333333333334,0.0,970.1291666666666,chiang_rai,15.762500000000001,16.545833333333334,17.070833333333333,16.184523809523807,9.079166666666667,0,5,12
2025-12-14,9.079166666666667,9.112499999999999,536.625,0.0,21.5625,78.54166666666667,5.3500000000000005,205.04166666666666,0.0,970.8625000000001,chiang_rai,9.079166666666667,15.762500000000001,20.158333333333335,15.997619047619049,13.954166666666666,0,6,12
2025-12-15,13.954166666666666,13.9625,546.3333333333334,0.0,21.108333333333334,81.66666666666667,2.6999999999999997,226.5,0.1,970.2291666666666,chiang_rai,13.954166666666666,9.079166666666667,15.416666666666666,14.414880952380953,15.825000000000001,0,0,12
2025-12-16,15.825000000000001,15.879166666666668,457.25,0.0,21.212500000000002,79.25,2.6,245.95833333333334,0.30000000000000004,969.25,chiang_rai,15.825000000000001,13.954166666666666,16.162499999999998,14.20595238095238,13.637500000000001,0,1,12
2025-12-17,13.637500000000001,13.754166666666668,421.9583333333333,0.041666666666666664,20.641666666666666,81.875,5.395833333333333,173.70833333333334,0.7,970.3666666666667,chiang_rai,13.637500000000001,15.825000000000001,12.3125,14.157738095238097,11.358333333333334,0,2,12
2025-12-18,11.358333333333334,12.304166666666667,420.375,1.7916666666666667,19.8875,83.29166666666667,4.745833333333334,159.33333333333334,2.4,970.7541666666666,chiang_rai,11.358333333333334,13.637500000000001,15.625,14.347023809523808,13.795833333333334,0,3,12
2025-12-19,13.795833333333334,14.341666666666667,422.375,0.7916666666666666,20.091666666666665,81.33333333333333,2.3958333333333335,238.58333333333334,0.1,968.6,chiang_rai,13.795833333333334,11.358333333333334,16.545833333333334,13.7375,18.150000000000002,0,4,12
2025-12-20,18.150000000000002,18.724999999999998,453.2916666666667,1.125,20.120833333333334,77.04166666666667,2.783333333333333,233.91666666666666,0.0,967.9208333333332,chiang_rai,18.150000000000002,13.795833333333334,15.762500000000001,13.344642857142858,11.033333333333333,0,5,12
2025-12-21,11.033333333333333,11.258333333333333,337.7083333333333,0.3333333333333333,19.7,73.29166666666667,5.041666666666667,233.70833333333334,0.0,969.8708333333334,chiang_rai,11.033333333333333,18.150000000000002,9.079166666666667,13.685714285714287,10.641666666666667,0,6,12
2025-12-22,10.641666666666667,10.904166666666667,366.0833333333333,0.2916666666666667,19.908333333333335,69.5,2.5,227.29166666666666,0.0,968.775,chiang_rai,10.641666666666667,11.033333333333333,13.954166666666666,13.964880952380952,11.049999999999999,0,0,12
2025-12-23,11.049999999999999,11.254166666666668,390.0416666666667,0.20833333333333334,20.216666666666665,77.45833333333333,2.725,221.58333333333334,0.0,967.1166666666667,chiang_rai,11.049999999999999,10.641666666666667,15.825000000000001,13.491666666666669,16.404166666666665,0,1,12
2025-12-24,16.404166666666665,16.724999999999998,405.5833333333333,0.3333333333333333,21.266666666666666,78.45833333333333,2.7458333333333336,223.29166666666666,0.1,966.8333333333334,chiang_rai,16.404166666666665,11.049999999999999,13.637500000000001,12.80952380952381,19.283333333333335,0,2,12
2025-12-25,19.283333333333335,19.95,391.875,1.5,21.220833333333335,73.95833333333333,3.5416666666666665,234.08333333333334,0.0,968.2125,chiang_rai,19.283333333333335,16.404166666666665,11.358333333333334,13.204761904761906,15.720833333333333,0,3,12
2025-12-26,15.720833333333333,16.291666666666668,443.9166666666667,1.1666666666666667,20.958333333333332,71.375,2.7624999999999997,225.08333333333334,0.0,968.3291666666668,chiang_rai,15.720833333333333,19.283333333333335,13.795833333333334,14.336904761904762,11.625,0,4,12
2025-12-27,11.625,11.866666666666667,476.4166666666667,0.125,20.5125,75.0,2.2291666666666665,211.5,0.0,968.7916666666666,chiang_rai,11.625,15.720833333333333,18.150000000000002,14.611904761904762,14.862499999999999,0,5,12
2025-12-28,14.862499999999999,14.958333333333334,438.125,0.0,20.516666666666666,72.83333333333333,2.5124999999999997,199.33333333333334,0.0,969.25,chiang_rai,14.862499999999999,11.625,11.033333333333333,13.679761904761904,14.533333333333333,0,6,12
2025-12-29,14.533333333333333,14.591666666666667,425.75,0.0,20.349999999999998,73.33333333333333,2.1083333333333334,238.91666666666666,0.0,967.9499999999999,chiang_rai,14.533333333333333,14.862499999999999,10.641666666666667,14.226785714285715,15.7125,0,0,12
2025-12-30,15.7125,15.758333333333333,428.8333333333333,0.0,19.825,74.54166666666667,3.4166666666666665,232.91666666666666,0.0,966.8208333333333,chiang_rai,15.7125,14.533333333333333,11.049999999999999,14.782738095238097,24.854166666666668,0,1,12
2025-12-31,24.854166666666668,24.941666666666666,437.7083333333333,0.0,19.829166666666666,77.125,2.4375,228.75,0.0,965.2125,chiang_rai,24.854166666666668,15.7125,16.404166666666665,15.448809523809524,,0,2,12
